label,session,x0,y0,x1,y1,x2,y2,x3,y3,x4,y4,x5,y5,x6,y6,x7,y7,x8,y8,x9,y9,x10,y10,x11,y11,x12,y12,x13,y13,x14,y14,x15,y15,x16,y16,x17,y17,x18,y18,x19,y19,x20,y20
OPEN PALM,261009-133914-OPEN_PALM-1,443.326,422.882,378.308,406.373,317.953,378.602,267.535,369.493,223.988,367.85,359.07,270.833,333.357,207.358,316.885,167.774,302.567,132.879,397.724,261.127,384.249,185.975,373.945,137.819,363.603,97.493,436.082,267.338,432.767,195.41,427.249,150.204,418.752,109.103,474.155,285.901,492.55,233.039,502.279,195.098,507.774,158.23
OPEN PALM,261009-133914-OPEN_PALM-1,443.832,421.911,378.949,405.427,318.158,378.561,268.151,369.558,225.337,367.453,358.212,270.043,332.662,206.75,316.206,167.295,301.987,132.685,397.025,260.755,383.136,185.692,373.067,138.026,363.026,98.122,435.419,267.306,431.796,195.23,426.367,149.575,418.079,108.097,473.57,286.167,492.01,232.909,501.654,194.667,506.856,157.434
OPEN PALM,261009-133914-OPEN_PALM-1,444.215,423.285,378.555,406.961,316.735,378.748,265.168,370.409,221.63,370.436,357.104,271.302,331.37,208.13,314.905,168.824,300.544,134.379,395.519,261.542,381.518,186.917,371.555,139.176,361.639,99.186,433.959,267.682,429.828,195.653,424.342,150.785,415.98,109.661,472.469,286.101,490.365,233.561,499.752,195.637,504.856,158.534
OPEN PALM,261009-133914-OPEN_PALM-1,442.028,422.536,377.264,406.005,315.868,378.309,265.379,369.815,222.682,369.54,356.384,270.919,330.087,207.21,313.43,167.808,298.995,133.475,394.88,261.38,380.782,186.433,370.6,138.945,360.596,99.377,433.29,267.642,429.691,195.857,424.306,150.672,416.032,109.621,471.784,286.124,489.966,233.158,499.387,195.217,504.432,158.351
OPEN PALM,261009-133914-OPEN_PALM-1,443.457,422.89,377.724,406.385,316.072,378.159,264.903,369.861,221.706,369.729,357.14,271.124,331.354,207.571,314.696,168.157,299.952,133.649,395.683,261.235,381.924,186.072,371.452,137.82,361.071,97.622,433.933,267.238,430.404,195.318,424.492,150.008,415.965,108.913,471.864,285.617,490.28,233.414,499.85,195.36,505.327,158.383
OPEN PALM,261009-133914-OPEN_PALM-1,441.27,422.05,376.17,405.765,315.053,377.863,264.755,369.051,222.379,368.045,356.209,270.563,330.518,207.011,313.901,167.826,299.152,133.644,394.987,260.933,381.291,185.767,371.07,138.064,360.887,98.378,433.366,267.143,430.263,195.037,424.983,149.616,416.851,108.515,471.535,285.553,490.015,232.815,499.522,194.721,504.691,157.745
OPEN PALM,261009-133914-OPEN_PALM-1,441.435,421.495,376.312,405.136,316.272,378.054,266.501,368.377,224.42,365.553,357.104,270.989,330.852,207.317,314.083,167.784,299.833,132.994,395.925,261.323,382.061,186.276,371.912,138.444,362.013,97.966,434.067,267.369,430.876,195.296,425.791,149.311,417.924,107.549,471.995,285.47,490.275,232.491,500.04,194.248,505.411,157.078
OPEN PALM,261009-133914-OPEN_PALM-1,440.534,422.1,376.366,403.962,316.972,375.552,267.621,364.481,226.006,360.385,359.283,270.708,334.659,206.929,318.396,166.837,304.338,131.557,397.882,261.693,385.546,185.647,375.491,136.43,365.484,94.815,436.078,268.703,434.437,197.227,429.513,151.165,421.809,109.818,473.801,287.83,493.216,234.97,503.55,196.719,509.865,159.99
OPEN PALM,261009-133914-OPEN_PALM-1,443.604,422.025,378.566,404.105,319.14,375.802,270.135,363.686,228.438,357.491,361.343,269.759,337.529,205.646,322.095,165.133,308.538,129.638,400.475,261.171,389.589,185.163,379.811,136.255,369.527,94.754,438.533,268.721,438.12,197.288,433.421,150.954,425.669,109.044,475.903,288.683,496.214,236.344,506.74,198.232,513.002,161.382
OPEN PALM,261009-133914-OPEN_PALM-1,441.25,421.292,376.323,402.068,317.782,371.58,269.786,356.376,229.403,347.72,361.426,268.316,338.805,204.378,323.785,163.794,310.598,128.459,400.339,260.673,390.161,184.921,379.972,136.413,369.224,95.13,438.086,268.868,437.988,197.517,432.907,151.2,425.017,109.526,475.131,289.269,495.317,237.083,505.703,198.954,512.078,162.362
OPEN PALM,261009-133914-OPEN_PALM-1,438.291,420.04,374.961,399.911,318.885,366.274,273.062,348.226,233.228,338.884,362.694,266.989,341.035,203.351,325.575,162.786,312.041,127.611,400.721,260.657,390.215,185.927,380.181,137.306,369.761,95.679,437.703,269.747,436.591,198.598,431.985,151.676,424.847,109.377,474.352,290.728,493.704,237.699,503.754,199.221,509.82,162.478
OPEN PALM,261009-133914-OPEN_PALM-1,435.121,419.178,374.355,396.847,321.221,359.754,277.564,340.461,238.698,329.64,363.404,264.926,343.824,201.187,328.727,160.826,314.678,126.125,400.43,259.669,391.941,185.243,382.411,136.802,371.433,95.625,436.553,270.086,436.037,199.865,431.325,153.778,423.468,112.005,471.772,292.253,490.213,239.143,499.693,201.332,504.975,165.126
OPEN PALM,261009-133914-OPEN_PALM-1,431.211,413.176,373.215,389.117,323.168,351.593,281.334,332.402,244.352,321.395,363.612,262.172,345.566,199.581,331.055,160.045,317.66,125.571,398.885,258.05,391.853,183.986,382.296,135.78,371.08,94.845,433.094,269.648,434.684,199.626,430.331,153.356,422.522,111.567,466.211,292.928,485.593,240.295,495.168,202.161,500.361,165.679
OPEN PALM,261009-133914-OPEN_PALM-1,430.786,411.762,373.347,387.503,323.93,349.208,283.79,328.712,247.311,317.604,363.894,260.092,346.793,198.389,332.657,158.905,319.573,124.418,398.082,256.13,391.025,183.016,381.501,135.465,370.1,95.156,431.211,267.629,431.85,197.92,426.459,152.651,417.745,111.729,462.842,290.796,480.272,239.061,489.074,201.477,493.944,165.418
OPEN PALM,261009-133914-OPEN_PALM-1,426.973,410.154,372.426,386.249,325.371,347.296,287.776,326.302,252.386,314.122,363.127,258.392,346.293,197.529,332.142,158.658,318.899,124.61,396.473,254.451,388.789,181.95,379.012,134.768,367.016,94.725,428.898,266.441,429.622,197.538,423.527,152.768,413.873,111.805,459.675,290.602,476.873,239.672,484.734,201.986,488.693,165.193
OPEN PALM,261009-133914-OPEN_PALM-1,428.655,410.749,374.841,385.757,329.053,345.085,294.286,322.562,261.799,309.752,366.048,258.668,349.304,198.289,334.792,160.264,321.027,126.881,397.007,254.576,388.808,181.313,378.806,134.822,366.788,95.348,427.106,265.756,428.376,196.247,423.394,151.335,414.861,110.892,455.645,288.963,471.696,238.048,479.893,201.057,484.235,165.536
OPEN PALM,261009-133914-OPEN_PALM-1,428.251,409.799,374.629,386.407,331.42,343.825,299.968,319.489,269.123,303.785,366.109,256.858,352.071,196.045,337.587,158.363,322.624,125.465,394.317,254.646,386.887,182.918,376.8,136.795,364.5,96.562,421.654,267.037,424.049,198.919,419.635,154.62,410.845,113.844,447.409,291.207,463.865,241.598,471.997,205.336,476.381,169.944
OPEN PALM,261009-133914-OPEN_PALM-1,425.908,408.996,376.401,383.085,337.958,340.039,308.172,315.866,277.739,296.543,369.322,256.524,356.494,194.404,342.421,156.493,327.752,122.994,395.699,256.817,389.416,184.128,379.063,137.8,366.323,97.122,420.976,271.246,423.918,201.932,419.82,157.368,411.361,116.586,444.702,296.959,460.625,246.693,468.771,210.207,473.37,174.701
OPEN PALM,261009-133914-OPEN_PALM-1,428.391,407.548,379.425,381.93,341.083,338.055,311.943,313.815,281.352,296.246,370.642,254.681,358.542,192.496,344.624,154.94,329.447,122.376,395.802,254.653,389.878,181.87,379.853,136.095,367.223,96.434,420.282,268.829,423.28,198.428,419.853,154.397,412.046,114.326,443.291,294.562,459.168,244.469,467.231,208.677,471.776,174.034
OPEN PALM,261009-133914-OPEN_PALM-1,431.637,406.611,381.733,380.664,343.915,337.824,314.614,313.434,283.513,294.216,371.554,254.542,359.744,191.359,345.605,153.579,329.933,120.752,396.116,254.248,390.727,181.744,380.421,136.068,367.371,96.472,419.466,267.72,422.763,198.04,419.321,154.358,411.531,114.781,441.578,292.487,457.224,243.385,464.985,208.292,469.458,174.37
OPEN PALM,261009-133914-OPEN_PALM-1,427.437,408.313,377.953,380.543,343.309,337.179,315.988,313.312,285.644,295.988,370.752,254.079,360.173,192.133,345.685,155.011,329.14,122.727,392.736,254.756,387.74,183.354,377.041,137.804,363.755,98.375,414.056,269.114,417.856,198.777,414.056,154.959,406.357,115.877,434.657,294.999,448.52,244.629,453.568,208.401,456.078,173.781
OPEN PALM,261009-133914-OPEN_PALM-1,426.644,407.969,377.13,379.126,343.181,336.167,316.123,313.345,286.9,295.422,371.509,252.593,360.706,192.184,346.192,155.932,329.927,124.496,392.269,252.737,386.143,182.872,374.353,138.014,360.337,99.545,412.446,266.538,415.062,197.234,410.692,154.153,402.557,115.374,431.737,292.129,445.087,243.123,449.427,207.398,451.43,173.01
OPEN PALM,261009-133914-OPEN_PALM-1,427.306,406.792,377.397,377.094,344.794,333.912,317.79,310.874,287.545,293.989,372.539,252.227,361.636,191.788,347.672,155.552,331.99,123.869,392.223,252.081,386.012,182.232,374.568,137.448,360.846,98.73,411.236,265.337,414.944,196.63,411.404,153.912,404.194,115.649,429.292,289.83,442.772,241.413,447.194,205.968,449.516,171.941
OPEN PALM,261009-133914-OPEN_PALM-1,429.416,405.37,376.531,374.728,345.156,332.006,318.3,309.713,287.613,290.848,373.347,250.984,362.622,190.189,348.476,154.056,331.574,122.964,394.491,252.517,388.636,181.623,376.596,136.25,361.17,97.557,413.518,266.884,416.169,197.652,410.85,153.589,402.323,114.397,430.781,291.849,443.202,241.38,446.679,204.958,448.518,170.616
OPEN PALM,261009-133914-OPEN_PALM-1,428.423,408.11,377.537,377.621,345.961,332.963,319.3,309.177,290.096,289.445,375.379,250.194,365.524,188.896,351.613,152.581,334.513,121.915,394.458,252.033,390.455,181.681,378.433,137.021,363.237,99.254,412.481,266.898,417.072,198.371,412.586,155.222,404.291,116.6,428.975,292.566,442.38,242.844,445.19,207.063,446.011,172.9
OPEN PALM,261009-133914-OPEN_PALM-1,429.482,408.975,378.122,378.71,345.077,332.678,317.963,308.808,288.049,290.293,374.4,248.75,365.032,189.051,351.283,153.529,335.026,123.369,392.323,250.09,388.025,180.662,376.784,136.418,363.17,98.694,409.731,265.277,415.354,197.841,411.771,156.495,403.644,119.74,426.32,291.445,439.707,242.512,440.491,207.339,438.835,173.804
OPEN PALM,261009-133914-OPEN_PALM-1,429.919,408.481,378.925,378.836,346.45,333.874,319.056,309.63,288.137,291.715,375.113,250.341,364.66,189.77,350.68,153.744,334.487,123.299,393.223,251.009,388.13,180.776,376.557,136.108,363.062,98.89,410.796,265.281,415.84,196.954,412.161,154.878,404.693,118.044,427.365,290.319,440.314,241.481,441.155,206.047,439.907,172.618
OPEN PALM,261009-133914-OPEN_PALM-1,427.933,407.31,378.773,377.737,345.829,332.974,318.703,310.139,289.123,291.866,375.676,249.692,365.103,189.569,351.553,154.064,335.444,124.096,394.28,249.786,388.958,180.406,377.139,136.02,362.637,98.741,412.276,263.492,416.846,195.039,412.914,152.728,404.438,114.791,429.067,288.315,441.834,239.438,443.666,203.801,443.131,169.799
OPEN PALM,261009-133914-OPEN_PALM-1,429.28,406.486,379.63,379.298,342.697,335.196,313.776,312.145,283.815,297.259,372.453,252.093,360.93,191.197,346.092,155.22,328.954,124.275,393.307,250.992,388.566,180.094,376.499,135.12,361.865,97.009,413.673,263.454,418.2,193.522,414.126,150.593,405.813,111.964,432.762,286.988,446.359,237.561,450.416,201.812,451.893,167.516
OPEN PALM,261009-133914-OPEN_PALM-1,429.69,403.606,377.993,379.904,335.496,340.409,303.442,320.126,272.265,303.618,367.361,254.155,351.736,192.396,335.628,155.866,318.818,124.169,392.86,253.113,384.051,180.825,372.243,135.278,358.261,96.36,417.61,265.77,418.294,195.336,412.982,151.08,403.838,111.281,440.907,289.556,451.734,238.655,455.583,201.531,456.519,166.0
OPEN PALM,261009-133914-OPEN_PALM-1,429.534,405.159,376.954,382.359,333.839,342.813,299.674,321.921,266.061,307.723,365.044,255.819,348.608,195.343,332.689,158.342,316.701,126.114,392.195,253.853,383.53,182.102,371.768,136.385,358.036,97.252,418.49,266.268,417.827,195.571,411.785,151.389,402.116,111.25,443.125,289.922,453.324,239.827,456.361,202.741,456.53,166.871
OPEN PALM,261009-133914-OPEN_PALM-1,429.794,405.89,375.914,383.472,331.009,345.303,295.438,325.269,261.727,312.7,362.751,257.522,345.123,196.748,328.768,158.825,312.697,125.902,391.763,254.209,383.444,181.914,372.178,135.533,359.041,96.172,420.156,265.562,420.189,196.453,414.028,152.486,404.352,113.223,446.992,288.19,458.528,237.417,462.555,200.51,463.24,165.513
OPEN PALM,261009-133914-OPEN_PALM-1,427.787,407.203,371.956,386.073,325.357,349.38,286.943,329.146,250.697,317.942,361.12,257.565,342.185,197.931,325.224,159.783,309.665,126.5,392.663,253.193,383.941,181.514,372.396,134.615,359.725,94.703,423.294,264.313,423.557,195.305,416.871,150.7,407.148,110.825,452.61,287.129,466.255,235.382,470.438,197.328,471.013,161.238
OPEN PALM,261009-133914-OPEN_PALM-1,429.212,408.913,373.019,387.664,323.656,351.614,282.93,331.897,245.719,321.769,360.221,259.82,340.987,199.565,324.716,160.98,309.554,127.262,393.146,254.094,385.104,182.289,374.486,134.996,362.446,94.907,425.427,263.884,425.786,195.507,419.761,150.593,410.515,110.256,456.749,285.365,470.642,234.221,475.359,196.599,476.404,160.751
OPEN PALM,261009-133914-OPEN_PALM-1,429.207,408.697,372.154,387.909,322.196,352.383,280.463,333.002,243.23,321.365,360.276,259.23,340.451,198.483,324.167,159.706,309.022,126.034,394.022,253.884,386.207,181.694,375.441,134.136,363.29,94.33,426.824,264.147,427.204,195.276,421.053,149.929,411.68,109.425,458.563,286.173,472.831,235.059,477.209,197.162,477.704,161.15
OPEN PALM,261009-133914-OPEN_PALM-1,429.656,410.046,371.46,387.971,320.529,353.113,278.458,334.235,241.087,322.852,360.082,260.955,339.692,198.537,323.716,159.321,308.931,125.175,395.755,255.203,387.528,181.101,377.415,133.335,365.933,93.351,430.493,265.013,431.074,195.337,425.898,149.474,417.356,108.671,464.032,286.418,478.062,233.897,482.994,196.194,483.776,160.602
OPEN PALM,261009-133914-OPEN_PALM-1,433.237,412.994,372.095,390.533,318.56,355.929,275.002,337.696,236.59,326.768,359.896,261.439,337.844,198.324,321.163,158.826,305.828,124.392,396.865,255.341,388.144,181.193,378.193,132.972,367.152,92.335,432.411,264.879,433.374,195.369,428.284,148.987,419.941,107.716,466.566,286.045,481.787,233.524,487.276,195.741,488.407,160.237
OPEN PALM,261009-133914-OPEN_PALM-1,432.104,413.643,370.849,392.826,317.253,359.471,273.004,341.407,232.486,331.018,358.686,261.573,336.693,198.077,320.338,158.488,305.206,123.947,397.077,255.288,388.12,180.266,378.409,131.792,367.37,91.116,433.884,264.703,434.471,194.444,429.442,147.87,421.128,106.5,469.409,285.527,484.545,231.794,490.588,193.89,492.22,158.166
OPEN PALM,261009-133914-OPEN_PALM-1,435.189,414.004,371.991,393.349,317.605,360.22,273.233,342.789,232.325,333.272,359.068,262.168,336.639,198.519,320.584,158.586,306.019,123.509,397.919,255.238,388.36,179.996,379.218,131.536,369.145,90.245,435.103,264.393,435.425,193.796,430.997,147.264,423.534,105.464,471.209,285.233,486.56,231.851,492.8,194.136,494.522,157.985
OPEN PALM,261009-133914-OPEN_PALM-1,436.382,414.808,372.486,395.359,316.384,363.891,270.687,347.445,229.547,339.376,359.086,263.824,335.718,199.053,319.621,158.166,305.285,122.384,398.858,256.286,388.969,180.381,379.826,131.203,369.953,89.819,437.053,265.039,436.94,193.752,432.343,146.901,424.781,105.345,474.172,285.589,489.834,231.08,496.704,192.959,499.056,157.012
OPEN PALM,261009-133914-OPEN_PALM-1,437.787,416.35,372.773,398.073,315.48,367.499,269.301,350.957,228.096,343.676,357.649,264.15,333.761,199.519,317.836,159.025,303.546,123.505,398.47,255.822,388.627,179.109,379.543,129.998,369.733,88.385,437.521,263.942,437.307,192.169,432.472,145.183,424.85,103.515,475.382,284.06,491.256,229.671,498.404,191.738,501.233,155.739
OPEN PALM,261009-133914-OPEN_PALM-1,440.439,418.346,374.615,400.091,315.484,370.407,267.611,354.1,226.064,344.546,359.021,265.303,334.026,200.001,317.583,159.619,302.935,124.113,400.08,256.388,389.249,178.746,379.793,129.214,369.834,86.786,439.498,264.042,438.957,191.408,434.511,144.421,427.076,102.36,478.164,283.649,494.475,228.988,501.725,190.854,504.518,154.507
OPEN PALM,261009-133914-OPEN_PALM-1,440.136,418.524,374.437,401.023,315.825,371.677,268.267,355.946,226.277,348.381,358.164,265.285,333.299,199.966,317.477,159.336,303.811,123.482,399.704,256.01,388.538,178.015,379.609,127.869,370.591,85.241,439.688,263.546,438.962,191.159,434.598,143.935,427.64,101.724,478.612,283.098,495.175,228.602,502.978,190.599,506.486,154.168
OPEN PALM,261009-133914-OPEN_PALM-1,441.645,421.518,374.575,403.914,314.725,375.122,266.689,360.412,225.343,352.72,357.741,267.489,332.345,201.478,316.314,160.492,302.314,124.047,399.866,257.691,389.021,179.648,380.256,129.28,371.312,86.586,440.252,264.655,439.961,191.923,436.43,145.282,430.094,103.552,479.671,283.725,497.366,229.188,505.828,191.146,509.74,154.702
OPEN PALM,261009-133914-OPEN_PALM-1,439.41,420.685,373.781,402.983,315.044,376.305,266.72,361.604,225.532,352.583,358.719,267.642,333.03,200.939,317.048,159.428,303.735,122.349,401.114,258.101,390.817,179.203,382.528,128.797,374.305,85.669,441.629,265.459,442.237,191.951,439.323,145.179,433.751,103.454,480.992,284.946,499.337,230.534,508.308,192.34,513.007,155.922
OPEN PALM,261009-133914-OPEN_PALM-1,441.368,421.062,374.468,402.963,315.396,375.718,267.079,361.005,224.997,351.761,359.495,267.814,334.021,199.705,318.028,157.613,304.709,119.993,402.563,257.685,392.349,178.097,384.511,127.295,376.829,83.696,443.473,264.807,444.106,190.967,441.773,143.692,436.847,101.525,483.122,284.164,501.695,229.838,510.916,191.603,515.951,155.048
OPEN PALM,261009-133914-OPEN_PALM-1,441.332,420.721,375.778,402.977,317.275,375.909,267.862,361.113,223.888,354.677,362.411,267.687,337.729,200.304,321.968,157.633,309.074,118.92,405.582,256.979,396.785,177.33,389.617,125.864,382.694,80.874,446.622,264.153,448.54,190.583,446.592,143.025,442.299,100.37,486.481,283.766,505.882,229.749,515.812,191.592,521.536,154.852
OPEN PALM,261009-133914-OPEN_PALM-1,441.493,421.37,376.163,403.333,317.337,375.43,268.041,360.755,224.155,353.815,363.591,267.074,338.633,198.645,323.435,155.582,311.106,116.872,407.217,256.489,399.262,175.769,392.925,124.595,386.602,79.962,448.293,263.831,451.119,189.078,449.774,141.472,445.958,98.937,487.772,283.877,508.258,229.848,519.088,191.355,525.975,154.382
OPEN PALM,261009-133914-OPEN_PALM-1,442.087,420.43,377.177,403.272,318.252,376.518,268.794,363.19,224.343,358.287,364.369,267.381,339.577,198.496,324.643,155.053,312.808,115.492,408.404,256.72,400.582,176.423,395.17,124.971,389.945,79.872,449.822,264.048,453.452,189.837,453.043,142.282,450.04,99.597,489.316,283.897,510.406,230.177,521.626,191.914,528.768,155.053
OPEN PALM,261009-133914-OPEN_PALM-1,442.228,422.571,376.233,405.872,317.263,380.479,267.75,365.755,224.129,357.524,365.117,267.804,339.825,198.484,325.016,154.954,313.526,115.304,409.126,257.045,401.405,176.369,396.13,125.386,391.246,80.457,450.144,264.39,454.204,189.651,454.172,142.095,451.74,99.34,489.237,284.314,510.156,230.722,521.224,192.454,528.491,155.349
OPEN PALM,261009-133914-OPEN_PALM-1,442.988,420.328,376.503,405.806,316.073,381.626,266.509,367.626,222.69,359.639,365.159,266.713,340.223,198.595,325.911,155.265,314.906,115.445,409.334,255.515,402.124,175.06,397.032,124.043,392.682,78.822,450.788,262.842,454.012,188.56,453.661,141.211,451.282,98.147,490.632,282.798,510.558,228.929,521.442,191.357,528.411,154.475
OPEN PALM,261009-133914-OPEN_PALM-1,441.395,421.057,375.27,405.8,315.798,381.337,266.27,368.268,222.326,363.406,363.837,267.32,339.257,198.252,324.851,154.493,313.735,114.573,407.635,256.077,400.048,175.578,395.192,124.625,391.327,79.603,448.674,262.953,451.808,188.426,451.639,140.613,449.597,97.497,488.05,282.17,507.464,228.627,517.553,190.711,523.889,153.728
OPEN PALM,261009-133914-OPEN_PALM-1,441.11,420.644,376.531,405.815,318.293,381.294,267.863,368.569,222.574,365.767,365.385,267.085,340.562,197.996,326.896,154.447,316.716,114.383,409.198,255.04,401.331,174.889,396.479,124.474,392.571,79.653,450.261,261.55,453.198,187.712,453.157,139.619,451.054,96.071,489.348,280.692,508.068,227.276,517.896,189.461,523.866,152.663
OPEN PALM,261009-133914-OPEN_PALM-1,441.587,419.484,377.41,405.217,319.163,381.009,271.179,368.448,227.585,365.36,365.621,266.346,341.937,197.937,329.289,154.314,320.008,114.019,409.719,253.91,403.372,173.372,399.749,122.798,397.139,77.787,451.057,260.483,454.88,186.104,455.222,138.466,453.805,95.081,490.614,280.016,510.096,226.471,520.88,189.198,527.766,152.578
OPEN PALM,261009-133914-OPEN_PALM-1,441.54,417.935,378.655,404.755,321.782,381.15,274.725,368.169,231.041,364.751,366.669,264.562,344.234,196.244,333.033,152.604,324.703,112.192,411.147,252.489,406.292,172.214,403.223,121.532,400.713,75.896,452.437,259.478,457.505,185.436,458.574,137.974,457.624,94.177,491.74,279.398,511.581,226.485,522.637,189.5,529.872,152.797
OPEN PALM,261009-133914-OPEN_PALM-1,440.209,414.021,380.681,400.583,325.792,379.138,280.15,369.536,237.674,369.686,368.789,263.593,347.803,195.416,338.089,151.897,331.454,111.508,413.005,251.484,408.731,170.913,406.394,120.132,404.471,74.951,454.507,258.353,459.158,184.424,460.796,136.91,460.452,93.657,494.159,277.77,512.876,224.199,523.858,187.347,530.921,151.102
OPEN PALM,261009-133914-OPEN_PALM-1,438.813,413.069,382.092,400.494,329.919,380.575,286.938,373.562,245.076,374.876,370.56,262.784,350.762,195.652,341.444,152.614,335.193,112.24,414.496,250.413,410.986,170.229,408.701,119.02,406.78,73.456,455.414,257.549,461.774,184.496,463.261,137.148,462.728,93.974,494.177,277.673,512.376,224.399,522.602,187.942,528.797,151.765
OPEN PALM,261009-133914-OPEN_PALM-1,439.155,412.267,382.219,399.856,331.525,380.637,289.789,373.62,248.635,374.992,370.084,262.096,350.917,195.151,341.917,152.247,335.683,112.04,413.972,249.919,411.3,169.983,409.209,119.138,407.238,73.61,454.797,257.106,461.919,184.024,463.607,136.551,463.115,93.075,493.43,277.145,511.766,223.725,521.784,187.451,527.615,151.509
OPEN PALM,261009-133914-OPEN_PALM-1,439.476,410.925,383.935,399.118,333.936,380.504,293.294,373.934,253.008,375.186,370.543,261.832,352.344,194.689,343.95,151.685,338.076,111.341,414.453,249.463,413.108,169.34,411.654,118.32,410.147,72.515,455.169,256.61,463.261,183.313,465.418,136.159,465.379,93.123,493.588,276.875,512.559,223.578,522.802,187.33,528.799,151.599
OPEN PALM,261009-133914-OPEN_PALM-1,439.08,409.196,382.554,397.692,332.096,378.857,290.202,371.248,248.933,371.656,370.781,261.109,353.282,193.407,345.155,150.13,339.56,109.565,414.816,248.928,412.888,168.92,411.631,118.059,410.331,72.166,455.742,256.063,463.059,182.087,465.337,134.563,465.194,91.043,494.245,276.064,512.532,222.106,522.484,185.498,528.294,149.312
OPEN PALM,261009-133914-OPEN_PALM-1,439.968,408.539,384.502,396.455,334.775,377.459,292.727,370.876,251.38,372.064,370.957,259.401,353.609,191.2,345.655,148.213,339.89,107.977,414.96,247.64,413.786,167.952,412.951,117.375,411.805,71.701,455.595,255.138,463.025,181.636,465.508,134.444,465.59,91.0,493.76,275.338,511.772,221.895,521.479,185.629,527.058,149.579
OPEN PALM,261009-133914-OPEN_PALM-1,439.16,407.177,385.627,395.923,338.069,377.72,297.56,371.136,255.985,371.876,372.538,257.67,355.733,190.672,348.226,147.532,343.404,106.997,415.999,245.626,414.719,166.243,414.12,115.58,413.517,69.687,456.351,253.054,464.151,179.784,466.662,132.822,466.862,89.76,494.217,273.488,512.16,220.442,522.142,184.701,528.041,149.45
OPEN PALM,261009-133914-OPEN_PALM-1,441.66,405.263,388.857,395.677,343.264,378.159,302.987,372.909,260.571,374.638,374.605,257.467,358.385,190.88,351.907,147.989,348.093,107.593,418.194,244.535,417.659,164.755,417.467,114.077,417.015,68.31,458.195,251.664,466.562,178.18,469.25,131.594,469.546,88.933,495.345,272.192,513.415,219.39,523.362,183.962,529.186,148.786
OPEN PALM,261009-133914-OPEN_PALM-1,442.475,404.447,388.126,394.677,341.112,377.156,300.35,371.329,258.061,372.669,374.629,256.875,358.218,190.29,351.207,147.347,346.854,106.917,418.152,244.385,416.865,165.403,416.372,115.097,415.846,69.413,458.169,251.635,466.1,178.395,468.967,131.791,469.384,88.918,495.234,271.907,512.785,219.067,522.732,183.735,528.704,148.632
OPEN PALM,261009-133914-OPEN_PALM-1,438.459,404.278,383.837,393.366,336.313,374.878,295.937,369.133,254.422,370.767,372.114,256.058,355.276,189.712,347.464,147.21,342.105,107.338,415.599,244.169,414.078,165.867,413.025,115.585,412.048,70.218,455.654,251.813,463.507,179.588,465.905,133.251,466.007,90.605,492.753,272.307,510.578,220.076,520.434,184.502,526.542,149.146
OPEN PALM,261009-133914-OPEN_PALM-1,434.701,403.004,377.415,392.093,326.846,373.625,286.921,365.143,248.155,366.298,368.321,257.73,350.741,192.001,342.085,149.728,335.876,109.767,412.714,246.028,410.757,167.387,408.885,116.73,407.269,70.766,453.109,253.354,460.781,181.737,462.84,134.832,463.015,91.539,491.086,273.362,508.705,220.972,517.886,185.136,523.33,149.143
OPEN PALM,261009-133914-OPEN_PALM-1,434.619,404.754,374.051,390.813,319.686,370.548,276.142,361.646,235.8,361.466,366.317,256.681,346.312,191.101,335.993,149.026,328.192,109.352,409.919,245.727,406.44,167.644,403.763,117.427,401.351,72.156,450.002,253.483,456.049,182.422,457.311,136.19,456.757,93.435,487.594,273.278,504.778,221.34,514.144,185.576,520.054,149.514
OPEN PALM,261009-133914-OPEN_PALM-1,433.187,406.489,369.949,393.112,311.634,368.527,264.326,352.087,223.128,346.769,357.991,256.776,337.329,191.486,326.094,149.69,317.301,111.351,401.343,245.416,396.456,168.449,392.537,119.46,388.72,75.904,441.573,251.993,445.362,181.056,444.908,134.801,442.715,92.789,479.744,270.872,496.038,218.642,504.5,182.098,509.659,146.654
OPEN PALM,261009-133914-OPEN_PALM-1,431.261,407.398,366.868,392.682,308.323,365.172,261.602,348.157,220.036,341.406,355.414,259.357,332.527,194.542,319.088,153.541,308.378,115.459,397.174,247.374,389.799,170.599,384.521,121.325,379.701,77.692,436.491,253.19,438.71,182.919,437.573,136.543,434.68,94.831,474.692,271.575,490.284,218.754,498.124,182.17,502.366,147.035
OPEN PALM,261009-133914-OPEN_PALM-1,426.297,408.87,361.684,392.801,304.562,365.251,257.014,348.607,214.67,339.694,349.084,259.635,324.24,196.689,308.78,156.856,296.252,120.344,390.085,248.292,381.424,173.319,374.302,125.014,367.556,82.355,428.998,254.423,429.919,185.299,427.425,139.873,423.175,98.74,466.812,272.773,481.864,220.388,489.149,183.752,493.052,148.523
OPEN PALM,261009-133914-OPEN_PALM-1,424.104,408.55,358.429,392.757,301.396,362.846,255.05,344.196,212.372,333.938,345.961,258.784,321.039,195.707,306.209,156.698,293.617,120.542,387.155,248.43,377.786,173.822,370.164,125.93,362.612,83.821,426.293,255.376,426.915,186.411,423.483,141.102,417.832,99.865,464.301,274.29,478.373,221.28,484.601,184.692,486.975,149.232
OPEN PALM,261009-133914-OPEN_PALM-1,424.113,407.114,358.974,390.905,301.445,360.455,255.207,341.556,213.461,331.063,344.524,258.858,319.176,196.324,303.35,157.609,289.566,122.153,384.563,248.032,374.125,173.846,365.466,125.997,356.863,84.233,422.85,254.22,422.895,185.508,418.186,139.889,411.333,98.493,460.345,272.351,474.339,220.072,479.982,183.424,481.852,147.966
OPEN PALM,261009-133914-OPEN_PALM-1,423.67,407.022,358.455,389.62,301.412,357.941,256.565,338.891,216.146,328.219,343.147,258.667,317.437,196.046,300.878,157.931,285.8,123.343,382.75,248.748,371.91,174.676,362.312,127.106,352.236,85.857,420.502,255.136,420.158,186.949,415.024,141.704,407.413,100.923,457.311,273.077,471.135,220.475,476.862,183.969,478.877,148.884
OPEN PALM,261009-133914-OPEN_PALM-1,420.992,406.214,357.632,388.214,302.39,354.465,258.964,334.308,220.226,321.619,343.121,258.089,318.493,196.211,301.466,157.997,286.098,123.772,381.939,249.202,371.148,176.391,360.957,128.859,350.307,87.884,418.933,256.059,418.642,188.536,413.195,143.561,404.989,102.955,455.021,274.153,469.075,221.743,474.568,184.821,476.032,149.446
OPEN PALM,261009-133914-OPEN_PALM-1,418.944,406.105,358.708,384.825,305.182,349.379,261.708,327.866,223.761,315.771,346.213,256.505,323.625,195.777,306.336,157.562,290.866,123.92,382.704,249.055,373.012,176.875,362.445,129.424,351.399,89.097,418.033,257.105,417.376,188.97,411.606,143.571,403.652,102.823,452.768,276.285,467.483,224.753,473.233,187.164,475.572,151.048
OPEN PALM,261009-133914-OPEN_PALM-1,419.013,403.868,360.121,382.394,308.43,346.154,266.96,323.899,229.376,310.671,348.789,253.245,327.008,193.258,310.149,155.47,295.038,122.066,383.812,246.7,374.775,175.596,364.579,128.766,353.903,89.152,417.75,255.455,417.948,188.473,412.368,143.853,404.351,103.649,450.844,275.27,465.757,224.305,471.426,187.274,473.41,151.668
OPEN PALM,261009-133914-OPEN_PALM-1,416.893,401.659,359.48,379.152,309.108,341.895,269.938,318.919,234.433,304.806,351.269,250.824,330.643,190.908,314.573,152.76,300.235,118.956,385.837,244.74,377.756,173.546,368.061,126.492,357.754,86.678,419.049,254.156,420.404,186.819,415.214,142.41,407.455,102.518,451.216,274.941,466.981,224.332,472.999,187.325,475.248,151.695
OPEN PALM,261009-133914-OPEN_PALM-1,417.584,400.463,360.975,378.547,312.102,339.987,274.626,315.593,239.235,299.369,353.308,249.299,334.126,190.123,318.19,152.259,303.535,118.65,386.966,243.741,379.709,173.34,369.816,126.791,358.809,87.231,419.171,254.003,421.282,187.521,415.696,143.107,407.23,102.902,449.892,275.897,464.857,225.352,470.156,188.237,471.517,152.38
OPEN PALM,261009-133914-OPEN_PALM-1,417.013,398.822,361.411,376.904,313.496,337.27,277.363,312.276,243.038,295.299,354.761,248.059,336.058,188.963,320.021,151.508,305.387,118.212,386.627,242.591,378.937,172.232,369.181,126.062,358.54,86.879,417.221,252.735,419.42,186.336,414.071,142.646,405.849,103.099,446.325,274.514,461.307,224.778,466.687,188.001,468.361,152.378
OPEN PALM,261009-133914-OPEN_PALM-1,415.276,397.205,361.283,375.701,314.487,334.65,281.097,308.854,248.469,292.643,355.116,246.03,338.045,186.439,322.527,149.319,307.594,116.498,386.14,241.471,378.717,170.058,369.036,124.6,357.724,85.767,415.917,252.077,418.408,184.902,413.752,141.276,405.925,101.988,443.91,274.142,458.73,224.183,464.94,187.868,467.437,152.814
OPEN PALM,261009-133914-OPEN_PALM-1,415.28,396.125,360.68,373.649,314.803,332.358,281.277,306.779,248.319,290.07,355.459,245.92,338.642,187.255,322.85,150.815,307.438,118.582,385.026,241.546,377.924,171.628,367.594,126.697,355.441,87.942,413.426,251.943,416.803,185.693,412.027,142.577,403.521,103.441,440.176,273.79,455.899,224.737,461.808,188.881,463.555,154.248
OPEN PALM,261009-133914-OPEN_PALM-1,413.365,394.488,359.508,371.394,316.379,330.029,284.14,305.356,252.061,287.349,355.386,245.501,339.547,185.93,324.043,149.525,308.397,117.347,384.068,243.014,377.107,172.355,366.459,127.413,353.492,88.682,411.451,254.634,414.831,187.402,410.105,143.856,401.461,104.242,437.049,276.967,451.793,227.33,458.112,191.096,460.512,155.926
OPEN PALM,261009-133914-OPEN_PALM-1,412.808,392.142,359.644,369.79,318.685,328.8,286.847,302.945,254.352,284.402,356.511,245.081,340.853,185.393,324.926,148.904,309.113,116.549,384.047,243.271,377.275,173.244,365.987,128.489,352.771,89.742,409.73,255.162,412.841,187.742,407.951,144.384,399.685,104.723,433.973,277.245,448.2,228.451,453.84,192.269,456.126,156.589
OPEN PALM,261009-133914-OPEN_PALM-1,410.307,391.038,359.085,366.173,321.304,324.026,291.295,298.711,259.662,276.5,358.71,243.04,343.722,182.945,328.162,147.203,312.092,115.126,384.405,242.614,378.041,172.992,366.609,129.296,352.556,90.669,408.154,255.757,411.645,189.19,406.225,145.945,397.034,106.364,430.271,279.024,444.153,229.963,449.603,193.469,451.676,157.835
OPEN PALM,261009-133914-OPEN_PALM-2,456.943,397.221,398.767,382.494,343.033,359.464,298.011,352.831,260.158,354.188,377.381,264.139,349.668,208.143,334.286,172.344,322.723,140.944,413.705,252.858,398.801,186.003,390.392,143.418,383.468,107.274,451.172,256.454,447.348,191.259,442.848,151.904,436.732,116.161,488.776,271.959,509.6,225.822,522.284,192.272,530.934,159.51
OPEN PALM,261009-133914-OPEN_PALM-2,455.789,397.086,398.691,383.026,343.302,360.38,298.338,353.729,260.381,355.627,376.93,263.527,349.414,207.714,333.522,171.934,321.291,140.419,413.271,252.274,398.392,185.749,389.893,143.389,382.791,107.055,450.96,256.028,447.02,191.163,442.796,151.923,436.885,116.118,488.746,271.615,509.36,225.413,522.299,192.105,531.396,159.644
OPEN PALM,261009-133914-OPEN_PALM-2,455.471,397.266,398.271,382.971,342.685,359.971,297.65,353.084,259.647,355.004,376.355,263.404,348.297,207.479,332.669,171.776,320.725,140.564,412.811,252.232,398.311,185.636,390.097,143.478,383.123,107.949,450.304,256.078,446.891,191.329,442.453,152.246,436.257,116.733,487.732,271.81,508.647,225.814,521.08,192.091,529.633,159.013
OPEN PALM,261009-133914-OPEN_PALM-2,455.09,396.239,398.017,383.163,341.938,360.439,296.574,353.72,258.697,356.248,376.057,263.868,349.034,207.952,333.922,172.195,322.217,140.684,412.43,252.244,398.506,185.641,390.646,143.343,383.875,107.191,450.073,255.699,446.655,191.225,442.243,152.083,436.121,116.404,487.962,271.108,508.869,225.533,521.518,192.257,530.244,159.668
OPEN PALM,261009-133914-OPEN_PALM-2,453.842,396.954,396.509,383.27,340.884,359.817,296.098,352.308,258.409,355.01,375.728,262.561,347.747,206.808,332.469,171.172,320.858,139.843,412.387,251.2,398.147,184.357,390.079,141.852,383.309,105.849,449.882,255.11,446.635,190.448,442.203,151.109,436.149,115.387,487.174,270.98,508.188,225.063,520.74,191.485,529.4,158.544
OPEN PALM,261009-133914-OPEN_PALM-2,453.525,394.942,396.827,382.051,341.705,359.067,296.977,351.154,258.798,352.703,375.933,261.942,348.566,206.326,333.041,170.718,321.126,139.333,412.031,250.401,397.923,183.885,389.579,141.497,382.688,105.346,449.228,254.129,445.95,190.055,441.62,150.952,435.67,115.58,486.415,269.783,506.845,223.968,519.254,190.806,527.928,158.567
OPEN PALM,261009-133914-OPEN_PALM-2,455.065,395.962,396.439,381.186,339.977,356.535,294.891,348.387,257.528,348.545,375.226,261.87,347.873,205.78,332.85,169.906,321.503,138.537,411.33,250.751,397.855,184.289,389.685,141.523,382.813,105.69,448.446,254.63,445.569,190.71,441.193,151.768,435.105,116.513,485.351,270.466,505.805,224.827,518.131,191.522,526.659,159.035
OPEN PALM,261009-133914-OPEN_PALM-2,453.377,395.91,396.139,380.82,341.883,354.842,298.618,343.568,260.817,341.731,375.911,260.161,351.531,203.906,338.275,168.246,328.186,136.745,411.558,249.783,399.857,182.753,392.948,139.734,387.019,103.605,447.851,254.638,446.344,190.319,442.346,150.626,436.475,114.709,483.979,271.617,505.237,226.208,517.692,192.982,526.191,160.595
OPEN PALM,261009-133914-OPEN_PALM-2,451.532,393.397,394.527,378.459,341.231,351.384,299.687,338.566,263.067,335.692,376.406,258.218,353.043,202.675,339.751,167.551,329.183,136.763,411.599,249.151,401.46,182.222,395.159,139.731,389.46,104.253,446.93,255.063,445.708,189.885,441.922,149.964,436.285,114.028,481.832,272.98,503.587,227.604,516.164,194.342,524.75,162.143
OPEN PALM,261009-133914-OPEN_PALM-2,449.646,390.244,393.413,374.751,339.695,346.446,298.516,332.958,263.018,329.683,377.182,255.449,356.926,200.52,343.644,165.759,332.062,135.718,410.725,247.825,401.873,182.239,395.405,140.261,389.033,104.726,444.387,254.238,444.09,190.605,440.947,150.664,435.466,114.451,477.832,272.085,499.45,227.342,512.291,194.477,521.219,162.746
OPEN PALM,261009-133914-OPEN_PALM-2,446.685,387.849,392.626,372.14,342.56,342.432,303.387,326.793,268.603,321.722,377.078,253.923,359.823,198.075,348.523,162.571,337.951,132.54,409.961,247.426,403.962,181.608,396.535,139.335,387.542,104.152,442.305,254.555,443.744,191.441,439.666,150.423,432.524,114.229,473.176,272.799,493.948,227.917,505.209,195.615,512.398,165.357
OPEN PALM,261009-133914-OPEN_PALM-2,444.536,386.138,392.427,369.323,344.582,339.627,306.381,323.064,273.369,315.77,378.358,252.915,361.741,197.617,350.537,162.234,340.203,132.475,409.61,247.314,404.952,182.208,397.226,140.371,387.87,105.958,440.191,254.893,442.413,192.719,438.207,151.65,431.114,115.92,469.229,273.311,490.266,228.812,501.356,196.253,508.618,166.056
OPEN PALM,261009-133914-OPEN_PALM-2,445.085,385.288,394.117,367.096,348.543,336.654,311.984,319.712,279.944,308.297,381.45,251.572,364.871,196.975,352.885,162.168,342.04,132.906,410.055,246.138,405.617,182.067,397.291,141.098,387.248,107.411,438.167,253.905,440.474,192.7,436.236,152.985,428.819,117.995,464.948,272.486,484.876,228.163,494.825,195.798,500.829,165.574
OPEN PALM,261009-133914-OPEN_PALM-2,443.702,383.535,394.581,365.224,350.285,333.742,315.053,316.476,283.709,305.874,383.197,249.455,367.773,195.566,355.868,161.152,344.827,132.423,409.648,245.036,405.79,181.204,397.556,140.768,387.444,107.908,435.862,253.807,438.583,192.433,434.219,153.168,426.893,118.615,460.631,273.233,479.243,229.041,488.485,196.608,494.131,166.086
OPEN PALM,261009-133914-OPEN_PALM-2,442.591,384.278,395.341,364.921,352.641,332.031,319.212,314.019,288.623,303.695,384.946,249.81,371.355,195.872,359.82,161.788,348.725,133.133,409.911,245.609,406.275,181.106,398.425,140.136,388.567,106.652,434.609,254.468,437.312,192.286,433.299,153.309,426.195,119.252,457.962,274.244,476.133,230.21,485.095,198.065,490.634,168.051
OPEN PALM,261009-133914-OPEN_PALM-2,442.038,382.339,396.284,362.116,356.965,328.416,325.916,310.006,297.365,296.38,388.585,247.742,376.021,194.785,364.354,161.924,352.843,133.507,411.911,244.98,408.02,181.149,400.225,140.592,390.615,106.615,434.618,254.928,437.237,192.465,433.183,154.095,425.98,119.941,455.674,275.803,473.235,232.372,482.331,200.528,488.128,170.355
OPEN PALM,261009-133914-OPEN_PALM-2,440.931,382.435,396.146,360.224,359.86,323.416,330.815,302.553,302.78,287.399,390.577,246.497,378.174,193.759,367.208,161.032,356.634,132.659,412.09,245.44,407.898,182.166,400.546,141.93,391.937,107.967,432.799,256.686,435.919,195.74,432.566,157.171,426.41,122.759,452.165,277.96,468.943,234.896,477.833,203.738,483.69,174.023
OPEN PALM,261009-133914-OPEN_PALM-2,442.478,383.752,398.138,358.896,365.546,321.332,339.208,302.12,312.759,290.156,392.424,246.726,381.353,193.109,369.709,160.407,357.609,132.596,411.612,246.378,407.575,183.268,399.727,142.414,390.352,108.383,430.095,257.746,434.216,195.4,430.885,156.612,424.883,122.48,447.601,278.489,464.535,235.075,472.509,203.797,477.862,174.399
OPEN PALM,261009-133914-OPEN_PALM-2,444.861,382.893,396.518,355.351,371.166,317.631,350.464,298.679,328.174,283.405,393.055,242.897,384.942,190.596,375.044,158.277,364.658,130.53,408.789,243.491,406.757,180.666,399.644,139.101,391.938,104.246,423.687,256.513,430.134,194.878,427.987,155.809,423.869,120.882,437.566,279.623,455.013,235.936,462.053,204.521,467.688,174.177
OPEN PALM,261009-133914-OPEN_PALM-2,444.298,381.625,395.871,353.3,375.658,313.948,358.358,292.604,338.27,276.551,392.846,241.285,385.979,189.678,376.149,156.704,366.793,129.571,407.558,243.819,403.794,180.743,395.635,138.739,387.142,103.415,421.067,258.26,424.373,196.282,421.542,156.437,416.944,120.875,433.565,282.123,446.628,237.819,449.705,205.743,451.966,175.766
OPEN PALM,261009-133914-OPEN_PALM-2,447.049,383.778,399.199,355.627,380.401,314.126,366.051,290.462,347.5,274.416,394.445,245.904,388.64,193.476,380.231,159.19,372.86,130.475,407.032,247.386,403.256,183.382,395.956,140.903,388.585,104.609,419.227,259.351,421.681,195.71,418.772,155.726,414.262,120.408,431.759,280.187,442.026,235.018,443.249,203.288,443.556,174.255
OPEN PALM,261009-133914-OPEN_PALM-2,445.114,379.244,396.641,347.982,383.674,308.157,374.115,285.847,361.807,267.995,396.757,243.653,392.692,190.619,385.021,155.491,377.825,125.948,408.893,248.664,408.214,183.85,401.974,141.361,394.63,104.634,419.609,263.164,423.13,198.924,420.075,158.391,415.857,122.381,429.718,285.511,438.001,241.039,437.612,208.884,437.085,179.119
OPEN PALM,261009-133914-OPEN_PALM-2,448.75,378.462,400.081,340.65,387.95,301.982,377.211,281.452,365.988,263.991,403.128,240.592,398.358,190.644,390.176,155.142,382.422,125.63,415.523,247.628,413.092,184.037,405.69,140.742,396.79,103.204,424.031,262.542,426.117,201.746,420.672,161.044,414.793,124.134,429.58,283.056,433.822,240.609,430.553,209.878,428.085,181.308
OPEN PALM,261009-133914-OPEN_PALM-2,452.416,379.71,401.6,345.625,391.766,304.75,382.416,282.706,368.699,264.6,415.431,245.804,407.876,191.604,397.679,155.704,388.547,126.44,427.158,250.676,418.88,182.927,408.41,139.898,398.322,103.341,432.76,263.706,425.451,196.728,417.061,156.525,409.469,121.715,431.807,281.62,431.383,239.798,428.06,209.331,424.743,180.492
OPEN PALM,261009-133914-OPEN_PALM-2,448.286,377.529,400.468,340.543,388.838,302.808,378.332,282.411,366.543,264.024,403.77,240.51,399.828,190.766,390.897,156.043,382.099,127.309,416.545,247.231,416.103,182.746,408.582,139.695,398.821,102.701,425.874,262.318,429.595,200.561,424.399,159.628,417.973,123.17,432.303,284.034,436.707,240.082,433.321,208.549,430.707,180.263
OPEN PALM,261009-133914-OPEN_PALM-2,447.206,378.79,399.04,349.683,383.742,309.734,371.732,286.846,355.811,268.703,398.467,243.341,393.96,192.132,385.742,157.891,377.822,128.655,410.743,245.92,409.73,182.115,403.194,139.636,395.735,102.901,421.838,258.758,426.102,195.761,423.653,155.13,419.742,119.119,432.106,280.385,441.369,235.927,441.432,203.42,441.097,173.688
OPEN PALM,261009-133914-OPEN_PALM-2,447.911,378.587,398.877,350.597,379.759,311.162,363.104,289.017,343.619,271.345,395.625,240.169,389.42,188.878,379.233,155.636,369.631,128.473,410.298,241.568,407.991,178.377,400.478,136.557,392.091,101.118,423.067,254.122,427.16,191.803,423.813,151.008,418.342,114.182,434.627,276.022,446.32,231.263,446.938,199.103,446.055,169.405
OPEN PALM,261009-133914-OPEN_PALM-2,446.537,378.536,397.192,349.636,373.138,312.358,352.648,292.628,329.305,276.399,394.371,238.013,384.89,186.243,374.167,153.636,363.347,125.803,411.417,238.635,408.376,175.268,400.149,133.242,390.764,97.924,426.785,251.954,432.145,190.471,428.467,150.41,422.529,114.408,440.368,275.973,455.328,230.883,459.842,198.142,462.908,167.078
OPEN PALM,261009-133914-OPEN_PALM-2,444.44,376.166,395.827,351.58,365.87,316.313,342.504,298.38,318.575,283.13,389.621,241.066,377.043,187.886,365.382,155.107,353.467,126.407,410.453,240.772,406.143,177.224,398.595,135.587,389.413,100.445,429.297,252.74,432.349,191.11,428.495,151.383,422.693,116.555,446.304,274.538,460.653,228.866,466.594,196.143,470.277,165.771
OPEN PALM,261009-133914-OPEN_PALM-2,438.428,376.707,393.545,356.948,355.785,324.561,326.448,305.153,297.213,290.742,383.195,243.419,368.405,190.299,356.528,157.212,345.605,128.311,407.181,239.762,402.643,175.585,395.643,135.035,387.202,101.011,430.566,249.044,433.363,186.996,429.741,148.374,423.283,114.375,452.42,269.182,468.533,225.081,476.545,193.443,481.4,163.654
OPEN PALM,261009-133914-OPEN_PALM-2,441.022,378.991,393.243,360.694,350.213,328.692,316.246,309.341,284.157,297.212,376.839,245.495,360.736,192.864,347.795,159.366,336.063,130.242,404.074,239.757,399.616,175.552,392.17,134.293,383.134,100.014,431.042,247.887,433.94,186.328,429.895,147.341,422.893,113.003,456.368,267.082,473.093,221.831,481.647,189.337,486.889,159.093
OPEN PALM,261009-133914-OPEN_PALM-2,442.873,381.432,392.525,365.564,345.747,335.196,309.351,317.09,276.317,307.164,373.398,247.566,355.225,194.99,341.925,161.703,329.896,133.078,403.246,240.156,397.274,176.798,389.338,135.251,379.945,101.189,433.012,246.61,435.234,186.091,431.178,146.524,423.761,111.586,461.641,264.039,479.521,219.027,488.381,186.957,493.408,156.914
OPEN PALM,261009-133914-OPEN_PALM-2,443.114,385.152,389.132,370.673,339.652,340.489,301.932,321.521,268.452,312.491,370.936,252.002,350.848,198.339,337.339,164.111,325.225,134.479,404.287,243.16,396.853,178.19,388.832,135.484,379.932,100.277,436.901,248.381,438.116,186.142,433.375,145.002,425.792,109.048,468.224,264.494,487.458,218.131,497.29,185.296,502.976,154.86
OPEN PALM,261009-133914-OPEN_PALM-2,446.287,385.635,390.015,372.317,338.11,343.27,298.99,326.425,264.125,321.283,370.699,252.413,348.547,198.678,335.69,164.151,324.566,133.819,405.809,242.886,397.768,177.219,390.501,134.437,382.428,98.435,440.329,248.037,441.214,185.803,436.56,144.975,429.291,108.65,473.232,264.356,492.316,217.764,502.539,184.735,508.692,153.512
OPEN PALM,261009-133914-OPEN_PALM-2,449.43,387.989,392.592,374.534,338.445,345.615,297.384,329.148,261.256,324.554,371.786,252.842,348.844,196.785,335.942,161.506,325.182,130.606,408.348,242.776,398.721,175.648,391.795,132.378,384.522,95.984,444.592,247.968,444.71,184.191,441.138,143.794,434.85,108.05,479.765,264.563,498.904,217.642,509.451,184.66,515.89,153.386
OPEN PALM,261009-133914-OPEN_PALM-2,449.804,387.596,391.674,372.786,337.77,345.514,295.765,331.113,259.154,326.244,372.837,251.091,348.386,195.221,335.412,159.685,325.358,127.991,410.059,240.606,399.78,173.625,392.974,130.795,386.809,93.832,447.197,245.659,447.042,181.084,443.805,140.796,438.79,104.427,483.517,262.688,503.377,216.108,514.581,182.787,522.161,150.332
OPEN PALM,261009-133914-OPEN_PALM-2,450.739,388.339,393.772,374.058,339.652,347.779,296.369,334.794,258.327,331.413,374.327,251.452,349.409,194.182,335.798,157.675,325.28,125.019,411.911,240.733,401.444,172.389,394.826,128.801,388.924,91.317,449.429,245.698,449.386,180.719,446.254,139.888,441.356,103.145,485.943,262.412,506.022,215.177,517.381,181.688,525.044,149.151
OPEN PALM,261009-133914-OPEN_PALM-2,451.94,389.44,395.053,374.033,340.784,348.179,296.568,336.335,257.99,333.258,378.503,251.467,352.352,193.339,338.556,156.322,328.459,123.145,416.171,240.47,405.25,171.492,398.77,127.374,393.446,89.304,453.63,245.557,453.895,179.962,451.558,138.849,447.64,101.7,490.178,262.839,510.988,215.885,523.026,182.083,531.636,149.065
OPEN PALM,261009-133914-OPEN_PALM-2,453.356,389.729,396.744,374.9,342.2,349.576,297.812,337.928,258.584,336.384,379.842,252.505,354.696,192.53,341.197,154.395,331.348,120.502,418.145,241.567,407.424,171.784,401.747,127.079,397.392,88.677,456.314,246.378,456.879,180.247,455.584,139.33,452.775,102.527,493.77,263.101,514.944,216.536,527.352,182.965,536.27,150.156
OPEN PALM,261009-133914-OPEN_PALM-2,452.604,390.282,396.851,375.298,343.49,350.944,301.272,338.674,264.161,337.232,384.303,253.357,360.359,192.959,347.48,154.31,338.023,120.007,422.518,242.312,412.831,171.603,407.254,126.778,402.481,88.186,460.501,246.956,461.103,180.14,460.164,138.518,457.455,101.222,497.935,263.807,518.909,217.206,531.437,183.947,540.327,151.629
OPEN PALM,261009-133914-OPEN_PALM-2,456.389,389.639,401.979,375.18,349.309,351.912,306.741,339.368,270.015,335.914,389.663,252.198,367.029,191.991,354.785,153.258,345.853,118.861,428.076,241.225,419.282,171.089,414.074,126.721,409.644,88.477,465.929,246.02,467.694,180.276,466.902,138.795,464.313,101.384,503.055,262.908,523.783,216.893,535.856,184.206,544.324,152.027
OPEN PALM,261009-133914-OPEN_PALM-2,460.107,391.338,408.104,376.998,357.6,354.752,316.339,342.806,281.028,338.413,397.977,253.865,376.812,192.961,365.767,153.86,357.953,118.931,436.612,243.39,429.276,172.921,425.003,128.381,421.301,89.846,474.455,248.924,477.853,183.205,478.417,141.459,476.824,104.179,511.166,266.457,532.408,220.111,544.963,187.547,553.834,155.774
OPEN PALM,261009-133914-OPEN_PALM-2,462.977,390.991,411.884,376.159,363.827,353.3,325.058,342.491,290.7,338.456,405.467,252.105,385.777,192.087,375.301,153.398,367.689,118.779,443.436,242.496,437.399,173.457,433.983,129.495,431.015,91.307,480.394,249.355,484.596,185.386,485.54,143.929,484.373,106.237,516.208,268.158,538.196,223.0,551.077,191.371,559.998,160.079
OPEN PALM,261009-133914-OPEN_PALM-2,466.406,391.062,417.906,376.971,371.094,353.924,334.477,342.181,300.751,337.483,411.686,253.354,393.096,193.56,383.537,154.7,376.735,119.779,449.223,244.088,444.115,175.535,441.452,131.901,438.987,93.858,485.636,251.366,490.535,188.136,491.648,147.476,490.668,110.319,521.005,270.354,542.122,225.686,554.841,194.662,563.933,163.689
OPEN PALM,261009-133914-OPEN_PALM-2,473.409,388.794,425.976,375.623,382.118,354.695,348.236,342.81,316.703,335.894,423.097,253.179,405.73,193.555,397.036,155.126,391.206,120.499,459.027,244.273,454.685,175.854,452.886,132.48,451.618,95.304,493.76,251.7,499.266,188.673,501.422,148.879,501.78,113.239,527.646,270.6,549.348,226.152,562.068,196.069,571.397,166.231
OPEN PALM,261009-133914-OPEN_PALM-2,479.247,387.956,433.085,376.41,392.139,355.908,361.525,343.029,333.257,334.842,430.935,254.33,416.072,194.899,409.018,156.839,405.066,121.994,466.782,244.876,462.284,177.435,460.606,134.46,459.783,96.522,500.59,252.339,505.938,190.66,508.543,152.055,509.524,117.315,533.006,271.476,553.573,228.073,565.717,199.035,574.939,170.294
OPEN PALM,261009-133914-OPEN_PALM-2,476.881,384.051,435.575,374.421,400.103,355.789,373.26,344.318,342.818,341.185,431.93,253.504,418.324,194.505,412.257,156.67,409.4,122.106,467.3,244.747,464.063,178.132,463.024,135.938,463.133,98.244,499.807,252.84,505.886,190.995,509.208,151.871,511.514,116.119,530.677,271.81,550.676,228.633,562.949,200.248,572.728,171.559
OPEN PALM,261009-133914-OPEN_PALM-2,471.111,380.17,433.778,372.012,402.177,355.35,378.106,344.872,348.792,343.276,427.647,251.591,415.533,192.719,410.016,155.777,407.123,122.072,462.519,243.025,460.413,176.657,458.945,135.357,458.204,98.403,494.33,251.025,500.271,189.548,502.973,150.833,504.958,116.071,524.201,269.417,543.937,226.155,556.386,197.172,566.554,168.279
OPEN PALM,261009-133914-OPEN_PALM-2,468.876,375.29,432.22,369.193,401.359,353.624,379.105,342.895,351.571,341.059,425.585,248.964,413.728,191.14,408.711,154.494,406.713,121.069,459.694,239.878,457.011,174.284,455.561,133.475,455.267,96.923,490.804,247.529,495.619,185.785,498.3,148.117,500.574,114.375,520.361,265.808,538.992,222.518,551.163,194.516,561.211,166.565
OPEN PALM,261009-133914-OPEN_PALM-2,465.164,371.248,430.814,365.871,401.065,352.228,381.901,345.919,358.0,347.983,424.004,247.324,413.753,189.631,409.823,153.047,408.291,119.672,457.642,237.055,455.826,171.771,455.0,130.834,455.065,94.048,487.868,244.443,494.097,183.098,497.684,146.067,500.282,112.897,516.203,262.607,536.93,219.581,550.279,192.345,561.224,165.081
OPEN PALM,261009-133914-OPEN_PALM-2,459.34,368.001,426.918,364.362,397.959,350.282,380.879,343.394,364.361,344.828,425.038,246.123,415.327,187.232,412.703,150.104,412.552,117.036,456.786,236.494,455.112,170.922,455.241,129.664,456.675,93.166,485.019,242.996,491.306,181.397,495.851,143.556,499.785,110.467,511.54,259.703,531.578,217.382,544.936,190.08,555.554,163.344
OPEN PALM,261009-133914-OPEN_PALM-2,456.897,362.613,427.269,359.689,400.505,345.075,384.455,338.35,363.914,341.812,423.024,241.489,413.902,184.192,412.436,147.623,413.288,115.301,453.682,231.865,451.57,167.469,452.591,127.346,455.286,91.987,480.896,238.167,486.861,176.972,491.54,141.018,495.536,109.57,507.132,254.898,526.199,212.592,538.979,186.375,548.859,160.538
OPEN PALM,261009-133914-OPEN_PALM-2,455.31,357.751,426.153,355.569,400.366,342.002,385.963,334.295,371.688,336.855,422.577,238.011,413.231,181.966,412.287,145.612,414.744,113.772,451.919,228.11,448.358,164.561,449.187,124.158,452.648,89.551,478.109,234.037,483.302,174.211,487.876,137.97,492.629,107.289,503.352,249.985,521.185,208.813,533.221,182.913,543.073,157.625
OPEN PALM,261009-133914-OPEN_PALM-2,456.685,356.117,428.168,354.2,403.376,339.783,392.139,330.192,385.793,332.524,427.77,235.5,420.758,179.654,420.426,143.933,423.522,113.32,455.542,226.795,452.17,163.385,453.197,123.736,457.364,90.083,480.163,232.87,484.541,173.107,489.181,137.943,494.321,108.347,503.827,249.094,519.796,207.655,531.562,182.616,541.326,158.194
OPEN PALM,261009-133914-OPEN_PALM-2,461.562,354.977,435.642,352.094,414.374,339.428,406.577,330.296,398.728,332.174,435.156,234.286,430.462,178.338,432.373,143.832,437.695,114.53,461.77,226.498,460.366,163.013,462.372,123.415,467.152,90.653,485.403,232.397,491.914,173.461,497.141,138.907,502.499,110.235,508.181,248.316,524.087,207.796,535.17,183.092,544.293,159.217
OPEN PALM,261009-133914-OPEN_PALM-2,467.554,352.104,443.001,350.729,425.137,339.026,419.915,327.871,412.231,326.415,443.598,233.389,439.612,177.346,442.85,142.743,449.077,113.728,468.223,225.007,468.673,161.71,471.766,121.475,477.221,88.51,490.246,229.689,497.027,172.243,502.805,137.761,509.16,109.431,511.932,244.366,527.559,204.95,538.053,180.529,546.897,157.599
OPEN PALM,261009-133914-OPEN_PALM-2,470.031,350.642,446.362,349.074,430.739,338.414,431.429,330.883,431.867,328.17,450.491,232.777,449.299,176.355,453.738,141.981,460.435,113.697,474.376,224.509,476.858,161.809,480.731,122.003,486.22,90.204,495.375,228.948,503.392,172.644,509.204,138.299,515.245,109.953,515.204,243.004,530.597,204.11,539.877,180.762,547.586,158.793
OPEN PALM,261009-133914-OPEN_PALM-2,466.885,348.684,445.137,348.758,432.4,336.444,436.59,326.723,445.342,318.494,452.197,233.503,452.444,178.648,457.621,144.212,465.32,115.851,474.771,224.993,478.097,163.691,483.118,123.5,489.434,92.303,495.121,229.355,503.238,174.092,509.914,138.862,517.016,110.267,514.135,242.189,529.496,204.106,538.59,180.696,546.371,159.252
OPEN PALM,261009-133914-OPEN_PALM-2,464.671,346.905,442.983,345.475,431.571,332.307,439.675,322.223,450.636,312.801,451.421,233.179,452.384,178.573,458.144,143.974,465.881,115.376,473.034,224.91,477.191,164.757,482.55,124.913,488.591,93.296,492.855,228.809,501.223,174.699,507.547,139.526,514.239,110.438,511.623,241.405,526.901,204.024,535.861,180.449,543.495,158.465
OPEN PALM,261009-133914-OPEN_PALM-2,464.02,346.374,443.245,346.495,431.876,334.341,438.613,323.422,451.817,312.903,450.744,233.885,451.859,178.872,457.862,144.497,466.094,115.913,472.2,225.861,476.255,166.13,481.931,126.508,488.512,95.454,491.707,230.042,499.849,177.044,506.198,142.318,513.283,113.909,509.88,242.168,524.332,205.863,532.756,182.59,540.5,161.031
OPEN PALM,261009-133914-OPEN_PALM-2,461.657,348.285,438.607,342.805,432.004,321.997,451.049,300.254,470.904,279.22,449.439,233.881,452.693,180.138,459.264,146.16,467.654,118.646,471.573,226.417,477.217,167.03,483.177,128.615,489.403,98.498,491.565,231.247,500.253,177.742,506.747,143.632,513.251,115.771,510.115,244.729,524.095,207.758,532.432,184.218,539.76,163.325
OPEN PALM,261009-133914-OPEN_PALM-2,463.183,348.182,442.662,346.638,434.348,333.02,445.005,319.596,460.186,305.382,452.283,236.838,454.961,181.965,460.982,148.042,468.758,119.61,474.456,229.826,479.793,170.394,485.704,131.638,491.912,101.352,493.91,234.507,502.417,181.979,508.694,147.42,515.253,119.156,510.82,246.495,524.707,210.981,533.052,187.806,540.539,166.879
OPEN PALM,261009-133914-OPEN_PALM-2,466.681,350.139,447.146,349.281,436.989,336.712,442.518,326.065,453.091,315.319,455.617,237.854,458.425,183.41,464.994,149.846,473.22,121.933,477.904,230.708,483.403,171.577,489.556,132.868,496.028,102.263,497.501,235.135,505.933,182.734,512.719,148.296,519.781,120.111,514.947,247.294,529.74,211.862,538.654,189.334,546.379,168.866
OPEN PALM,261009-133914-OPEN_PALM-2,466.651,351.01,445.313,348.847,433.876,335.055,440.671,324.107,448.731,314.062,455.039,236.432,456.8,182.631,462.609,148.791,470.444,120.733,477.506,228.838,482.631,169.495,488.372,131.06,495.039,100.277,497.374,233.649,506.799,180.601,513.95,147.302,521.009,119.809,515.536,247.575,531.412,212.084,540.807,189.826,548.615,169.203
OPEN PALM,261009-133914-OPEN_PALM-2,466.417,351.978,442.887,348.987,427.305,336.577,425.917,325.931,423.283,322.646,449.882,233.682,450.06,179.505,455.58,145.149,463.711,117.185,474.691,226.692,478.883,166.146,484.054,127.303,490.895,96.017,496.252,232.248,505.123,177.636,511.551,144.177,518.145,116.857,516.419,247.628,531.439,210.028,540.601,187.159,548.096,165.928
OPEN PALM,261009-133914-OPEN_PALM-2,463.448,353.512,436.478,348.344,415.691,332.68,409.17,320.27,406.11,324.533,443.81,232.223,442.21,178.144,446.126,144.399,453.504,116.978,469.626,227.018,472.172,165.177,476.176,126.697,482.967,95.091,492.533,234.483,501.519,177.058,508.748,143.855,516.457,117.068,514.485,251.474,530.745,212.939,541.698,189.43,551.316,167.251
OPEN PALM,261009-133914-OPEN_PALM-2,457.599,350.815,429.479,344.837,406.241,329.679,393.144,318.404,374.727,317.844,432.193,230.837,428.457,175.783,430.202,141.122,435.037,111.367,460.998,224.714,463.124,162.733,466.81,124.099,472.956,91.916,486.247,232.497,496.002,174.51,503.207,140.782,510.43,112.928,510.136,250.003,528.228,210.329,540.56,186.388,551.016,163.422
OPEN PALM,261009-133914-OPEN_PALM-2,453.597,348.211,424.738,342.253,399.4,326.368,378.912,315.091,350.605,312.408,424.797,228.958,417.12,174.225,416.951,139.547,419.473,108.652,455.084,221.908,456.502,160.297,458.92,121.826,462.951,87.937,481.654,230.21,490.678,173.174,496.864,138.054,502.266,107.433,506.47,248.061,525.478,209.021,537.704,184.55,547.567,160.32
OPEN PALM,261009-133914-OPEN_PALM-2,446.348,350.524,410.829,340.826,378.615,321.134,350.976,311.685,319.971,313.394,410.774,229.455,400.884,173.071,397.606,137.401,397.092,105.67,443.502,222.217,444.27,158.98,445.388,119.266,447.39,84.553,473.397,230.774,481.741,171.489,486.79,135.262,490.919,103.086,500.764,249.454,520.578,209.652,533.539,183.715,544.379,158.311
OPEN PALM,261009-133914-OPEN_PALM-2,438.672,352.409,395.655,343.356,357.517,324.174,326.127,312.565,294.476,309.156,399.354,231.664,385.161,175.267,379.854,138.936,377.431,106.242,433.304,223.951,431.995,160.122,431.586,119.184,431.957,83.325,464.355,232.24,471.845,173.542,475.602,136.023,478.205,102.283,493.175,250.851,514.098,210.214,526.732,183.15,536.511,156.407
OPEN PALM,261009-133914-OPEN_PALM-2,434.932,356.792,387.891,344.336,343.321,321.922,308.07,311.057,274.709,311.83,387.95,229.662,372.352,173.612,364.88,137.869,359.74,105.353,422.89,222.005,420.588,157.696,419.482,116.707,418.976,80.985,455.817,230.189,464.052,171.648,467.707,133.877,469.232,99.57,486.938,248.785,508.595,207.527,521.585,179.356,531.318,151.361
OPEN PALM,261009-133914-OPEN_PALM-2,428.88,358.419,378.976,345.932,333.21,324.901,296.137,312.345,262.012,307.834,375.204,230.25,357.021,173.872,348.137,137.914,342.448,105.587,411.073,221.883,406.895,156.993,404.481,115.679,402.648,79.785,445.128,229.191,451.138,169.006,453.348,130.185,453.614,94.979,477.396,247.448,498.802,205.283,511.284,176.098,520.186,147.29
OPEN PALM,261009-133914-OPEN_PALM-2,421.633,360.283,370.933,347.071,322.335,324.461,282.965,312.102,247.737,309.029,362.16,232.008,343.109,175.011,332.576,138.385,324.837,105.965,398.417,223.119,392.73,156.848,389.152,115.245,385.818,79.378,433.527,229.259,438.226,167.298,439.492,127.114,438.626,91.244,467.117,246.249,488.003,203.079,500.546,172.696,509.502,143.469
OPEN PALM,261009-133914-OPEN_PALM-2,416.995,360.001,366.329,347.223,315.848,324.873,274.412,312.744,238.282,310.624,355.073,231.986,333.822,174.68,321.578,137.866,312.545,104.904,390.41,222.641,382.95,156.148,378.358,113.842,374.482,77.567,425.08,228.204,428.725,166.321,429.187,126.168,427.783,90.816,458.762,244.459,479.5,200.666,491.92,169.764,500.847,140.645
OPEN PALM,261009-133914-OPEN_PALM-2,412.473,359.986,359.695,346.258,307.2,322.229,263.361,310.618,225.015,310.265,345.16,231.464,321.317,174.706,307.766,138.293,297.713,105.385,379.944,221.171,370.867,154.732,365.341,111.964,360.632,74.863,414.309,225.765,416.523,163.522,415.901,123.47,413.581,88.016,447.834,241.637,468.103,197.215,480.064,165.571,488.496,135.844
OPEN PALM,261009-133914-OPEN_PALM-2,406.4,358.603,351.691,345.633,298.504,322.449,253.925,310.903,215.284,309.932,335.686,228.602,310.682,172.453,296.168,136.339,285.426,103.871,370.639,218.391,360.274,152.877,353.932,110.155,348.834,72.843,405.163,223.134,406.221,161.814,404.671,122.247,401.443,86.947,439.045,239.13,458.716,194.86,470.208,163.601,477.98,134.107
OPEN PALM,261009-133914-OPEN_PALM-2,397.015,355.987,340.796,344.08,287.177,322.673,241.833,311.904,201.873,311.378,322.917,229.634,296.862,173.388,281.237,137.165,269.329,104.434,357.726,218.563,345.361,152.555,337.207,109.609,330.371,72.159,392.437,222.518,391.988,160.506,388.854,120.479,384.017,84.783,426.968,237.703,445.586,192.99,455.602,161.047,461.988,130.716
OPEN PALM,261009-133914-OPEN_PALM-2,391.586,355.044,334.59,344.977,282.515,323.709,238.876,312.297,199.624,310.242,315.14,228.2,289.115,172.224,273.954,136.169,262.411,103.521,350.307,217.021,337.766,151.167,329.575,108.749,322.727,71.343,385.044,221.086,383.228,158.683,379.9,118.661,375.11,82.595,419.341,236.564,437.569,191.667,447.946,159.82,454.5,129.265
OPEN PALM,261009-133914-OPEN_PALM-2,385.222,354.27,328.262,343.527,275.287,322.673,231.873,312.592,193.267,310.441,308.188,227.563,281.85,171.622,265.775,135.83,253.013,103.582,342.618,216.38,330.542,150.619,322.537,108.301,315.419,71.485,377.054,220.323,374.833,157.732,371.303,117.678,365.979,81.864,411.395,235.784,429.283,190.794,439.385,158.186,445.823,127.344
OPEN PALM,261009-133914-OPEN_PALM-2,380.735,355.026,324.687,343.716,273.006,323.239,230.007,313.323,191.696,311.215,304.894,228.499,278.72,173.481,262.155,138.349,248.288,106.907,338.662,217.509,325.832,152.153,316.783,109.935,308.416,73.056,372.738,221.268,369.691,158.972,365.183,118.633,358.906,82.633,406.751,236.41,424.146,191.296,433.833,158.481,439.861,127.395
OPEN PALM,261009-133914-OPEN_PALM-2,378.43,356.545,322.326,345.095,270.793,324.167,228.067,314.335,189.998,312.887,302.744,229.593,276.045,175.098,259.292,140.381,245.315,109.439,336.614,218.208,323.558,153.257,314.211,111.321,305.728,74.846,370.553,221.863,366.921,160.267,361.809,120.328,355.23,84.708,404.231,236.996,421.049,192.592,430.239,160.273,435.919,129.465
OPEN PALM,261009-133914-OPEN_PALM-2,372.382,357.215,316.296,345.7,265.266,323.631,223.956,312.839,187.375,312.546,297.949,230.834,272.98,175.581,256.892,141.089,243.166,110.511,332.571,220.272,320.246,154.187,310.786,111.891,301.52,75.303,367.043,224.5,363.731,161.555,358.922,121.166,352.083,85.224,401.018,239.977,417.788,194.294,426.646,161.724,431.559,131.02
OPEN PALM,261009-133914-OPEN_PALM-2,368.423,361.913,312.055,349.789,259.256,327.145,217.762,316.864,181.288,316.737,294.115,235.182,268.526,180.341,252.165,145.755,237.874,115.465,327.87,224.864,315.779,158.735,306.499,116.707,297.399,80.417,361.442,228.989,357.592,165.2,352.513,124.743,345.468,88.386,394.708,244.46,411.335,199.113,420.316,166.688,425.351,135.888
OPEN PALM,261009-133914-OPEN_PALM-2,365.021,361.177,309.499,348.754,257.24,326.822,215.479,317.227,178.431,316.359,291.288,234.6,265.949,180.178,249.489,146.211,234.946,116.389,324.538,225.225,312.285,159.709,302.722,118.151,293.442,82.237,357.456,229.985,354.2,166.815,349.317,126.196,342.508,89.699,389.883,245.813,406.262,200.468,415.511,168.031,420.979,137.296
FIST,261009-133914-FIST-1,454.575,296.3,405.116,292.977,357.343,265.978,341.84,227.677,350.404,192.497,378.876,196.071,357.319,172.274,368.574,209.19,381.638,223.377,409.617,188.011,385.766,166.517,394.379,213.36,406.195,223.552,440.4,186.357,417.8,168.971,422.911,217.038,432.758,228.259,475.215,189.994,450.683,179.227,448.973,214.48,455.034,227.016
FIST,261009-133914-FIST-1,456.699,297.886,405.451,294.965,357.064,268.204,340.332,230.747,349.188,196.646,378.425,194.334,355.399,170.34,366.488,206.035,380.24,221.049,409.432,186.813,386.009,165.042,393.641,211.389,404.928,222.08,440.434,186.1,418.56,167.708,422.534,215.082,432.207,226.768,475.037,190.647,450.544,179.447,447.57,214.154,453.526,226.855
FIST,261009-133914-FIST-1,456.621,296.697,404.05,292.569,356.239,267.802,339.498,231.155,347.344,196.304,377.203,195.305,353.644,171.867,364.319,208.049,377.97,221.586,408.391,187.194,384.704,165.876,392.198,212.424,403.653,222.608,439.622,185.883,417.003,167.588,421.981,215.069,432.861,226.415,474.531,189.779,448.954,179.893,447.413,214.313,455.02,226.189
FIST,261009-133914-FIST-1,455.351,296.819,403.587,293.066,355.073,268.137,337.479,231.223,349.881,197.877,379.997,195.616,355.316,172.323,365.373,210.518,377.857,223.057,410.607,187.767,385.655,167.838,393.56,215.053,404.997,222.623,441.244,186.377,417.296,168.942,422.5,216.281,433.139,224.91,475.785,190.33,449.645,179.435,447.995,214.299,455.451,225.306
FIST,261009-133914-FIST-1,454.116,294.314,403.011,290.771,354.601,266.46,337.219,230.012,350.808,196.173,379.323,195.852,352.804,174.261,362.798,212.436,376.503,223.927,410.495,187.564,383.75,168.146,392.01,215.879,404.941,224.121,441.537,185.809,415.66,168.865,421.625,217.535,433.862,227.361,476.6,189.301,448.921,179.789,447.775,215.014,456.296,226.333
FIST,261009-133914-FIST-1,453.856,294.896,402.666,290.283,354.354,265.463,336.036,229.24,350.589,195.187,380.399,193.966,357.04,171.829,366.981,209.603,379.562,222.109,411.446,186.279,386.482,167.334,394.401,214.616,406.41,223.195,442.378,185.228,418.212,168.394,422.881,216.081,433.521,226.039,476.914,189.671,450.695,179.261,448.647,213.645,455.997,224.885
FIST,261009-133914-FIST-1,452.782,291.851,402.055,288.647,352.829,263.85,334.546,226.683,351.976,194.095,377.822,195.81,353.702,173.345,363.805,211.477,376.094,222.447,409.06,187.305,384.644,167.821,393.027,215.247,404.777,222.874,439.945,185.41,416.885,167.764,421.564,215.98,431.914,225.593,474.382,188.801,450.008,178.67,447.9,213.231,454.539,224.216
FIST,261009-133914-FIST-1,452.158,293.328,401.978,287.597,354.8,261.918,336.446,226.836,351.131,195.06,382.778,186.692,356.439,172.619,367.667,211.287,380.706,219.757,413.281,178.726,385.144,169.745,394.474,216.665,407.141,222.455,443.013,177.805,415.825,172.557,421.666,219.486,433.342,226.253,475.385,183.395,447.45,182.775,446.168,216.685,454.448,224.6
FIST,261009-133914-FIST-1,452.601,293.419,402.416,288.032,355.616,261.536,337.45,227.052,349.333,196.447,386.051,181.502,356.499,172.989,365.396,212.094,379.635,220.07,416.254,173.603,383.611,171.009,390.554,217.059,405.108,222.697,445.142,173.93,413.249,174.051,416.903,219.613,430.108,226.051,475.904,181.427,444.149,186.014,442.342,218.915,452.451,226.109
FIST,261009-133914-FIST-1,450.292,293.575,401.229,288.272,355.92,260.06,338.248,224.539,347.881,194.182,389.636,179.956,362.098,168.898,369.952,207.983,383.552,219.139,420.311,172.511,387.186,169.287,393.239,215.915,407.559,223.13,448.845,173.065,415.042,173.19,417.982,219.951,431.449,228.583,478.415,180.761,443.135,185.841,440.993,219.959,451.704,228.829
FIST,261009-133914-FIST-1,448.3,292.054,399.161,286.703,356.643,258.627,340.717,224.502,346.137,194.184,390.575,178.66,360.637,169.14,367.387,208.459,382.157,220.014,420.498,171.144,383.832,168.357,388.66,215.413,404.88,223.257,447.996,172.25,411.291,173.24,413.419,219.756,428.592,228.279,476.206,180.548,439.059,186.896,435.895,221.205,447.474,230.553
FIST,261009-133914-FIST-1,450.325,292.063,398.794,283.612,357.795,254.511,343.19,222.022,347.982,193.306,392.644,177.241,360.622,169.052,367.099,207.123,381.415,218.318,420.712,170.634,382.804,169.836,387.361,214.468,403.168,221.71,447.194,172.52,409.075,173.975,410.952,218.625,425.561,227.101,474.065,182.026,435.845,186.866,432.414,219.909,443.942,229.429
FIST,261009-133914-FIST-1,446.385,293.219,395.598,282.377,357.356,253.114,342.708,221.564,347.99,192.591,398.465,173.684,360.388,167.45,364.658,207.148,380.876,218.624,425.538,168.244,380.739,168.555,384.23,214.516,402.601,221.919,450.559,171.798,405.674,173.84,406.87,219.318,424.314,227.304,475.082,183.75,431.704,188.78,428.063,221.444,442.209,230.822
FIST,261009-133914-FIST-1,446.74,296.399,394.393,278.498,359.699,248.988,345.554,219.866,349.817,191.268,404.497,170.363,363.543,166.201,367.878,205.281,384.405,216.88,428.858,166.246,380.906,167.701,384.942,212.357,403.827,220.302,451.179,170.125,403.2,173.559,405.372,217.287,423.238,225.334,472.601,182.464,426.963,188.85,425.477,219.808,441.194,227.715
FIST,261009-133914-FIST-1,457.181,303.516,395.593,271.23,366.934,240.898,352.056,215.901,351.861,186.963,427.953,167.706,371.967,163.185,373.529,200.973,391.614,213.269,449.259,167.115,381.763,166.123,383.919,208.888,408.296,215.231,464.825,174.38,398.361,172.92,398.106,214.113,421.735,221.206,473.378,189.078,418.231,191.824,415.119,219.338,435.415,226.351
FIST,261009-133914-FIST-1,461.398,303.32,399.445,269.126,371.902,237.609,356.282,213.792,351.359,183.278,437.665,164.838,376.25,163.182,378.859,200.634,397.58,211.171,455.558,165.457,382.361,166.881,386.453,209.366,411.069,215.639,466.446,173.087,394.855,175.094,397.695,216.676,421.127,223.401,470.814,186.735,414.008,192.489,413.228,220.824,432.907,227.524
FIST,261009-133914-FIST-1,461.357,302.582,402.718,267.576,376.424,234.529,360.048,210.803,356.138,181.216,445.297,163.968,381.241,159.545,383.566,198.999,402.256,209.376,459.917,164.659,383.687,162.831,388.435,206.009,414.343,212.668,466.872,172.891,392.186,170.726,396.358,214.013,421.559,221.153,467.407,187.309,409.277,191.575,410.547,221.346,431.783,228.36
FIST,261009-133914-FIST-1,467.595,303.067,409.579,265.188,384.135,234.259,365.538,211.394,359.868,181.249,450.389,164.937,384.719,159.261,387.475,198.023,406.433,209.098,463.372,166.412,384.919,162.222,390.301,203.303,414.928,212.748,467.556,175.414,391.068,170.258,396.888,211.599,421.931,220.219,465.337,189.776,405.512,193.301,408.815,222.043,430.367,230.167
FIST,261009-133914-FIST-1,473.104,300.818,411.992,262.862,390.534,232.414,371.957,208.022,366.387,179.753,460.48,161.063,391.111,154.757,390.593,192.026,407.663,206.937,470.407,163.697,387.641,160.733,388.826,198.67,411.166,211.878,469.009,175.267,389.879,171.698,392.519,208.818,415.308,220.006,460.142,191.796,397.351,195.7,400.809,223.065,421.916,232.99
FIST,261009-133914-FIST-1,469.839,295.125,412.523,258.044,397.504,227.102,381.882,201.039,371.176,175.026,462.722,158.472,392.122,152.764,390.115,188.706,406.307,205.297,471.257,160.887,384.33,159.885,385.418,197.804,406.772,211.713,468.324,172.918,385.751,174.924,389.665,211.245,411.782,223.247,457.049,189.603,392.452,198.845,396.512,224.235,416.618,233.212
FIST,261009-133914-FIST-1,469.467,295.112,416.465,255.215,401.43,223.213,385.796,198.094,373.504,172.884,463.591,157.968,394.039,152.637,392.322,186.893,408.186,202.231,470.373,161.763,385.101,159.396,387.305,197.531,409.126,209.841,465.584,173.517,385.59,173.734,391.521,211.537,414.922,221.88,453.543,188.212,391.832,198.973,397.823,226.056,419.057,233.417
FIST,261009-133914-FIST-1,469.06,293.026,424.076,251.335,407.562,218.928,389.939,195.121,374.678,173.122,461.503,160.573,398.284,153.494,396.159,185.441,410.452,200.174,464.631,167.19,388.591,156.457,390.229,194.914,410.313,208.725,458.763,178.354,386.478,171.014,393.59,209.545,416.129,221.541,447.131,190.473,392.543,197.902,398.685,225.157,418.913,233.85
FIST,261009-133914-FIST-1,469.663,295.044,426.938,248.706,415.625,212.536,406.206,188.78,399.725,168.054,461.615,160.851,398.642,154.579,396.189,185.706,410.084,200.601,463.7,167.69,387.79,158.735,390.526,197.845,411.278,210.918,458.316,178.041,385.36,171.908,392.861,210.626,415.817,222.014,447.664,188.984,390.184,197.619,398.661,225.348,420.722,233.706
FIST,261009-133914-FIST-1,466.848,293.077,427.18,246.271,415.984,210.921,406.861,188.391,400.39,169.786,460.927,159.553,398.355,154.859,397.234,186.304,411.371,199.777,462.929,166.703,387.254,158.386,390.782,197.329,411.375,209.608,457.35,177.494,384.854,171.694,393.538,210.389,416.896,221.709,446.381,188.321,390.033,197.559,399.469,225.255,421.823,233.648
FIST,261009-133914-FIST-1,467.584,293.661,423.102,249.046,409.44,214.995,395.711,191.189,385.413,168.882,461.789,159.148,396.805,152.544,393.617,183.738,407.362,198.271,465.042,165.655,386.539,158.307,389.232,197.526,409.297,210.818,459.65,176.2,384.948,172.527,393.395,211.512,415.901,223.356,448.549,188.026,390.446,198.474,399.502,226.126,421.065,234.667
FIST,261009-133914-FIST-1,466.454,292.776,419.495,250.628,404.359,219.189,387.763,195.48,375.406,171.584,461.167,158.659,393.979,153.246,393.387,186.638,409.111,199.984,467.248,164.575,384.725,159.747,388.039,196.934,408.855,209.0,462.202,176.854,384.413,173.685,392.332,211.074,414.574,222.268,450.32,191.246,391.941,198.548,396.286,223.341,413.943,230.482
FIST,261009-133914-FIST-1,469.349,293.09,412.222,255.695,397.916,223.993,382.232,198.313,369.403,173.147,462.545,157.88,393.075,150.484,389.651,183.702,404.503,198.828,470.48,161.809,386.259,159.162,385.499,194.549,405.078,207.662,466.464,175.121,387.061,176.015,390.546,210.305,411.211,221.639,454.166,192.766,393.387,200.663,397.479,224.531,416.52,232.74
FIST,261009-133914-FIST-1,464.404,291.964,407.168,254.434,389.317,225.382,372.605,201.694,367.789,176.937,456.863,157.534,388.313,152.469,386.714,188.617,403.678,205.699,467.999,161.455,383.908,160.128,383.835,196.74,404.672,211.029,467.614,175.341,386.778,174.826,388.729,210.306,409.515,223.79,458.947,194.535,395.513,198.181,395.851,222.038,413.422,232.464
FIST,261009-133914-FIST-1,463.387,295.757,406.222,259.613,383.75,231.313,365.791,207.304,362.325,180.549,451.731,161.529,384.492,155.706,385.466,194.027,403.962,206.26,465.658,165.242,384.127,164.98,388.215,202.186,411.529,211.49,468.927,178.758,389.168,177.549,393.03,214.96,416.099,224.45,463.759,197.451,399.046,201.236,401.088,226.894,421.26,235.851
FIST,261009-133914-FIST-1,462.288,298.739,404.989,262.855,380.88,233.683,363.252,210.486,358.324,181.348,446.338,165.229,381.897,158.751,383.585,197.025,402.789,207.499,461.667,168.584,384.567,165.389,388.074,204.962,412.568,211.722,467.899,180.663,392.065,176.438,395.563,216.863,419.73,224.726,466.605,197.522,407.883,201.436,410.24,229.383,431.23,237.392
FIST,261009-133914-FIST-1,455.713,302.614,398.89,266.508,370.974,236.844,353.998,213.479,353.496,185.318,440.852,164.479,377.09,162.686,377.751,200.017,396.074,210.991,459.517,166.618,382.777,169.821,386.401,211.747,410.871,217.783,469.987,178.174,394.49,182.171,397.961,223.25,421.399,229.295,472.826,197.4,414.537,202.514,415.34,229.746,434.919,236.817
FIST,261009-133914-FIST-1,446.79,304.679,392.521,282.303,356.862,249.355,340.769,219.392,345.738,192.016,411.608,167.887,360.743,168.586,364.627,209.194,382.794,219.768,437.442,165.741,378.075,173.923,383.202,218.765,403.889,224.516,458.449,174.051,399.168,182.359,401.956,224.98,421.591,230.809,474.508,191.62,421.639,199.628,420.837,229.064,438.076,235.872
FIST,261009-133914-FIST-1,441.336,303.626,390.185,287.265,353.421,255.544,337.99,223.267,344.375,193.719,403.761,171.134,357.453,171.352,363.188,212.128,381.932,220.681,430.791,167.615,377.789,175.904,382.945,222.112,402.751,226.414,454.166,174.426,401.393,182.539,403.229,228.063,422.393,233.848,474.823,190.569,426.226,199.175,423.143,231.206,438.864,239.42
FIST,261009-133914-FIST-1,445.945,303.432,396.38,291.717,353.48,260.066,334.835,225.552,343.282,196.058,396.529,177.877,358.608,170.484,365.718,211.092,382.199,220.71,425.842,173.144,382.857,174.763,388.367,221.775,405.341,227.472,452.914,177.309,410.38,180.076,412.253,227.28,428.305,234.763,479.379,190.185,438.575,194.049,434.157,228.88,446.14,239.292
FIST,261009-133914-FIST-1,445.507,303.835,396.907,293.309,353.238,261.865,337.153,226.311,345.826,195.301,392.836,178.559,362.431,169.283,368.992,210.922,383.22,220.445,424.447,173.426,388.753,172.158,392.254,220.538,406.755,226.677,453.842,177.053,418.388,178.425,417.811,226.726,430.98,234.248,483.852,188.732,449.144,192.068,443.521,226.592,453.282,235.563
FIST,261009-133914-FIST-1,448.88,304.732,399.642,294.686,353.852,263.403,336.456,226.429,347.094,195.064,393.846,183.273,365.143,170.888,372.642,211.554,386.4,220.896,425.136,178.182,391.629,171.893,396.647,220.135,410.883,226.208,454.886,180.483,421.916,178.128,422.564,226.346,435.249,233.841,485.914,190.488,453.727,189.68,448.219,224.694,456.982,234.577
FIST,261009-133914-FIST-1,450.491,304.938,400.262,294.667,353.625,265.135,334.019,228.472,347.53,196.269,390.512,191.289,366.617,169.657,371.926,210.319,384.081,223.987,421.929,185.917,394.116,170.559,397.646,220.255,409.969,229.618,452.62,187.139,425.14,174.363,425.302,223.923,436.308,234.822,485.801,194.989,457.939,186.086,452.335,221.925,459.381,234.368
FIST,261009-133914-FIST-1,446.936,301.926,396.512,295.364,349.824,266.638,332.563,227.859,346.822,194.819,385.916,195.258,365.524,169.942,371.285,209.906,382.873,225.938,417.04,189.751,392.701,169.762,397.59,219.038,410.267,228.168,447.609,189.988,424.461,171.683,425.798,220.855,436.455,231.628,481.364,195.89,457.087,181.846,452.191,217.158,458.619,229.801
FIST,261009-133914-FIST-1,441.27,298.864,395.26,296.027,347.408,267.401,331.734,227.707,349.401,194.915,374.736,196.624,356.912,169.071,363.447,210.741,373.681,227.528,407.799,190.491,387.182,166.677,391.564,218.489,402.286,228.335,440.354,190.83,421.376,169.048,422.132,221.091,430.91,233.245,476.173,196.213,455.926,178.594,450.47,216.575,454.691,231.486
FIST,261009-133914-FIST-1,445.482,299.108,395.223,294.09,346.85,265.936,331.731,226.269,351.146,194.673,382.584,195.097,365.771,166.816,369.792,207.33,379.152,222.462,414.53,189.628,394.678,166.334,397.682,216.811,407.933,223.669,444.857,189.986,426.956,168.308,425.754,218.097,433.916,227.02,478.039,195.421,458.917,178.569,452.74,214.64,456.877,226.909
FIST,261009-133914-FIST-1,441.261,297.258,394.149,294.119,344.493,266.512,329.509,225.99,352.143,195.871,375.649,196.48,358.882,168.155,364.464,209.957,372.826,226.741,408.41,189.835,388.953,165.396,394.539,216.807,404.522,225.262,440.144,189.613,422.984,166.57,424.356,216.963,431.974,227.138,474.968,194.838,457.566,175.275,452.644,212.012,455.713,225.793
FIST,261009-133914-FIST-1,439.693,294.133,393.464,292.65,342.586,266.854,326.408,226.019,351.279,194.689,364.657,196.038,348.358,170.965,357.223,211.38,366.365,226.149,399.889,187.031,383.431,164.021,391.694,216.808,400.548,226.362,433.886,186.319,421.873,167.282,423.934,218.661,428.658,228.926,470.228,191.477,457.409,175.656,452.336,213.019,452.108,226.684
FIST,261009-133914-FIST-1,436.899,294.414,390.847,288.951,342.177,265.18,325.156,226.193,349.027,196.375,363.061,196.426,346.88,168.898,349.952,203.194,357.419,220.987,396.719,187.102,380.097,161.066,387.217,212.742,398.435,226.079,430.47,186.413,417.743,163.945,419.813,213.333,426.822,226.201,467.247,193.005,454.292,173.129,448.939,208.38,449.417,222.971
FIST,261009-133914-FIST-1,429.757,292.522,383.511,288.575,333.339,265.401,318.679,225.119,345.632,195.505,351.652,196.084,339.05,167.335,346.399,202.264,354.387,218.955,386.034,186.377,373.229,158.485,382.702,209.643,392.195,222.94,420.275,184.815,412.942,161.126,416.43,210.743,420.879,224.49,456.77,190.501,448.613,169.156,445.209,205.0,444.11,220.419
FIST,261009-133914-FIST-1,421.189,290.249,377.886,284.423,330.325,262.65,315.816,223.965,343.189,193.812,340.533,192.11,329.597,165.072,340.67,203.202,347.774,220.104,374.317,180.867,365.53,155.173,378.302,206.677,384.35,220.505,408.383,178.347,405.256,155.176,411.085,204.652,412.249,220.257,444.056,183.807,441.877,163.831,439.823,199.111,434.94,216.077
FIST,261009-133914-FIST-1,419.738,286.718,377.45,282.599,331.744,260.019,321.864,221.296,348.927,191.976,333.523,189.248,330.591,163.357,342.949,203.532,346.801,218.75,367.763,177.762,366.31,151.404,378.775,203.641,380.152,217.309,401.9,174.598,405.335,151.893,411.875,201.579,408.981,216.788,437.153,179.701,440.263,160.416,439.394,195.964,432.1,212.152
FIST,261009-133914-FIST-1,419.582,283.457,378.735,280.602,333.804,258.821,322.835,220.983,349.773,190.958,330.24,190.222,329.357,165.005,343.767,200.108,347.569,215.912,364.217,176.844,366.535,151.139,381.135,200.829,380.129,215.361,398.147,172.254,405.949,151.639,413.933,198.901,407.976,214.011,432.693,175.873,440.195,158.922,441.684,193.404,432.704,209.321
FIST,261009-133914-FIST-1,419.998,278.498,380.074,279.842,336.523,258.655,330.449,218.605,357.381,188.068,331.118,183.447,335.835,164.184,351.903,205.258,353.387,216.2,364.121,171.111,374.639,154.018,386.868,207.229,378.714,211.38,397.311,166.596,413.049,153.94,417.886,203.966,406.206,209.079,431.247,169.205,445.155,160.836,445.947,197.469,434.024,206.292
FIST,261009-133914-FIST-1,424.6,275.749,384.462,277.169,344.706,255.374,344.239,218.964,368.494,187.663,338.498,172.694,358.322,168.847,373.197,207.023,370.215,214.541,370.794,159.776,395.248,160.295,403.53,208.68,392.965,213.273,403.658,157.149,430.409,159.97,432.746,204.951,419.47,209.359,436.659,162.68,457.797,164.603,457.939,198.916,444.468,206.946
FIST,261009-133914-FIST-1,434.4,273.761,396.6,278.169,360.128,255.971,362.034,219.034,385.428,186.131,345.264,171.323,373.801,168.215,388.84,206.099,385.716,214.895,377.796,158.366,410.281,160.833,417.337,209.709,406.154,214.027,411.343,155.704,443.965,161.305,445.033,206.656,431.4,209.188,443.804,160.39,468.131,166.132,468.447,201.306,455.509,207.224
FIST,261009-133914-FIST-1,434.272,269.504,398.445,274.738,367.921,255.734,371.559,223.111,396.365,190.54,351.686,168.998,379.75,168.368,394.139,205.478,394.114,218.75,384.667,160.158,413.507,157.551,421.337,205.914,413.911,215.208,418.52,158.058,446.501,160.515,448.416,205.005,436.971,211.473,448.768,160.124,471.777,166.294,471.174,201.588,458.049,210.747
FIST,261009-133914-FIST-1,435.297,270.5,400.7,277.011,372.05,257.87,378.668,224.627,402.312,190.972,352.524,168.245,386.159,174.993,397.151,210.93,392.146,219.944,385.551,158.518,420.306,162.431,425.425,212.568,413.785,215.169,420.603,156.181,452.691,164.993,451.91,210.282,436.466,211.154,452.014,158.541,477.519,169.01,474.482,203.951,458.21,208.693
FIST,261009-133914-FIST-1,437.583,267.389,404.705,277.286,379.986,259.732,390.837,227.696,411.007,191.924,356.008,169.485,397.641,177.576,408.567,213.36,401.737,222.684,388.31,158.749,427.98,163.904,431.838,214.751,419.222,217.433,423.507,156.252,459.606,166.531,456.863,212.215,440.222,211.772,454.691,157.63,482.515,169.609,477.654,204.984,460.445,207.489
FIST,261009-133914-FIST-1,441.688,268.805,411.036,277.32,388.856,259.555,402.365,227.751,424.389,195.186,362.289,170.812,408.234,176.252,416.478,213.344,408.08,224.115,395.256,158.218,438.551,166.448,438.984,215.204,427.232,220.236,430.111,155.823,470.238,168.681,464.425,213.855,449.198,217.519,461.059,158.424,490.823,173.008,484.639,207.302,468.31,212.349
FIST,261009-133914-FIST-1,440.285,268.158,414.847,275.467,398.197,258.83,415.576,228.992,436.488,196.451,371.726,172.503,426.687,173.862,432.706,209.557,423.229,223.749,403.422,160.829,453.646,166.196,452.97,214.61,440.714,223.937,436.779,158.901,481.304,169.921,475.523,213.668,460.677,220.339,465.656,161.592,497.749,173.346,492.596,206.295,477.508,213.509
FIST,261009-133914-FIST-1,451.69,275.456,422.833,282.586,406.334,264.084,427.353,231.529,449.907,200.204,377.697,175.698,433.202,176.182,441.19,213.572,431.175,228.3,409.594,158.117,463.509,172.467,462.518,221.399,447.794,232.731,442.139,154.647,490.463,175.206,484.074,220.119,467.359,229.567,470.395,159.382,506.103,176.017,501.292,209.416,485.691,217.903
FIST,261009-133914-FIST-1,443.526,269.117,426.76,275.857,414.69,263.905,433.919,236.547,460.409,205.365,384.071,179.411,440.714,186.615,442.05,219.443,429.165,227.558,413.918,165.45,468.638,178.343,466.479,227.777,453.412,231.932,445.978,159.657,494.484,178.703,487.529,222.041,471.715,227.889,474.484,158.431,510.269,174.982,505.545,207.645,491.017,215.001
FIST,261009-133914-FIST-1,450.517,273.611,429.46,280.948,418.956,267.448,442.038,238.951,466.944,208.023,386.299,179.332,444.917,188.5,445.239,223.642,430.061,230.546,416.183,163.652,472.927,183.482,468.219,232.028,450.7,233.662,447.347,158.675,497.388,182.906,489.441,225.086,471.802,229.86,475.021,159.916,513.009,178.309,507.855,209.97,492.786,217.091
FIST,261009-133914-FIST-1,449.299,274.378,429.847,283.252,425.249,267.67,454.978,238.637,480.646,210.739,390.918,183.148,447.889,191.921,450.58,222.635,435.357,224.001,421.271,167.681,477.556,186.551,471.842,233.746,450.932,231.698,451.061,161.302,501.532,183.857,493.776,224.813,474.57,224.889,476.905,161.09,516.248,180.28,511.391,209.736,495.818,214.904
FIST,261009-133914-FIST-1,453.267,278.165,434.199,287.855,430.694,274.514,459.407,246.157,484.752,216.527,393.631,186.385,459.63,197.461,457.564,227.718,436.487,229.159,421.778,169.694,484.803,192.683,476.002,237.722,451.953,236.01,450.346,163.267,504.662,189.274,494.916,228.85,473.929,230.148,475.634,163.193,516.86,183.906,510.922,213.229,494.228,218.412
FIST,261009-133914-FIST-1,451.681,277.532,432.47,288.019,428.473,275.362,455.787,247.561,481.916,217.706,395.021,187.771,460.419,199.578,456.375,232.386,435.114,234.07,424.195,171.131,485.647,190.727,476.156,237.888,453.642,236.213,453.012,164.103,506.804,187.828,495.988,228.809,475.153,229.096,478.458,163.33,518.288,183.27,511.405,212.621,493.975,217.815
FIST,261009-133914-FIST-1,446.59,281.092,427.209,288.032,420.208,274.208,445.589,244.834,470.006,214.703,390.264,183.936,454.566,190.88,454.566,227.247,438.257,237.429,421.427,165.783,480.698,188.722,473.284,237.694,454.238,243.624,452.675,161.769,503.204,189.317,493.766,232.794,476.062,240.768,478.796,165.991,516.406,187.834,509.404,220.024,493.716,228.375
FIST,261009-133914-FIST-1,444.486,276.321,423.939,286.408,411.845,274.078,433.507,246.296,458.525,213.938,383.718,184.813,439.939,188.976,441.944,219.812,429.68,228.973,414.081,170.554,470.094,186.819,465.311,237.888,450.705,244.208,445.763,166.323,494.344,189.289,483.954,236.059,466.177,244.629,473.235,167.188,510.308,184.964,504.145,219.402,489.638,228.674
FIST,261009-133914-FIST-1,444.942,279.373,420.749,287.488,405.379,272.548,427.069,243.58,451.643,212.918,381.48,185.873,431.7,186.245,438.668,217.804,432.058,232.384,413.137,171.25,465.153,185.808,461.067,236.409,445.97,243.722,446.15,167.383,491.714,188.605,481.755,234.372,463.873,240.956,474.612,169.159,509.831,186.845,502.399,220.295,486.32,227.329
FIST,261009-133914-FIST-1,446.069,281.331,418.562,289.175,397.98,273.02,415.944,242.875,443.539,212.416,379.334,181.579,428.688,189.067,429.932,222.885,418.797,231.221,412.51,170.585,460.086,180.96,455.056,230.647,441.668,232.68,447.002,169.765,489.701,186.719,479.363,230.882,462.915,231.656,478.095,173.866,509.214,191.344,500.582,224.629,483.955,227.6
FIST,261009-133914-FIST-1,451.375,290.203,419.804,294.257,397.313,275.569,412.985,245.982,439.65,215.319,383.866,181.269,422.056,198.573,426.541,233.856,420.298,239.321,418.583,174.413,456.437,189.27,451.36,240.233,440.606,239.749,454.253,176.027,489.376,194.55,478.33,239.05,463.464,237.293,485.618,181.867,511.875,199.892,501.94,233.613,485.875,234.873
FIST,261009-133914-FIST-1,455.61,296.88,420.75,297.127,396.682,274.55,411.114,244.572,439.041,214.967,389.705,180.389,420.145,201.073,426.502,237.631,423.02,242.755,425.0,177.294,458.043,191.03,453.239,243.154,442.391,241.705,461.292,182.185,492.877,199.166,481.619,244.283,465.996,241.625,492.628,190.96,516.957,207.154,506.402,241.284,489.901,241.928
FIST,261009-133914-FIST-1,453.086,301.937,418.686,299.613,390.508,276.449,400.142,243.263,430.302,215.854,387.445,186.526,410.891,194.433,419.238,232.429,419.103,238.526,422.207,180.345,452.092,190.242,448.33,243.196,438.979,242.896,458.142,183.006,487.774,198.043,477.692,244.47,464.179,243.916,489.902,190.7,513.922,207.503,504.031,242.447,488.637,245.305
FIST,261009-133914-FIST-1,453.12,303.229,416.454,300.117,386.305,276.432,393.018,243.525,421.609,216.418,388.399,187.876,408.922,197.361,414.967,233.404,412.296,236.769,422.22,184.513,449.186,192.663,445.617,244.641,436.311,240.835,457.348,187.156,484.577,200.601,475.026,246.582,462.074,243.885,488.942,193.493,510.888,209.002,501.721,244.183,486.945,246.633
FIST,261009-133914-FIST-1,453.48,307.932,416.683,300.941,381.456,277.003,385.188,244.116,415.084,219.734,385.352,199.115,391.301,187.594,402.141,197.894,410.908,197.956,419.673,188.857,441.701,191.802,440.013,240.178,431.555,244.555,453.72,189.711,480.173,199.976,472.834,245.059,459.953,249.125,485.082,196.8,509.141,211.067,500.529,245.924,485.744,252.327
FIST,261009-133914-FIST-1,454.497,308.904,413.139,300.792,375.474,272.059,377.761,235.484,411.226,212.6,387.23,195.94,391.0,183.38,404.146,209.285,412.11,220.898,422.128,185.487,438.672,181.86,443.48,228.902,440.292,242.728,456.045,187.04,476.848,193.184,473.729,237.053,464.773,248.824,487.61,196.826,506.933,205.415,500.574,238.846,488.773,249.923
FIST,261009-133914-FIST-1,453.008,304.944,409.944,297.565,369.204,268.781,368.081,230.389,401.839,209.192,385.152,205.344,381.755,176.521,386.332,184.555,391.45,196.582,420.206,195.341,424.288,171.46,429.32,214.653,430.9,236.14,453.975,195.643,465.435,183.218,463.793,226.314,458.635,245.65,486.682,204.131,499.229,198.232,491.582,230.955,480.882,247.073
FIST,261009-133914-FIST-1,453.12,301.119,411.337,289.768,369.219,263.3,362.482,224.926,392.32,200.406,385.393,195.467,385.164,169.086,388.135,199.174,388.967,220.056,423.015,188.876,421.572,163.695,425.235,214.573,427.661,236.801,458.23,191.17,461.552,174.021,458.664,222.345,454.846,243.126,492.434,201.476,494.679,189.885,486.466,224.764,477.495,240.905
FIST,261009-133914-FIST-1,451.557,298.313,410.637,286.673,368.046,257.434,359.583,217.122,390.997,194.441,387.539,190.751,386.546,161.664,388.917,193.644,391.907,212.913,425.774,186.817,425.036,158.991,425.402,210.916,428.009,231.953,461.582,190.836,464.327,170.787,458.263,219.716,455.156,239.517,495.749,201.943,495.295,185.726,485.854,220.556,478.718,237.098
FIST,261009-133914-FIST-1,452.203,294.967,410.976,281.718,368.336,254.593,357.425,216.202,385.232,191.319,390.767,188.834,386.118,160.068,384.644,189.218,386.808,207.479,428.85,184.886,422.806,156.102,421.122,208.433,425.835,227.846,464.837,190.402,463.97,168.657,455.714,216.776,454.673,234.448,499.595,203.923,496.435,186.053,484.75,218.938,478.564,233.88
FIST,261009-133914-FIST-1,457.181,294.521,414.457,282.784,369.413,251.28,355.712,209.214,386.209,187.098,393.269,185.334,383.432,157.921,387.312,196.396,394.249,211.645,430.542,180.826,419.816,155.654,421.534,210.018,428.389,223.002,466.051,185.401,458.829,165.807,454.225,216.573,456.622,230.079,501.809,197.144,492.905,181.501,482.733,216.713,479.423,230.438
FIST,261009-133914-FIST-1,453.289,292.447,409.147,282.682,363.678,248.92,356.192,206.929,385.27,185.36,390.641,187.492,379.115,156.582,380.329,196.321,387.486,212.617,426.797,184.077,413.353,154.975,413.39,205.402,422.599,218.613,461.166,188.62,449.704,162.644,445.212,212.34,450.483,226.51,497.34,199.232,483.991,179.797,473.483,215.165,472.67,229.902
FIST,261009-133914-FIST-1,451.184,289.859,404.259,282.426,356.771,249.149,349.083,206.439,379.39,184.568,387.989,187.165,372.517,160.375,374.713,201.008,383.003,214.441,423.865,183.242,407.56,156.968,408.323,208.86,418.492,218.807,457.71,187.095,443.917,163.503,439.551,214.414,445.516,225.546,493.624,196.764,478.79,179.568,468.19,215.867,467.96,228.792
FIST,261009-133914-FIST-1,448.696,288.973,403.711,280.009,356.907,249.274,346.897,209.005,374.629,183.992,387.197,185.917,372.888,158.67,376.206,195.758,383.961,213.001,422.901,181.69,404.851,155.787,407.561,206.424,417.821,219.714,457.207,185.531,441.663,163.586,439.699,213.505,446.194,226.878,493.409,196.041,476.599,177.721,467.787,213.548,468.453,228.183
FIST,261009-133914-FIST-1,447.596,289.294,401.874,279.941,355.269,246.563,343.47,204.298,371.195,178.893,392.05,183.362,374.452,156.512,377.747,197.48,386.835,210.443,426.054,181.074,406.819,156.961,407.22,207.021,417.1,215.275,457.994,185.047,439.99,161.859,435.927,212.388,443.424,223.262,492.38,194.2,472.82,176.188,463.626,212.525,466.199,226.525
FIST,261009-133914-FIST-1,446.367,288.38,400.714,277.507,355.363,243.797,343.577,202.214,371.87,176.365,390.021,180.851,370.738,155.691,374.865,195.831,384.978,208.355,424.205,177.907,402.773,154.616,404.341,206.056,415.271,215.556,456.976,181.932,436.96,161.729,434.172,212.985,442.872,224.397,492.261,191.602,470.365,175.058,461.578,210.969,464.893,224.747
FIST,261009-133914-FIST-1,446.65,287.638,400.781,276.705,355.957,242.457,343.929,200.28,371.572,176.018,392.16,179.254,373.609,152.511,376.062,193.716,385.61,206.977,425.796,177.092,405.442,153.247,405.248,204.929,416.092,213.926,458.141,181.618,439.224,159.041,434.598,210.521,443.195,222.04,493.157,191.925,472.759,173.864,462.116,209.251,464.472,223.051
FIST,261009-133914-FIST-1,449.211,292.069,400.426,277.879,356.188,242.676,343.567,200.996,370.41,176.489,401.383,179.955,378.234,157.626,380.443,198.14,391.783,205.889,434.105,177.003,407.949,157.132,407.793,207.373,420.222,212.262,464.742,180.669,439.741,162.474,435.364,212.438,446.261,219.597,497.052,190.269,470.87,178.058,461.424,211.712,467.4,220.713
FIST,261009-133914-FIST-2,152.669,317.788,195.269,310.234,240.636,280.541,245.854,233.391,227.465,198.311,246.458,228.627,264.139,204.483,248.247,233.506,238.1,240.132,215.488,217.767,227.185,198.41,212.312,243.902,210.04,237.657,184.548,213.802,192.021,197.732,183.907,243.258,181.53,240.285,148.721,211.769,160.425,203.596,160.009,236.029,157.328,237.778
FIST,261009-133914-FIST-2,155.141,315.25,197.386,309.923,243.417,280.79,247.853,232.368,231.048,197.474,249.073,228.826,266.195,202.441,249.309,233.033,239.717,240.816,218.476,217.779,229.0,197.731,214.489,243.478,212.723,239.701,187.246,213.621,193.677,197.035,185.229,243.131,183.732,241.888,151.293,211.373,162.075,203.169,161.419,235.65,159.412,237.822
FIST,261009-133914-FIST-2,157.014,315.41,199.275,309.16,245.886,280.016,250.339,233.326,233.117,198.656,250.757,227.742,267.909,203.541,251.836,233.082,241.743,239.905,220.093,216.936,231.51,197.427,217.242,242.931,213.755,239.411,188.914,212.907,195.694,197.303,187.413,243.079,184.338,241.194,153.187,210.859,164.378,203.698,163.291,235.949,159.86,237.218
FIST,261009-133914-FIST-2,160.229,316.111,202.526,309.776,249.07,281.318,254.119,234.04,238.113,199.221,252.636,228.649,271.983,202.654,256.231,233.62,246.488,241.441,221.864,218.11,236.035,196.657,222.165,242.324,219.121,238.843,190.524,214.005,199.996,198.011,191.909,243.2,188.862,241.204,154.699,211.784,168.511,202.892,167.941,234.575,163.669,236.494
FIST,261009-133914-FIST-2,165.356,318.614,209.024,309.305,254.811,277.917,260.389,232.175,242.098,198.108,250.313,219.595,273.017,201.68,259.899,232.328,246.03,236.175,219.806,210.809,235.504,196.759,224.214,243.403,216.565,237.853,188.982,209.541,202.367,197.645,197.548,244.109,189.327,242.667,152.922,211.382,171.089,205.715,173.876,238.587,167.788,241.183
FIST,261009-133914-FIST-2,169.355,317.454,213.427,304.958,257.321,272.002,265.14,231.127,249.657,198.982,236.943,203.303,262.6,195.856,256.656,227.776,243.196,233.402,207.526,196.502,233.932,194.799,225.77,240.566,210.901,239.203,178.044,198.562,203.207,201.778,198.613,246.793,183.497,247.852,145.132,205.999,172.616,207.919,176.059,240.097,164.735,244.46
FIST,261009-133914-FIST-2,171.727,311.447,214.035,296.724,255.01,263.315,263.03,223.554,247.249,192.829,227.666,196.474,257.575,191.384,249.93,227.067,234.209,232.597,198.752,191.009,229.583,188.604,222.895,233.532,206.828,233.869,169.93,194.645,201.654,197.198,198.684,241.22,181.8,243.23,139.065,204.07,171.721,207.141,176.8,237.59,163.824,241.201
FIST,261009-133914-FIST-2,171.906,310.966,213.776,293.505,254.343,259.831,264.127,220.077,247.265,190.142,224.289,192.611,254.907,189.429,248.385,225.26,231.978,230.039,195.9,187.731,228.519,190.204,222.26,233.615,205.178,231.338,168.584,192.305,202.605,197.63,199.246,239.492,181.348,239.751,140.046,202.546,176.005,205.797,178.255,235.756,161.912,239.431
FIST,261009-133914-FIST-2,169.832,310.509,212.671,290.795,250.586,258.369,263.358,220.571,248.349,190.43,220.503,192.053,251.532,186.667,245.69,222.81,229.169,229.326,192.916,187.788,226.428,190.11,220.648,232.883,203.223,231.618,165.877,192.568,201.661,197.316,198.599,238.44,180.407,239.777,137.793,203.02,175.07,206.347,177.696,235.637,161.546,240.302
FIST,261009-133914-FIST-2,168.609,310.889,212.422,289.618,249.911,256.631,262.455,218.768,246.317,188.996,215.343,189.744,250.359,184.777,245.447,221.894,229.679,228.931,188.831,185.728,226.16,191.789,220.07,235.008,202.704,233.815,163.308,191.423,203.036,198.424,199.235,239.981,181.529,241.581,137.289,202.83,177.396,207.269,179.156,237.339,163.299,242.9
FIST,261009-133914-FIST-2,170.726,312.051,216.239,284.66,250.285,251.761,265.875,216.978,250.505,190.101,206.577,187.864,246.353,182.181,242.794,221.275,226.679,228.701,181.497,186.084,226.41,187.936,221.844,231.854,204.091,232.311,158.163,193.183,206.159,196.714,203.046,238.117,184.236,240.329,136.903,206.061,182.748,207.831,184.165,237.818,167.325,244.104
FIST,261009-133914-FIST-2,167.727,312.751,218.315,279.321,249.057,248.721,266.005,216.38,252.296,189.796,203.296,186.317,247.201,182.309,242.514,221.463,226.008,227.808,179.659,185.257,228.827,189.82,223.378,233.402,206.392,231.463,158.178,193.036,209.233,199.132,205.462,239.752,186.293,239.709,140.622,206.066,187.925,209.334,188.07,238.501,170.134,243.508
FIST,261009-133914-FIST-2,169.321,312.638,218.364,278.991,246.526,247.897,264.083,217.41,254.68,189.171,197.896,183.925,246.35,182.386,241.905,220.427,225.561,226.932,176.545,183.508,232.179,188.838,226.12,231.685,209.459,232.662,158.305,192.121,215.437,199.233,210.273,238.911,191.486,240.244,144.594,206.694,194.225,211.011,192.632,238.73,175.081,242.862
FIST,261009-133914-FIST-2,168.6,309.864,216.875,277.432,244.352,247.213,263.001,218.686,256.289,189.502,190.506,178.699,242.933,180.221,241.117,218.304,224.563,226.965,171.406,178.643,232.809,187.456,228.547,230.409,211.031,232.323,156.882,188.958,218.504,198.563,214.394,238.187,195.318,240.945,147.013,206.23,196.14,211.103,195.47,238.048,178.732,242.743
FIST,261009-133914-FIST-2,166.922,306.954,215.382,276.584,241.082,246.381,259.887,219.264,256.214,189.437,187.727,177.282,241.315,179.915,240.292,216.844,224.51,227.524,170.132,176.879,233.542,187.778,229.282,229.533,211.753,233.785,157.78,187.503,221.044,200.327,216.341,238.984,197.442,242.706,150.763,205.465,200.267,212.749,199.049,239.595,182.464,244.21
FIST,261009-133914-FIST-2,166.308,305.927,214.576,275.629,239.397,245.434,257.698,218.776,254.702,190.458,185.554,175.833,241.809,178.997,241.47,215.362,225.647,227.389,167.896,176.471,234.17,187.863,230.736,228.933,213.13,234.155,156.214,188.768,221.757,201.233,217.636,239.012,198.726,243.476,150.034,208.411,199.926,215.862,199.39,241.617,183.685,246.29
FIST,261009-133914-FIST-2,166.362,305.653,213.71,275.078,236.747,244.647,254.947,219.174,254.419,191.744,182.028,175.002,239.254,177.424,239.625,212.952,223.545,223.758,165.491,176.538,232.631,187.377,229.962,226.965,212.551,231.315,155.955,190.173,221.371,201.322,218.15,237.565,199.741,241.714,152.555,211.337,202.082,216.596,202.039,241.297,187.145,246.302
FIST,261009-133914-FIST-2,166.132,304.219,212.396,274.263,234.694,243.831,253.193,219.208,254.825,191.781,178.077,174.893,235.994,175.979,237.525,210.812,222.211,221.859,163.13,176.649,231.473,185.146,229.413,224.186,212.111,228.867,155.657,190.356,221.564,201.018,218.537,236.209,200.31,239.796,154.426,211.176,204.553,217.527,203.916,241.817,188.48,246.255
FIST,261009-133914-FIST-2,163.41,302.96,211.244,274.076,233.932,241.08,251.732,217.554,256.438,192.208,176.655,175.621,234.23,174.946,233.161,206.357,218.033,215.198,163.03,178.801,231.136,183.98,228.083,218.341,212.141,223.291,158.16,193.171,224.47,199.627,221.247,230.233,203.572,234.45,160.133,213.823,211.92,218.111,210.319,240.67,194.86,245.218
FIST,261009-133914-FIST-2,160.07,300.726,208.84,271.896,231.469,238.843,249.463,216.792,257.116,192.053,175.832,174.017,235.207,175.329,232.302,205.573,217.169,212.669,164.627,178.175,233.464,186.189,228.231,218.148,212.387,221.434,161.642,193.548,227.877,202.347,221.755,230.774,203.477,233.945,164.942,214.886,214.934,220.484,211.867,241.386,197.178,245.102
FIST,261009-133914-FIST-2,158.546,300.098,208.513,268.943,230.601,237.751,249.369,216.904,256.693,191.938,174.861,173.707,235.326,176.341,232.474,207.204,217.028,214.452,164.902,178.361,234.235,187.433,228.838,219.451,213.307,222.676,162.625,194.244,229.52,203.886,222.742,232.583,204.279,236.037,166.725,216.234,216.162,221.855,212.402,242.934,197.436,247.156
FIST,261009-133914-FIST-2,159.143,297.776,208.892,267.977,231.966,237.878,250.273,218.154,257.686,195.765,174.84,171.245,236.751,174.642,233.782,204.664,217.4,211.83,163.91,178.758,234.182,188.838,228.1,218.064,211.335,221.416,161.03,197.387,228.283,206.947,222.091,233.054,204.545,236.719,164.236,221.644,215.258,227.636,211.707,247.728,196.433,252.176
FIST,261009-133914-FIST-2,156.335,301.302,206.974,270.659,230.573,240.81,248.945,220.682,255.226,201.054,172.926,171.199,235.959,177.037,233.08,207.471,216.604,213.037,160.3,181.759,232.056,193.544,225.949,223.624,208.164,226.227,155.872,203.346,224.472,213.359,220.232,240.229,202.68,244.246,157.599,230.457,210.58,235.854,209.057,255.931,194.441,260.847
FIST,261009-133914-FIST-2,150.146,304.674,203.46,273.917,227.829,244.145,246.88,223.128,253.229,204.303,169.949,171.402,233.558,179.977,230.306,211.029,213.921,216.535,156.041,183.176,229.711,197.549,222.341,228.398,204.085,230.812,150.378,205.874,221.236,218.004,215.858,245.059,198.059,248.949,150.662,234.05,205.417,240.344,203.275,260.279,188.708,264.981
FIST,261009-133914-FIST-2,146.174,305.662,200.29,274.809,225.927,245.709,246.48,222.303,246.82,205.758,165.786,176.146,228.699,181.38,227.931,213.004,212.033,220.06,149.148,191.441,222.699,202.527,217.791,234.508,200.979,236.936,141.538,216.701,212.314,228.766,208.082,254.363,191.54,256.866,139.442,245.808,192.714,252.402,189.759,268.504,174.883,269.447
FIST,261009-133914-FIST-2,144.697,304.706,196.895,273.459,224.426,246.387,246.516,222.867,243.53,206.858,164.73,180.428,225.853,183.268,224.437,214.814,208.392,222.057,147.874,197.05,219.621,204.784,213.015,237.324,195.797,239.865,138.945,222.009,207.515,231.957,201.838,258.381,185.023,260.776,135.215,249.246,187.769,254.172,183.95,272.331,168.18,274.365
FIST,261009-133914-FIST-2,145.75,308.914,196.682,274.431,221.472,248.441,243.003,225.472,243.484,205.728,158.381,182.529,222.394,184.406,224.149,216.899,208.311,227.157,141.956,199.293,214.592,205.283,210.436,240.535,192.738,245.353,133.063,223.81,200.958,231.045,196.912,259.988,179.2,264.746,129.012,249.839,180.208,253.677,178.162,273.564,162.321,277.851
FIST,261009-133914-FIST-2,157.848,319.18,205.239,286.886,233.18,256.419,247.854,226.803,231.86,205.45,170.821,188.028,224.494,187.643,228.269,222.32,215.37,229.73,144.94,200.076,209.63,208.883,207.422,253.26,190.217,251.72,127.267,220.68,190.664,231.101,190.205,266.35,173.824,264.933,116.22,244.684,166.564,247.715,169.794,272.648,157.323,277.409
FIST,261009-133914-FIST-2,155.75,320.12,208.626,284.119,238.504,258.22,252.037,229.4,231.612,209.461,178.606,191.203,230.853,193.809,230.97,228.218,215.051,232.759,152.216,202.73,210.823,210.773,208.282,257.424,191.216,251.161,132.689,221.821,189.098,230.259,190.051,266.762,174.089,262.133,119.548,242.822,164.687,247.377,169.078,272.371,156.745,274.851
FIST,261009-133914-FIST-2,164.318,324.63,208.031,295.622,237.78,263.605,250.909,231.196,230.746,209.241,182.056,191.212,229.592,191.763,233.172,228.034,219.985,236.379,154.47,196.273,211.094,211.168,209.344,256.941,190.818,252.322,133.433,212.587,189.867,226.152,190.036,265.294,172.505,263.506,117.252,234.816,165.376,239.687,169.731,268.282,156.059,274.571
FIST,261009-133914-FIST-2,167.192,326.132,209.009,300.218,241.3,265.974,251.995,232.011,230.878,210.372,188.996,190.88,233.919,194.661,235.084,231.881,220.108,239.461,160.714,193.287,211.974,210.427,210.932,254.619,192.331,252.256,137.471,207.466,188.64,223.781,189.671,262.245,172.126,262.955,116.932,228.608,162.066,235.944,168.442,263.798,155.814,270.469
FIST,261009-133914-FIST-2,169.851,323.865,207.997,304.917,245.717,269.103,255.218,231.965,231.632,209.219,206.88,191.905,242.269,194.934,239.756,233.371,223.629,242.414,175.489,191.876,213.523,207.83,210.933,251.865,193.076,248.793,147.701,203.328,186.57,219.479,187.708,258.861,170.401,260.11,120.447,221.263,157.188,228.154,164.028,257.549,150.88,264.592
FIST,261009-133914-FIST-2,167.632,322.913,205.069,306.817,245.685,270.949,253.163,232.502,229.864,207.591,212.487,195.577,243.588,197.634,240.676,231.425,225.741,239.853,181.252,192.722,212.915,206.975,210.487,250.535,194.007,246.83,152.336,202.295,183.326,216.463,185.685,256.719,170.051,257.549,122.381,218.704,150.9,224.452,159.881,252.814,149.75,258.028
FIST,261009-133914-FIST-2,159.23,315.504,200.77,305.47,243.237,270.875,247.05,229.996,223.543,203.064,222.902,203.654,244.911,195.982,244.648,214.432,235.111,223.738,190.58,196.57,210.076,194.111,208.654,234.887,199.407,239.076,159.381,200.302,178.554,206.771,180.136,246.658,170.505,251.278,125.666,210.664,146.058,214.42,154.571,243.751,150.158,249.289
FIST,261009-133914-FIST-2,148.076,310.302,197.021,298.584,238.999,268.154,239.641,225.083,215.12,195.234,227.533,205.228,243.088,194.088,237.099,225.765,228.422,233.806,194.401,199.417,207.326,187.54,203.111,233.428,196.038,236.489,163.055,201.178,173.116,196.115,174.177,239.958,168.085,244.188,127.737,206.376,143.235,204.776,150.472,235.766,148.628,241.352
FIST,261009-133914-FIST-2,140.913,306.915,183.45,300.868,229.138,272.477,228.726,226.163,203.385,193.48,232.324,214.847,241.886,193.672,228.042,228.143,221.142,235.785,201.082,203.021,204.793,189.401,194.331,235.426,192.755,233.317,169.282,199.747,169.842,190.926,166.382,236.252,166.896,236.104,133.762,199.676,139.946,200.342,143.189,232.998,145.508,235.013
FIST,261009-133914-FIST-2,137.757,305.963,179.241,301.274,222.783,273.952,219.911,227.995,196.683,194.034,230.866,219.384,237.009,196.378,222.255,233.196,218.729,241.625,199.845,207.148,202.082,191.994,190.338,238.491,190.701,236.04,168.459,202.274,167.169,190.0,161.298,235.217,164.443,233.625,133.826,199.831,137.067,198.412,138.248,231.084,141.555,232.39
FIST,261009-133914-FIST-2,134.565,306.45,175.048,304.534,218.008,278.491,214.493,231.883,191.88,196.952,230.237,219.022,235.726,199.232,220.278,237.424,216.291,244.644,199.204,205.516,199.322,194.46,187.627,242.087,189.175,238.082,167.659,200.446,164.295,194.379,158.849,240.304,163.258,237.372,133.336,198.354,134.781,202.424,136.562,235.654,141.047,235.563
FIST,261009-133914-FIST-2,131.192,304.796,172.049,302.836,214.095,277.804,209.992,231.518,187.828,196.265,228.005,219.505,232.088,200.931,216.189,237.335,211.651,245.08,197.827,205.691,195.547,194.952,183.506,242.424,186.116,239.689,167.133,199.856,160.799,193.233,154.741,238.808,160.309,236.939,133.252,196.566,132.834,199.967,133.566,232.98,138.678,233.44
FIST,261009-133914-FIST-2,130.242,304.217,171.721,302.815,209.774,278.172,204.124,233.029,181.861,196.118,229.619,216.873,231.303,203.124,214.994,239.472,211.141,246.589,198.42,202.935,194.695,195.758,180.616,244.751,185.068,239.456,167.701,197.044,158.354,197.371,152.339,241.354,160.856,234.705,135.292,193.455,129.481,203.942,131.226,235.167,139.478,231.752
FIST,261009-133914-FIST-2,127.349,305.308,168.09,303.044,203.716,277.994,200.543,234.908,180.048,198.532,223.95,219.434,231.753,203.14,219.753,236.571,212.486,251.028,193.815,205.603,193.165,197.054,178.926,244.493,181.449,241.282,164.371,199.202,158.576,197.994,151.546,239.867,156.971,234.777,132.617,194.675,130.255,203.303,131.074,233.6,137.14,231.345
FIST,261009-133914-FIST-2,125.037,306.045,166.662,302.324,199.46,277.308,193.185,234.13,174.528,199.59,219.389,224.163,231.827,204.903,218.852,235.585,208.928,251.54,191.128,209.837,193.306,196.547,177.687,240.854,178.132,241.336,162.515,202.578,159.514,197.54,150.932,237.327,154.804,235.79,130.586,197.33,130.434,203.554,130.607,232.341,136.461,231.744
FIST,261009-133914-FIST-2,123.309,303.515,165.42,301.507,195.142,277.08,190.363,235.795,173.936,199.087,222.658,222.971,230.119,205.78,216.44,236.309,207.056,251.727,192.018,208.681,189.529,196.555,173.093,243.318,176.216,242.335,162.622,200.579,154.71,198.302,146.627,238.937,153.75,234.258,132.151,193.837,127.059,204.568,126.837,233.297,134.632,230.255
FIST,261009-133914-FIST-2,124.655,301.407,167.384,298.014,194.595,273.68,188.316,234.148,172.476,198.636,222.923,216.921,231.821,204.984,217.872,237.245,207.94,252.431,192.177,203.268,195.132,195.223,178.072,240.416,178.422,238.42,162.224,196.747,159.08,199.304,150.3,238.659,155.69,231.903,131.641,191.475,131.134,204.943,130.071,233.157,136.23,228.937
FIST,261009-133914-FIST-2,124.775,301.773,163.435,299.881,194.107,275.981,187.055,235.016,171.579,200.864,221.325,219.739,230.75,206.415,214.977,237.638,204.062,251.793,192.3,203.925,190.393,196.344,174.39,239.211,174.061,239.639,162.247,196.937,154.996,197.422,147.108,236.285,152.216,232.972,130.631,193.797,127.857,201.833,127.311,231.101,133.859,229.583
FIST,261009-133914-FIST-2,124.398,302.479,167.415,299.882,192.882,272.855,181.31,232.284,163.604,198.905,220.978,224.066,230.997,208.451,213.112,240.145,200.945,256.416,191.482,209.413,194.375,195.657,178.125,235.022,174.39,240.406,161.011,202.435,158.779,198.778,150.465,234.102,152.761,233.339,129.633,198.122,130.514,206.537,128.908,231.152,133.883,228.981
FIST,261009-133914-FIST-2,123.102,306.101,161.448,304.854,190.675,280.353,178.853,240.409,159.397,207.809,219.381,225.145,227.756,212.554,208.058,245.658,196.877,256.842,191.433,207.747,191.845,199.849,174.027,241.338,172.431,241.586,160.49,200.55,152.873,204.666,144.351,242.538,149.953,238.148,128.413,198.561,123.477,211.307,123.858,238.697,132.588,235.241
FIST,261009-133914-FIST-2,123.281,302.782,161.249,303.32,185.109,280.778,173.038,242.109,157.052,207.685,219.607,222.494,220.665,214.081,201.931,246.091,191.453,257.161,189.397,207.507,182.278,200.651,166.755,242.703,167.733,244.757,158.551,200.881,146.98,204.313,139.841,242.719,147.694,239.531,127.908,197.529,120.946,210.764,120.578,237.767,130.573,234.524
FIST,261009-133914-FIST-2,119.315,304.498,156.906,303.235,181.389,282.859,166.85,244.094,149.12,213.223,217.088,226.463,208.388,218.767,185.665,246.776,178.615,256.821,189.374,207.574,172.385,202.767,154.298,240.68,157.742,245.88,158.937,199.457,136.732,204.856,128.418,240.691,137.999,242.242,127.386,198.06,111.641,208.908,110.007,234.633,121.352,234.85
FIST,261009-133914-FIST-2,118.846,301.1,154.64,303.798,177.041,285.242,161.976,246.855,145.587,213.452,216.282,222.398,199.205,219.547,179.862,248.497,175.89,258.143,187.368,204.045,165.902,203.25,149.587,242.578,152.628,249.348,155.888,197.192,130.793,204.46,122.637,241.118,131.766,243.443,124.547,196.624,106.657,211.012,104.772,237.3,116.009,237.533
FIST,261009-133914-FIST-2,116.799,301.271,151.643,302.832,169.211,280.353,153.628,244.337,138.278,209.862,210.742,225.709,196.29,215.451,173.082,244.845,166.063,256.818,181.344,211.231,165.849,199.472,146.775,237.867,148.006,246.242,150.16,203.817,130.412,204.287,120.761,241.023,130.806,242.979,120.166,199.143,106.547,209.13,103.369,234.087,115.07,233.783
FIST,261009-133914-FIST-2,115.87,301.218,147.529,302.818,163.904,282.245,147.078,245.486,130.869,211.2,203.606,221.961,177.662,217.373,159.49,246.756,158.979,256.704,175.949,206.575,156.687,198.684,139.445,233.562,139.865,241.248,144.056,200.846,120.032,203.686,112.809,239.884,123.24,244.545,112.283,199.252,97.38,211.145,95.669,235.346,107.938,235.985
FIST,261009-133914-FIST-2,113.782,300.783,144.57,302.572,160.202,282.519,145.513,248.463,130.921,211.896,205.431,222.373,177.648,216.945,158.97,245.861,157.995,253.777,175.36,208.323,154.342,198.148,139.866,235.692,143.032,241.729,142.424,202.494,118.382,204.551,112.634,242.2,124.82,243.13,111.327,198.632,96.252,213.821,94.769,239.679,108.631,237.965
FIST,261009-133914-FIST-2,113.745,302.437,143.998,305.605,164.414,284.549,146.837,246.476,129.699,212.139,205.542,223.575,181.02,216.391,163.574,248.711,163.503,257.793,176.703,207.794,159.246,201.156,143.841,242.825,147.384,247.91,144.578,201.4,122.129,203.75,115.311,243.171,126.38,243.814,112.906,199.174,98.011,211.43,96.774,238.841,109.184,237.651
FIST,261009-133914-FIST-2,116.51,302.603,148.519,305.026,168.403,287.537,154.522,252.055,141.737,218.841,207.136,224.109,186.155,221.182,166.577,249.061,166.285,256.294,179.846,207.146,164.145,200.799,144.509,235.246,145.181,240.386,148.535,200.136,126.816,206.905,117.22,242.99,127.164,245.136,116.634,198.93,102.987,211.86,100.99,237.355,113.198,237.621
FIST,261009-133914-FIST-2,116.549,305.036,149.085,307.603,173.794,286.888,158.836,249.479,139.741,218.279,205.066,220.196,192.268,223.493,175.72,256.573,174.329,258.883,175.426,204.409,159.983,206.328,146.876,248.436,151.129,247.655,143.588,199.756,124.55,209.298,119.934,247.078,128.974,242.393,112.25,200.092,99.933,214.015,100.815,240.692,111.9,236.663
FIST,261009-133914-FIST-2,114.474,306.528,151.756,305.863,172.807,281.571,162.043,245.295,144.301,212.108,204.295,229.169,207.256,215.287,187.008,242.675,174.332,256.472,173.886,216.587,170.855,199.541,153.823,239.685,150.862,248.701,143.019,210.176,134.331,206.006,126.568,240.999,130.352,241.681,112.304,206.373,107.287,213.788,105.865,236.907,113.257,234.629
FIST,261009-133914-FIST-2,112.635,312.4,151.425,306.431,174.482,278.042,164.795,239.734,146.138,206.248,204.64,226.18,207.629,209.748,190.985,241.368,181.65,254.587,173.081,214.753,171.51,198.845,157.507,242.951,158.16,244.48,141.749,209.781,135.092,205.935,128.762,245.329,134.067,241.899,109.75,206.468,107.47,213.701,107.943,241.814,115.32,239.6
FIST,261009-133914-FIST-2,112.492,317.316,151.11,309.541,180.358,280.181,171.582,239.822,150.894,209.112,201.908,229.687,207.236,208.535,191.828,239.882,184.316,253.011,172.275,217.472,170.242,201.029,158.089,242.934,159.736,244.691,141.752,212.095,135.701,204.568,129.728,243.831,134.557,243.059,108.863,209.473,108.547,211.046,108.959,239.571,114.258,239.818
FIST,261009-133914-FIST-2,113.639,318.95,156.172,310.056,185.413,279.719,179.968,238.041,157.201,205.628,202.373,225.928,208.436,207.587,196.755,241.314,189.871,253.657,171.269,215.946,172.333,204.095,160.799,249.536,161.455,245.374,140.817,212.685,139.529,208.367,134.583,248.573,136.383,243.59,108.375,210.912,112.338,215.335,113.177,243.847,114.867,241.78
FIST,261009-133914-FIST-2,117.107,319.595,159.33,312.042,196.759,281.056,189.357,235.566,163.001,203.138,204.833,226.675,210.403,203.375,197.129,240.446,191.708,249.545,173.155,217.085,175.686,202.108,164.996,249.009,164.026,244.529,142.259,213.954,141.06,207.385,136.634,251.056,138.434,245.71,109.097,212.407,113.973,214.888,115.264,246.559,116.371,245.113
FIST,261009-133914-FIST-2,123.75,321.955,165.177,312.757,204.646,281.606,199.538,236.951,171.169,205.696,208.126,222.948,211.647,204.359,199.197,241.768,194.603,248.571,175.432,214.606,176.529,201.824,167.521,248.986,167.962,243.674,143.647,213.242,140.566,208.73,138.481,252.477,141.827,247.46,109.41,213.716,111.225,216.91,115.188,248.279,119.464,247.572
FIST,261009-133914-FIST-2,126.835,326.227,165.931,316.472,208.503,283.264,204.475,238.276,175.453,208.19,210.804,217.944,213.887,204.56,201.344,242.291,194.187,247.373,177.295,208.729,176.274,202.784,169.842,250.775,169.262,244.287,144.364,209.264,139.623,209.456,140.843,254.725,143.702,249.25,109.488,213.501,109.727,220.036,115.812,252.019,120.459,250.198
FIST,261009-133914-FIST-2,127.483,325.062,168.601,317.226,213.231,285.939,207.908,241.058,176.881,210.948,213.688,215.737,218.471,207.987,205.715,246.929,199.474,251.734,180.064,204.461,180.287,204.801,172.832,252.516,171.929,246.958,146.683,205.289,143.465,213.623,143.746,257.219,146.309,250.67,111.935,210.112,113.763,223.776,118.991,255.278,123.253,251.791
FIST,261009-133914-FIST-2,134.319,322.586,175.316,315.514,218.356,290.3,214.646,248.709,185.982,218.886,221.583,210.427,223.673,211.377,211.624,248.335,206.076,255.794,185.89,196.451,186.06,207.965,178.273,253.08,177.358,249.816,151.299,197.172,148.905,219.919,148.38,258.256,149.689,251.901,116.833,204.459,118.536,229.735,123.106,258.311,126.893,253.393
FIST,261009-133914-FIST-2,140.418,317.81,180.632,314.083,218.054,294.868,214.78,259.42,184.84,232.317,226.611,207.901,226.101,210.456,214.124,241.875,206.431,255.495,188.538,194.701,188.385,210.311,179.112,253.911,180.145,254.687,153.305,195.293,149.736,227.167,148.569,261.071,152.302,254.731,119.544,202.959,117.911,235.52,122.179,262.198,128.437,256.761
FIST,261009-133914-FIST-2,142.047,320.863,179.036,319.102,216.818,303.118,214.79,271.93,187.788,246.468,222.954,211.057,226.026,211.946,215.816,240.593,209.401,255.119,185.746,194.826,185.29,215.122,177.76,254.22,178.632,258.46,149.751,195.559,147.059,238.161,145.059,266.786,147.801,259.978,115.669,206.125,115.282,247.625,118.806,270.837,123.456,263.585
FIST,261009-133914-FIST-2,139.316,322.512,178.248,322.858,216.079,307.76,215.355,277.088,185.945,252.494,227.716,212.89,223.172,224.685,211.191,261.056,205.03,271.408,187.012,197.64,180.087,229.969,174.331,270.475,178.716,264.273,149.283,198.823,142.84,247.55,142.787,276.395,146.316,263.212,114.863,208.135,111.587,254.741,116.825,277.581,122.692,265.767
FIST,261009-133914-FIST-2,140.542,324.405,179.724,324.207,216.468,308.745,216.058,279.082,186.764,255.528,226.74,214.104,224.608,226.824,214.104,262.347,207.79,272.312,186.494,198.718,182.401,232.56,177.166,272.063,180.897,265.264,148.74,200.294,144.96,251.639,145.352,279.842,149.244,265.98,114.356,210.658,112.515,259.762,118.14,282.284,124.275,270.147
FIST,261009-133914-FIST-2,138.992,327.277,181.026,328.319,220.731,312.288,221.533,282.987,191.29,261.809,225.383,212.952,226.521,229.819,216.338,267.206,210.389,276.526,185.079,198.523,186.471,237.401,179.221,276.761,180.727,268.369,147.29,202.097,149.361,256.272,147.466,284.55,148.685,270.382,113.032,214.154,115.509,264.609,120.313,286.725,124.408,273.827
FIST,261009-133914-FIST-2,142.535,328.376,184.547,328.863,222.674,316.553,232.222,291.183,205.991,270.811,219.915,211.762,230.854,226.48,229.219,258.553,226.475,271.091,181.624,200.296,192.767,238.814,186.56,277.417,186.643,268.056,146.18,205.435,156.114,258.791,152.272,284.657,149.305,270.36,113.938,219.08,122.142,266.662,123.844,286.082,121.461,274.036
FIST,261009-133914-FIST-2,150.796,329.709,192.08,325.604,230.318,310.854,242.994,285.939,218.523,267.637,217.319,205.726,235.378,219.0,237.704,251.414,235.442,263.144,179.54,197.628,200.656,228.121,196.319,268.309,191.706,262.373,145.728,205.722,166.061,250.911,162.492,278.9,154.81,267.667,115.654,223.224,133.575,262.438,134.976,282.922,128.042,274.796
FIST,261009-133914-FIST-2,150.989,327.359,195.101,319.098,236.024,301.187,249.146,274.22,224.426,257.49,209.805,200.662,232.517,204.83,242.766,227.238,247.813,241.007,174.907,194.994,202.916,222.295,201.788,257.459,197.291,257.035,143.554,205.046,172.729,245.858,169.271,272.657,159.829,267.419,114.481,224.374,141.024,258.593,142.945,279.056,135.051,275.824
FIST,261009-133914-FIST-2,152.962,325.915,196.925,314.787,236.024,295.342,251.292,269.047,229.203,249.234,206.747,198.013,231.102,204.461,243.292,220.355,250.607,230.77,172.824,194.284,206.096,223.419,202.762,260.285,194.758,260.909,142.948,205.672,178.75,245.247,173.657,276.199,161.076,274.882,114.438,226.024,147.736,254.735,149.786,278.717,139.779,280.019
FIST,261009-133914-FIST-2,153.496,327.109,198.992,312.702,239.451,289.174,256.077,260.814,233.353,242.978,204.141,196.243,231.324,203.134,243.29,217.22,249.277,223.438,171.422,194.055,208.918,223.44,204.319,263.046,192.974,261.636,142.431,205.722,182.084,241.25,177.718,275.495,164.164,274.18,114.514,225.939,151.704,249.011,154.367,275.474,143.394,278.883
FIST,261009-133914-FIST-2,155.878,328.493,200.587,311.736,239.519,284.702,256.265,255.636,236.291,234.026,200.554,194.098,233.961,203.563,242.22,224.86,240.868,228.418,168.589,192.828,210.829,220.588,205.628,260.87,191.408,252.912,141.107,204.857,184.792,235.752,181.398,269.666,165.476,264.457,115.171,225.667,154.606,246.061,157.175,271.683,144.261,273.305
FIST,261009-133914-FIST-2,156.53,330.433,200.783,311.875,240.933,281.089,257.399,249.834,237.064,230.013,200.14,193.812,238.686,203.861,244.284,230.374,238.217,234.915,169.159,192.692,213.368,220.566,207.047,263.139,191.087,255.678,142.205,204.492,187.053,234.737,182.54,270.557,166.154,265.78,116.663,224.368,156.873,242.448,159.021,268.529,146.68,271.046
FIST,261009-133914-FIST-2,160.08,328.638,202.609,309.425,243.094,277.879,259.478,244.23,239.007,223.913,202.982,195.113,242.494,200.717,246.201,228.008,236.764,236.523,172.688,192.612,216.819,217.172,210.07,260.309,192.485,256.216,145.965,203.381,191.255,230.149,186.298,267.682,168.871,266.16,119.981,222.279,161.083,237.403,163.989,264.596,151.265,268.934
FIST,261009-133914-FIST-2,155.092,327.999,206.079,304.841,246.098,275.878,262.919,243.56,244.181,218.906,202.709,197.259,245.226,199.798,244.32,234.265,230.114,241.064,173.428,196.857,220.185,211.42,213.182,257.98,194.657,252.33,147.347,207.676,193.359,222.479,189.217,264.105,170.709,261.654,123.006,224.668,164.704,231.736,166.963,261.767,151.831,265.899
FIST,261009-133914-FIST-2,159.458,326.617,206.855,304.896,248.01,273.026,263.49,238.651,243.421,214.618,206.872,196.038,249.692,196.25,245.24,236.187,228.357,243.727,178.634,193.101,223.969,207.218,217.21,252.227,198.69,249.437,152.566,202.126,198.983,216.149,194.278,258.29,175.868,258.569,128.167,217.985,171.281,225.342,172.54,256.329,157.078,261.94
FIST,261009-133914-FIST-2,163.386,323.149,206.396,306.767,249.321,275.053,264.255,239.035,245.388,212.543,214.771,197.525,250.687,195.986,248.02,232.829,233.832,242.941,185.584,192.48,224.395,204.012,218.117,248.961,200.14,248.931,157.876,199.01,197.513,212.767,193.757,255.072,176.343,257.3,130.199,212.603,167.683,220.446,171.06,250.618,157.387,256.248
FIST,261009-133914-FIST-2,162.155,320.661,205.971,306.942,251.468,274.377,265.229,235.484,245.961,207.214,221.965,200.608,255.176,199.254,246.595,237.905,229.396,245.438,192.181,194.597,226.026,202.777,216.916,248.11,198.906,247.327,163.504,199.635,197.925,211.009,192.756,254.124,175.236,255.242,134.199,211.01,168.237,218.995,170.509,249.224,155.988,252.58
FIST,261009-133914-FIST-2,165.31,320.24,206.983,306.754,251.483,274.412,265.351,234.8,247.227,204.842,224.684,201.326,257.073,199.188,248.934,237.752,231.532,243.814,194.608,195.01,228.169,200.595,219.677,246.918,201.855,244.304,165.879,199.104,200.443,207.85,195.712,252.404,177.231,253.282,136.233,209.298,171.103,215.979,173.386,246.976,157.359,250.241
FIST,261009-133914-FIST-2,164.798,319.205,207.038,306.93,252.751,275.439,266.196,235.323,247.941,205.235,228.69,206.167,259.205,198.094,251.486,235.27,235.447,242.29,199.513,199.701,230.225,198.436,221.946,244.951,205.361,243.542,170.847,202.126,202.152,204.073,197.249,249.521,179.664,251.919,139.582,210.139,172.566,211.507,175.439,243.092,161.083,247.78
POINT,261009-133914-POINT-1,516.729,447.761,470.128,427.075,433.646,389.021,426.862,353.894,444.972,327.531,461.446,301.216,453.285,240.059,446.258,205.657,446.301,173.437,491.41,306.225,484.025,249.436,469.006,291.216,468.449,323.754,520.296,318.439,515.239,272.81,496.759,315.121,495.73,347.684,549.344,338.596,543.916,294.959,525.094,320.623,520.236,348.964
POINT,261009-133914-POINT-1,518.155,446.071,470.936,424.772,435.063,385.904,429.503,350.629,449.102,325.712,464.151,299.331,455.223,239.016,448.526,205.591,448.467,173.921,493.884,304.382,488.03,247.542,473.27,287.813,471.595,320.137,522.549,316.85,517.839,272.964,499.724,315.036,497.973,347.383,551.245,337.036,545.923,293.501,527.25,319.116,521.548,347.431
POINT,261009-133914-POINT-1,517.897,445.827,472.242,425.349,436.72,385.713,430.297,350.012,450.433,324.377,465.438,298.829,457.032,237.881,450.539,203.766,451.446,171.924,495.196,304.338,489.345,247.665,473.407,289.719,471.861,322.189,523.905,317.222,519.645,271.321,500.506,313.792,498.773,346.229,552.66,338.131,547.837,294.201,528.619,319.832,523.158,347.961
POINT,261009-133914-POINT-1,519.375,446.434,473.253,425.501,437.041,385.83,430.241,349.445,451.53,323.922,465.72,299.221,456.912,237.843,450.163,203.722,450.92,171.378,495.687,304.183,489.151,246.955,473.112,289.369,471.616,322.609,524.525,316.78,519.771,271.001,500.451,314.419,498.948,347.63,553.274,337.362,547.958,293.41,528.331,319.31,522.67,347.795
POINT,261009-133914-POINT-1,518.277,446.014,472.037,424.477,436.126,384.972,429.72,348.505,451.577,322.317,465.533,297.872,456.94,236.548,450.592,202.464,451.399,170.398,495.736,303.362,489.572,247.417,474.344,289.449,473.054,322.181,524.664,316.596,519.28,272.576,500.049,314.896,498.167,346.819,553.139,337.642,546.963,293.802,527.641,318.948,522.216,346.656
POINT,261009-133914-POINT-1,517.632,444.631,472.484,424.31,435.632,385.171,426.79,349.521,448.859,324.052,464.62,298.691,456.782,237.836,450.444,203.744,451.121,172.029,494.286,303.755,486.76,247.808,471.655,289.281,470.568,321.984,522.887,316.134,516.236,272.088,497.619,314.466,496.188,346.722,551.107,336.383,544.369,293.686,525.389,319.263,520.092,347.092
POINT,261009-133914-POINT-1,513.394,440.208,468.376,419.974,432.687,382.168,422.327,347.875,441.242,328.434,468.36,296.928,464.404,233.781,459.118,198.247,459.337,165.97,495.513,304.439,487.671,251.496,470.644,291.756,469.382,321.87,521.685,318.644,513.599,275.872,492.126,316.744,489.142,347.135,547.746,340.962,540.526,301.152,519.118,326.612,512.826,353.146
POINT,261009-133914-POINT-1,509.421,436.735,467.283,415.4,433.846,376.433,423.085,344.022,437.06,321.616,472.555,294.014,470.942,229.195,466.605,193.004,467.22,160.647,498.793,303.422,488.362,252.394,465.169,291.84,461.126,322.747,523.324,319.225,511.729,275.726,484.905,315.305,479.62,345.948,547.339,342.473,535.22,304.15,510.645,329.041,503.718,355.375
POINT,261009-133914-POINT-1,508.273,428.37,467.78,404.857,435.135,365.818,419.915,337.93,426.54,316.439,478.041,288.585,481.98,223.914,479.767,185.98,481.725,153.284,502.725,300.208,484.281,256.831,453.515,291.071,447.835,319.501,523.48,318.745,503.77,279.934,472.105,312.47,467.083,339.83,541.608,344.264,521.27,308.654,492.29,327.72,485.939,349.872
POINT,261009-133914-POINT-1,518.138,425.37,468.527,399.254,434.743,360.188,416.854,333.671,422.12,313.848,495.951,277.428,491.918,218.845,488.541,181.593,488.382,149.37,520.681,287.656,476.249,250.862,443.209,288.898,439.916,317.319,535.933,306.501,490.222,271.03,458.268,306.055,457.618,335.53,542.66,333.647,506.965,303.34,477.192,323.811,473.181,347.733
POINT,261009-133914-POINT-1,525.689,428.137,471.564,396.313,439.19,356.413,420.332,330.578,417.307,306.2,508.014,277.874,497.955,218.615,494.529,181.901,494.099,148.59,531.409,289.523,473.85,249.36,440.227,287.268,438.428,315.466,540.767,309.04,483.88,269.875,452.786,303.701,454.027,333.309,540.157,334.601,498.615,300.095,470.607,318.974,468.26,342.587
POINT,261009-133914-POINT-1,526.997,430.008,473.227,389.598,444.847,350.144,426.617,324.979,414.207,300.928,513.475,278.993,503.139,217.943,499.505,180.505,500.296,146.447,534.972,292.28,470.298,250.625,435.67,285.053,435.285,308.892,539.584,313.032,475.448,271.188,445.505,301.766,448.798,328.342,533.89,338.417,486.145,300.619,460.38,316.328,460.36,338.661
POINT,261009-133914-POINT-1,528.701,426.293,473.785,382.808,447.618,343.188,428.99,318.35,413.854,295.49,518.091,279.789,509.204,215.901,505.182,177.393,505.013,142.699,538.235,294.998,468.606,252.813,432.453,284.335,430.849,306.935,540.479,317.687,472.625,273.236,442.343,301.351,445.435,326.022,532.088,342.875,483.43,304.599,456.536,318.331,455.198,338.324
POINT,261009-133914-POINT-1,534.474,425.945,476.437,382.203,451.359,341.648,431.972,316.923,412.009,294.898,522.596,279.43,514.843,215.071,510.94,176.203,510.302,141.459,540.882,293.873,468.591,250.166,432.103,280.219,429.607,303.874,540.976,316.933,471.56,270.644,441.452,297.143,443.015,322.482,530.465,342.248,481.164,303.938,453.32,314.061,448.564,332.048
POINT,261009-133914-POINT-1,545.481,432.461,492.528,386.635,465.346,345.309,441.135,318.972,414.071,296.741,529.098,284.246,516.764,217.25,513.59,176.743,511.586,141.003,541.751,297.337,465.799,247.839,433.287,274.987,429.271,296.775,535.623,321.57,462.595,270.659,434.566,292.808,433.312,314.276,519.027,349.261,467.756,310.636,434.2,304.235,418.045,304.641
POINT,261009-133914-POINT-1,549.066,433.153,524.532,381.72,497.835,337.297,465.099,309.781,431.373,293.146,535.952,286.135,519.439,216.166,515.007,174.997,511.601,139.754,539.999,301.194,463.991,247.248,435.569,273.581,431.098,297.515,528.141,327.204,456.262,276.885,435.357,298.036,436.744,318.289,508.105,355.452,459.541,313.416,432.573,303.89,419.787,299.8
POINT,261009-133914-POINT-1,551.447,431.724,536.796,379.642,511.6,333.026,479.08,302.843,445.688,286.227,536.315,286.346,518.988,215.886,514.309,174.019,511.958,139.732,537.372,301.52,463.528,249.548,434.999,273.043,431.38,295.203,524.419,326.729,453.9,278.685,432.122,297.349,433.78,316.237,504.748,354.116,453.815,311.47,432.892,306.909,427.713,308.6
POINT,261009-133914-POINT-1,546.437,424.026,540.453,370.067,522.846,325.236,496.987,294.991,466.072,281.803,534.166,284.644,518.75,215.496,513.685,174.038,510.593,141.04,533.157,298.839,462.009,250.883,434.115,272.609,430.834,293.38,519.018,323.036,452.207,280.608,431.728,297.94,434.182,316.379,499.399,348.797,449.847,309.885,433.363,312.916,432.184,323.043
POINT,261009-133914-POINT-1,548.712,422.927,541.902,368.613,525.155,324.365,500.515,294.748,470.504,282.315,535.109,284.951,519.356,215.105,514.425,173.672,510.755,140.806,533.472,297.126,461.692,250.482,432.917,272.105,428.491,293.724,518.863,320.093,450.948,278.073,428.952,295.844,429.737,315.843,498.482,345.617,447.861,308.052,432.248,313.931,431.719,327.817
POINT,261009-133914-POINT-1,549.115,422.124,545.87,367.476,530.228,322.909,504.643,293.593,474.065,280.854,537.438,285.374,521.065,214.746,515.398,173.176,511.756,140.389,533.722,298.973,462.824,250.537,434.03,270.747,430.232,291.429,518.107,322.458,451.016,278.29,429.762,295.312,431.994,314.807,498.054,347.807,448.058,308.714,433.669,314.334,434.921,327.778
POINT,261009-133914-POINT-1,548.796,423.279,546.617,368.789,530.683,324.795,505.347,295.241,474.979,282.606,536.819,286.404,518.539,216.055,512.22,174.921,508.121,141.739,534.368,299.794,461.83,251.458,433.409,272.601,430.374,293.242,519.404,323.661,451.174,278.552,430.328,295.96,433.351,315.137,499.706,349.472,448.255,309.079,433.187,314.904,434.155,328.556
POINT,261009-133914-POINT-1,548.427,422.76,543.97,369.657,528.656,324.703,505.139,293.423,476.676,278.15,537.3,286.108,517.794,216.604,510.099,175.16,504.512,141.914,535.94,299.178,462.565,250.323,432.726,271.638,427.595,293.583,521.685,322.004,452.331,276.894,428.931,294.42,428.824,314.554,501.923,346.961,450.231,307.629,433.219,311.562,431.561,323.297
POINT,261009-133914-POINT-1,550.816,423.038,539.684,371.454,518.763,327.073,488.889,298.004,459.042,280.014,537.64,286.119,517.581,217.01,508.931,175.811,502.107,142.515,537.077,302.678,464.151,252.542,434.682,272.431,427.486,293.253,524.092,328.607,455.646,283.05,432.884,296.455,430.214,311.768,505.235,356.312,457.355,318.933,436.924,311.163,428.481,309.546
POINT,261009-133914-POINT-1,548.184,431.204,514.064,386.338,481.429,344.543,446.8,319.923,413.82,303.306,533.611,289.298,511.309,220.099,502.371,179.327,494.908,144.741,539.983,303.948,465.428,253.781,434.941,278.63,428.544,299.672,530.152,329.982,460.589,281.866,435.914,301.026,433.523,319.684,511.611,358.513,465.657,320.618,435.616,311.171,419.57,307.543
POINT,261009-133914-POINT-1,550.004,433.824,502.408,391.128,471.711,349.119,444.12,322.802,415.832,302.522,533.602,289.618,512.145,220.72,503.698,179.629,495.818,143.97,541.977,304.942,466.25,255.407,433.96,281.048,425.5,302.133,533.518,331.105,462.118,283.663,436.494,303.644,432.916,321.715,515.324,360.96,468.414,324.391,437.516,314.255,420.557,308.758
POINT,261009-133914-POINT-1,546.213,433.863,489.377,392.717,461.31,350.963,438.474,324.249,413.281,303.507,528.421,285.869,511.013,219.388,502.343,179.348,495.157,144.226,543.164,299.226,467.932,255.139,432.145,281.903,423.683,303.981,540.507,323.359,469.06,279.371,437.698,300.633,431.763,321.491,527.448,351.269,478.481,317.576,445.437,315.757,429.049,321.239
POINT,261009-133914-POINT-1,539.225,433.684,480.466,390.858,451.73,351.258,429.915,327.462,412.169,305.838,521.258,283.943,505.27,219.292,497.346,180.766,492.057,145.886,540.596,297.522,466.725,257.399,429.284,287.073,422.022,311.232,542.847,320.66,471.237,279.641,441.077,306.873,439.52,332.625,533.909,347.738,483.178,312.116,454.134,321.943,445.992,339.725
POINT,261009-133914-POINT-1,534.653,436.129,477.558,395.392,448.234,356.651,427.491,332.571,413.011,311.956,516.888,285.484,498.377,221.957,489.639,183.553,484.925,147.83,538.91,298.044,468.901,262.362,436.002,297.724,435.746,322.256,544.552,320.403,476.93,282.149,447.765,312.026,450.066,338.3,539.486,347.463,491.468,313.403,463.57,324.995,459.737,343.246
POINT,261009-133914-POINT-1,534.519,436.694,479.432,401.697,447.368,364.705,426.752,340.781,416.302,321.027,510.01,280.588,492.671,220.656,485.489,182.042,482.239,146.228,537.553,292.98,474.814,262.321,440.949,301.489,439.979,327.655,550.739,316.216,489.618,285.222,458.051,318.452,460.995,346.116,552.988,346.097,508.771,314.823,478.374,333.287,476.907,355.316
POINT,261009-133914-POINT-1,519.63,426.006,474.091,402.607,439.141,368.479,419.811,346.852,418.955,323.179,485.931,278.383,478.577,216.462,471.113,177.36,466.521,144.625,514.44,289.402,481.339,256.782,449.129,294.24,442.456,324.899,536.204,309.152,501.395,278.851,468.376,314.405,463.404,343.598,552.288,336.888,522.058,308.64,492.233,329.797,487.004,352.661
POINT,261009-133914-POINT-1,515.285,423.399,469.637,400.811,431.61,367.257,411.723,342.133,419.594,323.229,470.363,281.029,466.317,215.064,458.173,175.234,455.076,140.659,496.255,291.46,477.454,250.02,449.991,289.253,445.665,318.687,519.394,308.834,500.082,271.457,471.199,308.059,467.641,337.045,540.59,334.214,520.719,297.537,494.049,321.249,489.64,345.953
POINT,261009-133914-POINT-1,502.694,419.453,457.591,398.585,420.942,364.879,407.993,338.388,417.527,315.781,457.187,277.737,450.83,211.188,443.425,171.799,439.51,137.372,484.668,287.131,470.18,245.284,449.757,287.04,446.968,319.571,509.844,302.764,496.56,264.613,472.355,303.703,467.522,335.436,534.392,325.679,521.091,290.38,498.196,315.087,491.263,341.15
POINT,261009-133914-POINT-1,499.882,419.186,455.505,400.929,418.209,366.674,405.137,337.415,416.154,312.745,451.142,277.1,442.176,211.962,433.714,172.928,430.195,138.682,478.475,284.02,464.754,238.633,449.191,282.335,449.384,314.568,504.368,297.217,492.847,257.449,472.287,300.767,468.96,333.043,530.247,318.402,520.145,280.997,499.794,308.943,493.389,336.385
POINT,261009-133914-POINT-1,497.027,413.74,449.932,396.947,411.603,364.866,399.79,334.548,422.012,309.674,441.978,273.118,431.892,209.84,423.344,171.621,421.192,137.099,471.305,277.941,462.088,227.605,447.777,270.09,447.076,302.414,499.64,289.428,492.54,251.166,474.622,295.462,472.433,327.095,527.962,308.074,519.876,272.045,501.946,301.475,497.189,328.263
POINT,261009-133914-POINT-1,492.061,412.358,447.087,395.642,409.618,362.718,404.544,330.327,429.925,305.939,438.592,269.875,427.817,206.9,420.038,169.432,418.411,135.254,469.744,274.438,464.103,221.954,451.057,261.701,449.369,292.792,499.243,286.688,495.783,246.734,479.033,289.926,476.194,320.705,528.484,306.622,525.094,266.311,507.999,293.871,501.8,320.197
POINT,261009-133914-POINT-1,494.014,411.877,446.453,394.574,412.344,358.805,418.467,324.633,442.67,298.239,434.006,269.289,420.749,208.722,414.168,172.628,412.682,138.981,466.925,270.77,467.241,221.947,462.858,262.302,463.375,297.039,497.627,280.565,498.338,242.977,490.519,283.856,490.876,316.363,527.47,297.297,528.612,258.698,517.445,283.583,512.74,310.552
POINT,261009-133914-POINT-1,493.121,407.996,447.223,392.276,414.833,357.439,424.574,322.448,450.827,296.527,433.53,269.283,419.961,209.942,413.591,174.036,411.155,140.844,466.82,269.777,469.796,220.887,467.479,256.668,466.204,289.52,497.589,279.442,501.771,243.099,495.482,281.86,493.579,313.264,526.651,296.318,528.981,261.323,520.622,286.186,516.321,312.267
POINT,261009-133914-POINT-1,493.647,411.176,449.658,394.838,418.167,357.714,429.296,321.962,457.548,297.226,435.667,270.996,423.216,210.821,417.555,175.192,415.712,142.006,470.131,271.786,476.643,224.627,474.599,263.392,472.602,296.242,501.113,281.772,508.093,245.682,502.08,284.566,498.788,314.458,529.461,298.803,533.819,264.967,526.068,289.427,521.042,313.43
POINT,261009-133914-POINT-1,491.935,407.435,448.788,391.607,420.213,356.105,435.045,321.979,464.4,297.834,437.549,270.982,425.321,210.72,420.613,174.546,419.696,141.418,472.175,272.05,481.267,228.608,480.957,266.889,478.161,299.34,503.174,281.995,512.866,250.292,507.818,288.091,502.445,316.907,531.081,297.742,537.724,267.695,531.451,292.784,525.085,316.029
POINT,261009-133914-POINT-1,491.989,405.44,450.613,389.184,424.382,354.151,440.022,320.956,471.17,298.545,439.846,268.546,429.175,208.015,426.87,172.0,427.875,139.829,474.942,270.355,486.584,232.207,488.416,271.518,484.872,304.608,506.321,280.387,518.014,252.12,514.405,290.338,507.053,319.618,533.614,295.869,543.065,269.775,537.968,295.94,530.009,319.545
POINT,261009-133914-POINT-1,493.707,405.845,454.72,386.929,431.037,352.566,450.139,319.78,482.251,298.219,444.561,269.006,436.361,207.647,435.325,171.406,437.11,138.964,480.098,269.907,494.792,232.511,497.133,271.15,492.709,303.464,511.581,279.733,526.58,252.606,523.618,290.02,515.388,317.767,538.557,295.503,551.777,270.577,546.466,296.08,536.807,318.246
POINT,261009-133914-POINT-1,493.474,402.256,457.134,382.563,436.813,349.022,458.503,317.108,490.642,295.788,448.373,267.792,441.612,206.259,442.079,170.553,444.817,139.081,483.754,268.84,501.015,232.42,505.064,270.829,499.907,303.359,515.036,278.803,531.834,252.322,530.282,288.82,521.208,316.967,541.142,294.441,556.126,270.62,552.043,295.021,541.253,317.348
POINT,261009-133914-POINT-1,491.171,394.276,458.533,376.094,440.233,345.235,459.205,317.889,493.018,296.365,448.276,264.826,444.648,204.293,445.76,168.0,450.458,137.583,483.169,267.46,502.68,235.467,505.286,275.104,499.051,307.246,513.934,276.704,531.754,255.836,529.104,294.355,517.807,321.255,539.875,288.324,556.198,270.481,552.588,296.469,540.492,317.371
POINT,261009-133914-POINT-1,490.118,394.076,458.426,377.717,440.278,347.49,461.999,319.796,496.898,303.379,451.125,266.906,451.228,208.03,455.186,174.158,460.041,142.473,486.152,267.614,505.585,237.366,505.753,279.906,496.29,308.465,516.491,277.103,534.956,261.137,528.875,302.63,515.06,325.574,541.345,292.421,559.217,276.393,551.599,304.073,536.287,321.987
POINT,261009-133914-POINT-1,487.936,374.884,459.107,364.32,438.426,340.315,461.285,324.918,495.685,311.746,456.112,261.4,462.404,205.02,468.884,171.513,477.797,141.705,491.958,265.29,513.035,240.475,507.117,284.848,495.531,312.525,521.391,277.42,541.353,266.073,529.068,309.8,512.257,330.429,544.738,293.89,561.638,287.086,548.948,317.211,531.602,332.005
POINT,261009-133914-POINT-1,483.107,356.0,454.844,352.383,433.481,335.163,449.862,324.654,484.905,317.914,454.329,259.506,462.673,207.462,470.018,172.906,481.678,146.082,490.4,266.037,516.128,244.577,506.489,289.97,493.993,315.869,520.427,279.392,539.601,274.186,523.834,319.337,506.3,337.779,543.043,294.004,558.812,294.604,543.99,327.084,527.34,341.34
POINT,261009-133914-POINT-1,487.787,348.812,457.426,346.772,432.385,332.789,443.369,326.785,475.251,325.0,455.085,260.582,461.885,210.522,469.38,179.86,479.56,153.891,490.809,263.446,510.554,249.213,502.198,294.652,490.565,322.069,520.062,274.957,536.145,278.094,520.293,323.193,501.561,345.174,542.109,290.465,556.915,297.688,542.194,329.741,523.988,345.205
POINT,261009-133914-POINT-1,482.231,327.686,455.133,327.929,431.686,319.571,443.602,322.628,475.693,328.668,457.096,251.659,460.804,209.334,468.124,183.857,477.511,159.522,493.115,250.911,506.679,248.929,495.133,290.582,482.799,312.087,521.846,262.216,532.186,277.609,513.97,315.064,496.964,330.353,543.997,280.069,552.053,296.471,533.561,324.307,515.302,335.351
POINT,261009-133914-POINT-1,489.237,305.04,462.403,313.759,439.505,309.579,447.093,312.353,474.67,313.773,458.149,239.103,462.766,206.244,469.89,183.218,481.188,162.982,493.852,234.126,506.429,238.675,493.313,282.568,485.994,300.313,524.334,242.636,534.717,266.876,513.965,305.62,500.025,316.587,547.493,257.929,554.988,282.137,535.789,312.017,521.792,320.733
POINT,261009-133914-POINT-1,492.815,301.162,466.291,310.471,443.722,307.264,453.966,312.228,481.884,316.309,463.73,236.414,468.186,206.43,476.598,185.302,488.273,167.737,499.613,228.896,513.253,242.362,502.089,284.306,495.201,303.333,529.591,236.512,541.228,266.199,521.304,301.717,507.078,313.452,552.181,251.392,560.462,278.43,541.85,305.967,527.53,314.654
POINT,261009-133914-POINT-1,503.446,294.87,474.902,307.227,450.894,304.363,461.74,310.319,490.695,315.647,472.224,236.491,480.947,208.4,490.839,192.922,504.022,180.246,507.232,229.827,521.564,245.802,506.508,288.184,498.965,299.34,537.303,237.358,548.913,270.622,526.655,305.357,513.037,309.107,560.877,251.006,567.546,281.429,548.627,307.235,536.334,310.794
POINT,261009-133914-POINT-1,507.648,297.428,481.554,308.424,458.297,306.875,466.286,313.92,493.007,320.596,477.107,235.555,485.883,213.889,496.227,204.862,511.426,194.767,511.857,228.513,525.276,257.249,510.68,303.267,504.604,310.817,542.099,237.325,555.292,277.011,531.832,313.197,517.732,316.354,565.068,252.156,573.164,286.414,553.77,311.803,540.56,314.931
POINT,261009-133914-POINT-1,517.746,300.121,489.492,311.759,464.709,308.529,471.858,313.735,496.756,321.036,482.609,241.117,491.808,222.132,501.462,218.545,514.995,212.76,517.695,235.462,530.596,269.738,514.739,313.453,507.098,317.567,548.19,244.538,559.139,287.895,535.057,320.851,520.321,319.742,570.72,258.389,575.428,295.849,555.242,319.172,542.142,319.611
POINT,261009-133914-POINT-1,517.207,300.155,487.199,314.699,463.284,312.018,472.558,316.051,498.997,322.627,486.476,248.203,497.619,229.135,509.457,224.793,524.029,219.748,520.489,241.626,534.903,274.39,520.066,317.042,511.978,321.767,549.867,248.471,562.39,289.483,541.134,322.601,527.888,323.149,572.42,259.939,579.325,296.333,561.055,321.323,548.776,324.54
POINT,261009-133914-POINT-1,520.488,301.899,488.04,318.374,463.904,315.083,476.17,320.241,504.071,328.045,486.197,253.95,498.963,233.573,509.812,230.99,522.652,226.922,520.198,246.595,537.673,280.801,523.125,322.006,514.358,325.698,549.271,251.799,563.358,293.921,542.498,326.185,528.183,325.837,571.641,261.794,578.438,298.232,561.522,322.675,549.765,326.512
POINT,261009-133914-POINT-1,520.009,306.061,491.019,322.209,468.267,321.365,476.536,324.937,500.359,330.697,486.41,257.664,499.534,239.545,512.097,232.914,526.295,226.348,518.966,246.326,539.942,284.981,526.775,323.777,517.382,326.957,547.193,249.396,563.79,296.06,545.452,328.575,531.712,329.104,569.989,257.882,578.709,298.636,563.6,325.903,551.766,330.004
POINT,261009-133914-POINT-1,516.895,304.265,486.202,323.083,464.9,320.586,475.391,323.69,501.634,330.414,485.722,258.266,503.917,239.228,519.521,234.274,536.663,226.158,517.948,250.88,541.754,287.726,527.345,326.432,517.101,325.178,545.872,255.486,565.147,298.579,544.48,330.219,529.92,326.519,567.726,263.924,577.916,301.697,561.569,327.362,550.023,330.606
POINT,261009-133914-POINT-1,511.485,302.862,482.253,322.368,464.256,321.641,476.617,327.316,503.552,331.952,488.606,257.951,507.238,239.748,525.112,232.383,545.877,222.034,520.59,247.964,544.528,287.43,527.129,325.587,515.606,324.64,547.397,252.262,566.13,298.314,542.177,328.901,526.06,324.658,567.749,261.039,578.71,302.364,559.941,327.437,546.617,328.678
POINT,261009-133914-POINT-1,506.467,308.533,477.509,323.244,460.929,324.027,476.205,332.616,501.764,339.54,487.155,260.964,508.955,240.3,529.019,230.765,549.504,222.157,520.349,248.023,546.502,290.14,528.461,326.813,515.849,332.341,545.875,251.918,567.262,299.951,543.707,329.797,527.404,332.102,564.7,262.32,577.149,304.53,559.818,329.421,546.258,334.117
POINT,261009-133914-POINT-1,500.547,310.786,471.984,320.005,457.987,317.732,476.211,329.609,500.756,338.402,488.29,259.383,514.064,241.381,535.587,230.79,555.105,223.412,520.523,250.352,544.078,290.442,526.884,326.618,514.479,333.623,544.671,255.325,561.92,299.823,541.522,329.154,526.756,332.502,562.762,265.745,572.396,303.867,557.199,328.486,544.337,333.874
POINT,261009-133914-POINT-1,498.648,307.094,470.355,319.043,454.441,318.995,470.835,326.629,497.094,326.433,487.511,258.945,516.618,239.292,541.329,230.83,565.276,223.787,519.1,250.395,545.624,291.892,526.563,328.208,513.451,332.182,542.938,256.554,562.933,303.329,540.041,331.135,523.97,330.609,560.564,267.233,574.243,307.653,557.151,330.665,542.936,331.818
POINT,261009-133914-POINT-1,503.037,305.257,473.628,316.505,458.165,316.101,478.472,327.621,509.243,331.619,493.597,255.259,527.235,234.537,555.253,224.6,579.701,216.808,525.451,246.847,550.929,288.189,531.573,325.516,517.871,330.637,548.713,254.335,568.266,301.227,545.102,329.489,528.702,327.904,565.931,267.637,579.074,307.52,561.169,329.818,546.067,328.758
POINT,261009-133914-POINT-1,504.907,300.407,474.553,310.037,463.281,308.371,485.639,326.65,514.699,341.241,504.088,256.328,540.24,238.871,567.443,231.098,594.013,223.142,535.295,258.384,557.012,288.771,533.345,324.486,524.025,327.305,557.04,270.04,572.372,304.9,544.868,330.592,531.598,323.935,572.235,285.393,582.202,316.479,562.85,333.615,550.121,329.265
POINT,261009-133914-POINT-1,501.401,303.039,471.613,315.35,462.662,314.0,483.21,328.335,512.23,340.762,508.147,259.924,544.66,241.738,571.448,233.874,596.993,224.967,538.05,262.253,561.591,292.585,534.507,327.387,522.465,328.713,558.221,272.594,573.598,305.831,544.093,331.951,530.317,324.779,572.158,285.664,583.005,315.968,561.498,333.672,546.636,329.833
POINT,261009-133914-POINT-1,493.721,287.802,464.522,304.413,466.5,316.138,486.152,336.301,523.056,347.548,508.581,254.736,540.65,241.548,568.317,232.446,589.623,224.407,539.084,262.589,565.926,299.042,538.751,328.28,524.127,330.132,559.436,277.822,578.235,310.293,545.491,332.407,528.879,327.052,571.98,292.732,583.475,320.613,559.996,336.118,544.047,334.429
POINT,261009-133914-POINT-1,495.38,286.522,462.601,303.333,460.222,314.299,480.604,334.309,516.085,343.226,505.424,257.618,535.951,240.165,565.045,230.151,587.884,221.159,539.543,261.421,558.678,301.557,530.681,329.858,515.724,327.524,561.859,274.557,572.587,313.879,540.066,334.815,521.857,326.091,573.661,289.363,579.451,325.304,554.701,338.101,535.837,331.474
POINT,261009-133914-POINT-1,496.52,287.019,460.725,298.363,454.723,306.135,472.096,331.097,501.814,345.36,498.16,257.523,528.95,239.797,557.682,230.205,579.398,222.94,535.082,262.04,558.751,296.557,532.248,327.501,516.252,330.606,558.629,274.834,573.643,310.234,541.999,333.048,520.552,328.733,570.741,290.341,578.662,324.144,556.471,338.852,536.781,334.765
POINT,261009-133914-POINT-1,496.373,292.271,461.81,307.153,451.94,313.886,471.155,335.276,498.689,344.587,490.981,259.869,518.737,238.717,544.233,226.397,563.392,216.119,528.495,257.233,550.731,295.667,526.601,327.139,506.171,331.349,553.197,265.496,569.329,302.776,542.389,329.787,519.596,330.766,567.851,278.679,578.791,312.732,558.663,332.115,537.212,333.595
POINT,261009-133914-POINT-1,496.392,309.113,467.11,322.477,451.301,320.666,470.119,328.694,499.591,331.711,479.764,259.169,504.626,235.865,526.05,225.706,548.386,215.523,513.564,248.043,540.406,286.609,521.137,325.615,508.436,329.611,540.306,253.187,560.662,300.043,535.407,331.1,518.306,331.482,560.371,263.94,571.274,306.585,551.684,331.128,536.727,333.529
POINT,261009-133914-POINT-1,500.329,310.002,467.743,322.546,445.145,318.055,458.395,324.087,488.185,331.335,472.067,254.59,486.575,231.359,503.696,223.404,522.089,214.216,507.862,244.096,524.879,286.378,505.739,325.638,493.235,328.662,535.935,250.709,550.626,299.714,526.752,331.575,510.591,331.579,557.552,263.33,564.956,303.901,546.65,330.928,532.398,334.81
POINT,261009-133914-POINT-1,494.597,310.353,462.527,329.808,439.165,326.576,449.654,325.332,474.205,326.243,458.297,258.678,467.489,236.605,481.996,226.631,501.635,215.984,491.469,248.934,506.557,279.305,494.408,323.819,489.492,330.064,521.85,253.162,533.726,297.588,513.563,332.487,501.799,331.295,546.208,262.237,551.897,302.208,534.391,328.853,523.876,330.073
POINT,261009-133914-POINT-1,487.106,312.617,456.634,325.041,431.975,325.458,440.888,330.828,466.133,337.251,450.393,257.633,459.269,233.943,471.953,221.98,487.364,215.486,488.097,242.706,499.861,280.902,488.042,323.656,481.188,338.201,519.648,248.268,529.871,297.281,511.81,330.984,499.94,337.74,545.054,261.907,550.037,304.24,532.478,331.833,518.761,338.622
POINT,261009-133914-POINT-1,487.371,317.296,455.359,326.608,428.105,326.845,436.493,332.786,461.194,337.408,447.974,254.416,452.137,227.109,459.806,219.597,469.107,222.968,486.044,240.169,493.64,277.891,481.91,322.439,476.108,341.001,518.031,248.158,524.263,302.039,506.256,335.207,496.289,342.333,544.897,264.721,546.341,309.082,528.295,335.885,515.605,341.371
POINT,261009-133914-POINT-1,487.043,319.348,454.108,329.382,422.938,330.585,428.191,335.805,455.595,338.635,442.756,260.339,441.048,232.064,448.176,223.244,456.856,224.394,480.264,244.035,482.518,280.058,473.871,322.405,469.588,340.372,512.619,250.722,515.252,306.658,499.101,338.513,489.753,345.043,540.398,266.847,539.337,310.74,523.272,337.238,511.523,343.259
POINT,261009-133914-POINT-1,478.207,324.299,446.632,329.497,417.78,331.611,421.469,343.508,444.759,353.048,434.089,256.978,428.411,225.889,431.737,223.205,435.999,236.691,472.871,243.954,472.021,277.913,461.009,320.859,454.455,341.287,506.652,253.964,501.255,311.733,482.231,342.807,471.473,349.768,534.192,273.176,525.784,321.919,506.491,346.72,492.973,350.305
POINT,261009-133914-POINT-1,468.297,321.8,436.248,325.776,406.246,328.566,407.035,342.936,428.249,357.134,418.474,259.838,407.439,239.093,406.32,229.881,408.515,231.047,456.788,245.604,450.398,276.884,442.357,320.359,438.531,345.976,492.588,255.368,485.914,307.084,470.174,342.206,460.884,355.833,521.478,275.158,514.346,319.007,498.052,344.591,486.248,352.899
POINT,261009-133914-POINT-1,464.264,312.27,428.757,318.866,396.802,329.47,390.719,349.911,407.581,364.188,399.784,257.994,391.078,239.712,385.452,236.029,382.648,245.399,436.067,242.895,426.836,288.315,420.632,328.219,416.813,356.167,473.387,252.315,462.649,301.422,450.464,335.178,440.593,356.953,504.596,272.882,496.098,315.011,482.338,340.373,469.422,355.807
POINT,261009-133914-POINT-1,468.529,306.66,429.144,311.766,397.174,323.808,385.503,345.616,385.804,365.075,391.581,253.79,374.93,245.873,359.155,235.697,342.721,228.53,423.493,240.097,406.175,288.181,401.405,329.672,400.95,357.021,458.904,249.295,444.672,304.6,434.788,337.184,429.435,357.649,490.612,269.125,476.948,315.603,463.274,340.487,453.375,355.235
POINT,261009-133914-POINT-1,461.47,303.171,418.635,310.182,384.831,322.34,372.293,343.93,369.731,363.657,376.766,252.289,351.84,243.756,331.053,235.815,310.327,230.664,406.311,238.429,383.355,289.531,381.121,333.772,382.824,362.092,440.991,246.419,422.533,302.306,416.972,337.096,414.97,358.19,472.618,265.481,456.336,311.107,444.298,337.77,436.382,353.26
POINT,261009-133914-POINT-1,452.123,294.532,406.891,301.111,372.239,313.9,352.578,336.231,339.455,358.675,358.461,247.562,330.473,247.779,307.936,241.539,285.43,236.4,386.934,238.696,362.846,292.168,359.969,338.948,360.375,367.761,421.555,248.377,399.738,303.621,397.219,339.107,398.641,357.806,454.317,267.195,433.771,311.743,424.437,339.507,420.783,353.035
POINT,261009-133914-POINT-1,454.305,285.789,404.017,297.398,367.601,310.046,350.1,331.568,340.891,354.96,352.509,247.45,318.855,247.791,291.766,242.107,265.617,237.751,378.828,239.499,349.71,292.937,345.386,338.504,345.662,366.931,411.277,249.853,385.299,304.374,382.201,337.697,385.774,355.789,442.6,268.67,418.141,314.616,409.414,342.701,407.245,358.09
POINT,261009-133914-POINT-1,444.374,288.161,387.157,301.11,347.964,311.185,324.375,326.164,307.796,345.443,325.914,246.554,288.693,247.996,258.553,241.431,228.956,237.443,353.136,237.485,322.907,296.635,320.619,344.697,323.177,374.346,387.128,248.617,360.257,308.426,357.593,343.336,363.432,362.256,421.025,267.392,396.684,315.918,388.611,343.617,387.331,358.443
POINT,261009-133914-POINT-1,439.491,286.517,379.198,295.349,332.348,295.479,303.326,296.168,280.06,304.725,313.956,242.629,267.726,246.215,232.523,244.52,200.364,242.91,340.282,237.7,301.597,300.177,302.695,345.703,311.017,368.467,372.1,251.873,337.655,316.246,338.498,349.412,349.404,361.345,404.026,273.146,371.595,323.306,366.454,350.527,371.375,361.367
POINT,261009-133914-POINT-2,177.291,359.995,219.853,348.784,250.354,320.425,251.751,289.407,231.17,267.335,241.556,239.648,259.876,184.656,268.855,151.885,274.553,122.619,211.925,239.637,217.097,195.286,220.754,229.901,223.17,259.839,182.533,247.991,185.575,211.976,196.826,246.25,202.756,274.51,152.902,262.876,155.469,231.89,170.345,254.428,180.286,276.546
POINT,261009-133914-POINT-2,177.581,359.667,218.38,348.254,247.819,320.775,247.513,290.842,228.52,267.814,242.613,237.944,259.8,184.665,269.589,151.775,275.289,123.23,212.529,237.475,217.668,194.527,221.007,230.95,222.613,259.174,183.291,245.448,188.307,209.969,197.345,246.255,200.017,273.363,153.832,260.321,159.779,231.032,172.668,255.053,178.797,275.802
POINT,261009-133914-POINT-2,178.976,360.342,218.361,347.313,246.87,320.036,247.55,289.905,225.253,266.567,244.615,237.384,261.145,184.783,270.224,151.715,275.151,123.536,214.029,237.68,219.085,194.816,223.177,230.111,225.041,257.106,184.548,246.492,188.363,210.557,198.664,246.44,201.94,273.225,155.353,261.949,161.823,232.2,174.83,256.161,180.524,277.055
POINT,261009-133914-POINT-2,178.951,360.393,218.085,347.311,246.492,320.401,247.941,290.179,225.733,265.578,245.02,236.984,261.556,185.067,270.548,151.73,275.45,123.701,214.459,237.186,219.11,195.486,223.155,231.139,225.396,257.731,185.178,245.902,189.463,211.713,199.774,247.887,202.844,274.473,156.374,261.24,163.085,231.732,176.284,255.878,182.063,277.056
POINT,261009-133914-POINT-2,178.493,359.877,218.807,346.873,247.169,318.723,248.747,288.842,227.79,266.194,244.897,237.487,261.308,184.413,270.471,151.725,275.87,123.532,214.825,237.484,219.703,194.121,224.595,227.798,227.081,254.954,185.46,246.31,189.861,208.967,200.57,244.073,204.251,271.607,156.514,262.247,163.505,231.683,176.273,255.03,181.843,276.395
POINT,261009-133914-POINT-2,176.716,360.838,217.663,349.025,248.008,320.354,249.079,289.511,225.816,267.742,242.169,237.02,259.88,183.251,269.399,150.109,274.726,121.655,212.139,237.343,217.756,195.189,223.284,229.098,225.742,256.488,183.242,246.648,187.898,211.248,199.69,245.478,203.969,271.967,154.755,262.673,162.571,233.686,176.608,256.648,182.905,277.233
POINT,261009-133914-POINT-2,166.321,349.291,205.471,340.726,237.271,319.115,241.06,294.687,219.319,275.652,231.73,230.342,248.836,173.289,258.728,139.018,264.425,109.343,200.841,233.221,207.528,199.215,214.106,234.857,216.528,261.496,171.52,243.747,176.363,216.708,188.959,251.041,194.005,274.481,142.718,259.515,149.025,236.296,163.066,260.06,170.643,278.278
POINT,261009-133914-POINT-2,152.274,332.874,188.863,328.299,223.864,312.567,222.172,294.275,198.714,276.706,221.112,217.657,238.307,159.861,249.598,124.357,256.764,94.234,184.893,213.833,193.181,203.613,193.783,244.879,193.606,268.783,153.085,221.281,161.144,230.385,165.288,266.079,168.402,278.655,124.5,234.755,133.813,245.915,141.814,269.78,148.662,275.135
POINT,261009-133914-POINT-2,137.856,318.039,173.509,315.297,208.8,306.661,210.245,298.478,188.567,286.4,208.245,211.82,223.227,152.957,233.925,114.897,240.686,82.434,169.941,203.329,175.264,221.529,174.606,260.788,174.583,274.387,136.836,211.368,143.681,248.065,148.923,276.926,153.499,278.278,109.064,226.613,117.702,261.224,125.515,282.417,132.255,279.851
POINT,261009-133914-POINT-2,130.277,311.141,168.306,308.984,205.473,302.759,201.771,297.549,175.442,291.89,199.054,212.557,215.626,155.853,226.879,118.322,234.102,84.8,159.639,201.475,166.121,228.819,165.428,267.542,163.703,279.399,126.074,209.309,135.355,254.961,141.706,281.974,144.746,282.033,98.384,224.905,109.246,264.927,119.645,286.442,126.905,284.821
POINT,261009-133914-POINT-2,126.421,304.15,167.167,306.078,202.227,300.562,187.627,298.426,157.834,293.935,189.321,213.136,205.75,159.226,215.761,120.849,221.688,85.764,148.466,196.209,151.697,244.224,157.466,281.73,162.419,290.687,113.855,204.664,123.583,270.455,135.78,289.089,144.062,280.754,86.756,223.012,99.957,277.737,117.002,296.842,129.766,292.058
POINT,261009-133914-POINT-2,124.721,295.947,162.757,301.067,194.849,299.534,180.144,302.131,150.141,299.553,187.408,215.588,203.121,159.681,214.387,122.873,219.747,90.802,147.327,200.035,144.853,224.291,150.5,268.987,156.756,287.483,111.198,205.452,113.966,252.891,128.386,282.039,140.111,284.769,81.639,219.853,89.065,261.932,105.063,285.907,117.727,286.687
POINT,261009-133914-POINT-2,120.073,288.62,156.629,297.762,187.465,300.955,179.691,306.046,153.822,305.558,187.425,215.957,202.022,166.72,213.679,131.493,220.977,101.468,147.284,197.239,143.333,222.826,147.005,269.982,153.089,297.19,110.257,200.436,112.547,246.764,126.277,279.798,139.016,292.854,81.118,213.652,86.374,253.423,102.142,280.191,116.981,286.998
POINT,261009-133914-POINT-2,104.762,281.082,145.172,293.009,176.652,299.452,174.229,308.796,153.627,309.698,179.339,216.97,196.992,171.201,209.282,139.564,218.438,110.124,141.902,196.22,139.227,232.383,144.332,277.979,151.634,304.373,105.318,198.789,110.216,252.893,126.248,285.791,139.569,298.801,77.546,211.897,86.392,256.507,101.758,283.227,114.2,291.553
POINT,261009-133914-POINT-2,94.086,282.24,139.287,299.769,173.205,305.486,167.243,314.778,145.09,319.736,176.303,220.098,193.708,180.925,204.952,153.057,214.572,124.106,140.623,197.815,133.969,238.299,138.657,283.159,145.801,305.288,104.211,199.171,105.979,260.89,122.215,296.25,137.57,307.755,77.105,212.522,84.692,263.724,99.922,293.247,112.426,302.636
POINT,261009-133914-POINT-2,92.203,284.874,129.869,299.564,164.107,307.777,160.262,317.027,141.648,322.963,172.304,228.276,188.297,195.924,198.734,172.727,209.611,149.062,138.453,202.063,132.546,253.011,135.552,297.803,142.206,319.797,102.592,201.462,101.266,269.149,112.925,302.351,125.416,312.797,73.291,213.348,76.394,268.187,87.685,296.616,98.379,304.845
POINT,261009-133914-POINT-2,82.846,291.361,126.512,304.061,161.031,309.567,162.494,321.081,148.995,332.721,169.806,238.567,185.742,212.54,197.198,192.428,208.991,175.735,134.292,216.543,136.984,270.596,137.954,312.051,138.423,339.19,99.457,217.663,107.338,285.446,118.685,308.935,128.224,316.945,72.418,230.16,85.901,283.302,97.787,305.043,109.297,311.52
POINT,261009-133914-POINT-2,79.114,281.789,122.747,296.532,154.964,309.805,160.598,329.952,155.604,342.314,167.327,233.328,183.307,225.464,194.979,220.764,206.15,215.488,129.681,223.717,137.89,272.51,133.739,319.156,126.679,352.853,95.179,233.529,112.541,300.54,127.736,321.748,136.206,323.568,69.817,251.456,92.71,310.783,110.065,326.832,125.491,323.792
POINT,261009-133914-POINT-2,108.498,251.082,128.462,217.493,155.141,214.382,178.7,231.194,200.794,237.487,136.565,218.619,138.328,269.905,137.946,308.711,139.436,335.477,117.09,249.377,128.834,294.307,138.656,318.812,141.671,333.1,106.952,277.754,123.616,320.806,136.267,332.843,141.612,333.864,104.846,304.221,118.02,334.385,129.189,338.311,136.307,335.705
POINT,261009-133914-POINT-2,86.026,273.765,128.834,240.53,173.255,238.088,186.62,255.858,182.388,271.816,133.703,244.677,139.481,276.186,150.899,307.663,154.419,337.532,116.164,276.457,133.143,289.153,160.765,282.313,176.712,276.919,104.978,302.425,136.331,311.002,156.8,302.693,160.086,298.485,101.754,323.7,132.614,333.125,148.885,324.405,150.452,319.553
POINT,261009-133914-POINT-2,92.752,265.585,125.973,228.593,163.674,234.659,168.877,276.981,157.19,319.404,141.599,218.953,154.792,241.576,168.404,263.341,178.111,285.894,131.98,254.665,137.321,287.407,146.364,308.313,148.352,325.499,123.742,288.634,137.339,320.272,146.862,326.666,150.496,328.367,119.613,317.464,132.611,337.866,138.839,337.385,141.042,335.216
POINT,261009-133914-POINT-2,134.481,249.144,177.035,269.841,200.484,284.058,193.902,285.869,174.859,276.345,138.651,257.014,131.786,283.287,143.028,310.897,144.28,339.421,114.991,246.515,126.644,249.704,163.328,246.34,188.881,245.321,105.523,236.727,138.325,247.028,168.649,250.93,182.782,257.106,108.04,234.461,139.45,253.451,165.853,261.907,179.654,268.166
POINT,261009-133914-POINT-2,118.048,263.625,139.455,222.721,168.886,206.764,194.654,205.257,220.029,202.174,150.013,237.44,148.733,272.09,148.681,300.907,144.945,326.827,142.841,267.145,148.521,297.428,156.773,311.631,159.297,319.897,139.018,288.087,149.712,312.216,152.334,319.232,146.571,322.289,138.8,302.107,147.865,318.065,149.971,323.947,146.219,326.352
POINT,261009-133914-POINT-2,80.592,265.713,121.047,271.196,159.208,280.17,166.525,301.931,158.885,319.435,160.85,217.678,188.624,204.121,212.711,189.081,228.39,175.602,142.098,217.1,156.701,249.089,158.074,281.068,150.674,302.172,124.162,230.103,147.819,270.769,152.067,294.949,144.953,307.588,111.971,248.001,139.012,284.603,146.334,304.784,146.45,314.213
POINT,261009-133914-POINT-2,86.468,273.099,137.009,294.236,170.35,299.56,174.232,311.996,158.557,323.579,179.753,222.56,205.276,197.857,219.271,174.228,231.997,150.698,148.105,203.399,161.905,245.253,159.338,278.88,155.634,296.34,118.346,204.987,135.793,270.463,138.906,301.301,140.162,311.585,95.111,216.924,116.295,272.906,124.27,296.867,129.066,305.279
POINT,261009-133914-POINT-2,123.074,286.628,159.321,297.02,190.559,301.44,188.406,313.74,165.704,320.719,191.725,223.052,210.235,186.606,222.095,160.027,233.084,135.094,153.585,201.229,153.658,236.726,157.146,282.273,160.956,309.278,118.395,205.811,128.135,265.934,139.56,295.71,147.682,301.973,91.105,222.859,103.628,275.095,115.645,299.854,124.98,302.53
POINT,261009-133914-POINT-2,129.388,296.643,164.308,305.15,195.645,309.916,191.066,312.462,168.986,310.619,195.172,227.791,212.754,183.535,225.095,153.604,233.332,127.31,153.892,208.204,156.932,232.697,160.323,276.468,163.311,301.498,117.559,213.37,128.147,259.657,140.645,288.952,149.548,299.369,89.187,229.75,102.702,269.608,116.906,292.641,127.988,297.27
POINT,261009-133914-POINT-2,136.234,303.534,170.38,307.532,201.731,308.704,200.886,310.201,177.113,310.602,200.533,224.17,217.29,180.542,229.196,150.315,237.49,122.637,159.995,208.875,165.823,231.236,167.726,273.412,169.224,295.704,124.37,216.108,135.513,265.602,145.062,292.513,151.573,297.51,96.115,234.218,108.719,278.074,120.332,299.001,128.566,298.2
POINT,261009-133914-POINT-2,138.737,313.369,174.139,315.308,208.851,311.343,203.446,304.675,178.539,296.478,205.302,225.487,221.068,178.043,232.986,143.713,240.364,113.021,165.197,209.776,169.004,243.63,170.434,280.882,171.662,293.406,130.523,216.23,138.925,274.415,145.788,294.697,150.015,288.363,102.289,232.385,111.47,281.797,122.273,299.35,129.269,291.507
POINT,261009-133914-POINT-2,134.819,315.226,170.661,319.018,207.099,313.217,201.427,302.371,175.361,288.585,205.697,221.58,221.405,169.062,232.268,134.252,239.346,103.834,168.688,210.217,168.402,229.773,166.255,269.687,166.581,287.344,135.414,215.877,135.345,253.034,141.56,283.904,148.483,290.217,106.739,228.742,109.533,262.846,118.632,287.407,128.29,289.721
POINT,261009-133914-POINT-2,136.284,318.523,170.239,322.61,207.735,313.842,201.55,299.394,175.21,284.331,207.353,219.861,222.471,164.995,232.36,129.679,238.546,99.746,171.605,214.741,168.996,212.619,165.572,258.834,166.738,281.518,139.131,220.135,133.45,230.369,138.342,270.695,146.608,286.955,110.076,231.637,106.866,244.621,115.802,275.071,126.955,284.591
POINT,261009-133914-POINT-2,138.152,326.476,172.766,329.858,208.62,316.995,201.718,298.956,173.651,282.209,207.272,221.405,221.061,165.609,229.255,128.015,234.112,96.885,171.214,222.874,166.229,202.615,163.772,252.65,168.279,278.214,140.037,229.025,130.294,215.742,135.183,261.067,145.916,283.855,112.174,239.783,103.026,230.724,112.396,265.379,125.712,281.31
POINT,261009-133914-POINT-2,141.18,337.678,177.127,332.114,210.389,315.388,200.376,296.893,171.052,278.822,204.813,221.118,217.067,165.966,225.168,128.473,229.051,96.975,168.357,224.046,165.802,201.368,165.096,246.842,169.032,271.517,137.142,232.751,130.848,218.163,137.44,260.633,147.397,281.296,109.301,246.185,103.969,233.263,114.007,264.002,126.071,279.233
POINT,261009-133914-POINT-2,144.216,346.48,180.437,338.896,211.019,318.164,204.857,295.701,175.674,276.041,204.993,224.392,215.027,168.034,222.101,129.402,225.154,98.381,169.475,227.285,166.043,198.909,167.629,242.125,172.396,269.445,138.004,236.825,133.597,215.649,140.231,255.104,146.624,278.021,109.318,251.635,106.927,232.152,116.541,260.288,125.54,278.34
POINT,261009-133914-POINT-2,148.828,352.297,184.556,342.586,216.009,320.278,208.576,297.049,180.764,276.713,207.453,226.242,217.576,169.728,223.297,131.806,225.525,100.736,171.904,230.112,168.891,201.757,172.151,244.431,179.066,268.804,140.919,240.243,137.581,220.878,145.742,261.082,153.826,280.592,112.063,255.275,110.748,236.37,121.519,264.72,131.386,280.218
POINT,261009-133914-POINT-2,151.289,358.585,189.084,347.723,219.96,323.418,216.683,299.683,192.687,279.041,210.737,231.605,220.818,172.686,227.329,135.035,229.925,103.814,175.802,235.553,174.852,201.464,181.773,241.519,188.147,270.321,144.35,247.149,144.761,220.453,156.011,258.206,162.026,282.845,114.769,264.623,116.342,238.894,129.521,264.208,137.993,282.741
POINT,261009-133914-POINT-2,146.746,357.308,187.583,343.673,223.136,319.189,240.152,295.033,220.263,276.601,206.65,233.928,222.254,172.366,232.973,138.084,237.522,106.463,179.041,236.501,191.553,193.888,208.997,228.711,213.159,257.726,152.238,248.367,164.203,212.511,187.137,241.854,194.709,267.362,125.401,266.898,140.036,237.032,163.972,253.076,176.589,271.274
POINT,261009-133914-POINT-2,147.182,356.21,192.927,333.655,229.596,304.478,255.348,279.613,243.08,264.051,201.508,224.924,216.345,165.916,230.211,132.64,236.685,103.578,177.779,229.558,204.639,190.938,232.595,225.821,237.983,255.663,156.851,243.898,182.867,211.459,212.21,241.581,219.455,268.29,137.185,265.496,163.136,240.599,188.83,253.19,199.08,268.693
POINT,261009-133914-POINT-2,149.017,349.251,195.23,326.143,231.29,296.072,259.053,272.452,253.137,253.362,191.084,213.735,208.183,159.885,225.744,127.833,234.026,100.772,168.429,219.295,209.598,189.353,239.629,225.239,241.333,254.333,152.456,235.783,196.283,211.471,224.892,243.271,226.294,268.607,140.114,260.177,179.326,239.879,203.778,254.576,207.202,270.614
POINT,261009-133914-POINT-2,141.194,350.507,197.065,320.526,231.366,288.431,260.386,266.157,259.989,243.467,182.831,209.793,202.129,158.792,221.209,126.358,230.924,97.996,163.366,214.918,216.268,181.246,246.946,218.849,245.882,248.262,152.848,230.948,205.004,201.512,235.957,235.441,234.939,262.508,147.702,254.313,191.511,226.358,217.282,243.7,218.746,263.922
POINT,261009-133914-POINT-2,143.802,350.098,199.37,317.661,229.229,283.871,258.112,263.082,263.817,237.058,178.341,209.366,194.378,158.6,213.665,125.445,223.22,96.618,160.772,212.807,220.07,179.838,251.921,217.151,248.211,244.283,154.438,227.996,211.024,197.954,242.614,235.29,236.157,260.795,155.794,250.642,204.848,223.593,229.28,244.133,223.752,264.865
POINT,261009-133914-POINT-2,141.818,352.559,201.059,315.599,227.319,280.928,255.899,260.107,264.771,235.159,175.34,209.176,191.696,159.335,209.673,125.968,219.243,98.064,159.59,214.996,223.046,182.97,253.519,219.349,249.663,245.255,155.796,232.12,215.993,199.918,246.265,235.365,239.186,259.927,160.429,254.859,210.125,226.4,232.465,245.816,225.868,265.284
POINT,261009-133914-POINT-2,146.908,351.488,203.903,312.641,226.604,278.357,251.841,256.734,263.746,235.814,173.345,209.516,189.736,158.129,206.78,124.727,216.287,96.385,158.179,218.529,222.881,183.37,253.729,215.61,252.998,239.53,157.938,238.253,220.346,202.954,248.982,233.484,243.769,257.806,166.275,261.437,218.424,231.487,239.192,246.96,234.539,264.185
POINT,261009-133914-POINT-2,151.847,346.792,204.615,309.58,226.04,277.716,250.08,254.871,261.062,233.724,172.329,209.778,185.859,158.725,202.219,125.559,211.049,97.554,160.19,217.681,226.664,184.003,258.112,214.301,257.865,237.931,164.032,236.802,227.304,204.674,254.363,232.787,248.619,255.595,175.703,258.814,226.92,232.565,244.028,247.618,238.322,264.479
POINT,261009-133914-POINT-2,148.875,345.843,191.91,310.996,214.774,276.442,242.647,252.968,265.803,244.172,171.012,212.669,187.717,158.265,201.377,123.272,208.512,93.646,164.146,223.09,234.015,190.62,260.805,216.428,260.116,236.481,172.231,245.453,237.37,212.812,259.968,235.179,255.805,255.136,187.059,268.19,235.88,239.436,251.953,250.729,251.145,265.156
POINT,261009-133914-POINT-2,149.049,349.663,161.231,298.944,180.239,256.953,211.002,232.248,241.717,222.528,166.397,215.646,190.089,159.066,204.74,124.018,213.252,95.298,168.946,227.827,237.416,191.827,259.177,215.791,256.459,234.432,182.812,250.432,245.861,213.837,262.72,235.406,256.67,254.38,201.108,274.436,248.494,239.81,261.397,251.997,259.612,266.585
POINT,261009-133914-POINT-2,150.555,349.053,155.098,295.069,170.666,252.621,198.346,227.35,227.759,217.447,164.835,216.932,188.311,159.496,202.534,124.041,210.945,95.386,171.45,228.84,237.215,192.341,256.196,215.848,251.843,234.449,187.901,250.424,248.076,214.066,261.785,234.785,255.148,253.582,207.399,273.553,252.187,239.208,262.913,251.073,261.024,265.371
POINT,261009-133914-POINT-2,149.471,350.572,155.94,297.382,172.53,254.688,201.698,229.869,231.772,221.291,165.287,217.179,188.773,159.835,203.379,124.45,212.0,95.537,170.834,229.55,237.468,193.183,255.616,217.257,249.857,235.797,186.805,251.746,248.188,214.141,261.799,235.212,254.181,253.977,206.239,275.103,252.772,239.736,264.07,251.865,261.953,266.243
POINT,261009-133914-POINT-2,146.823,352.066,165.213,304.363,189.932,265.211,226.985,245.38,261.259,240.202,167.79,217.868,191.731,161.071,206.998,125.961,215.355,96.229,168.441,227.984,237.817,192.051,261.159,217.424,257.746,236.561,180.734,249.819,245.126,214.237,263.742,236.963,256.771,256.074,197.801,273.407,246.557,241.233,260.192,254.164,257.346,269.195
POINT,261009-133914-POINT-2,156.344,347.891,212.295,318.117,239.525,291.7,266.218,274.171,276.176,248.858,189.234,214.296,209.393,166.528,225.282,132.312,230.43,103.317,172.194,220.375,241.58,195.543,271.228,229.055,267.807,250.674,169.481,239.231,234.182,215.078,259.463,247.969,251.05,269.661,175.869,263.589,229.53,242.481,248.781,259.49,242.491,275.493
POINT,261009-133914-POINT-2,156.94,345.843,208.634,324.914,243.429,298.335,273.574,281.116,278.108,257.384,203.481,214.152,227.051,166.078,245.015,134.969,251.389,106.056,181.511,218.07,239.169,196.152,268.943,232.451,265.743,259.559,169.79,235.309,225.029,212.658,254.227,246.253,250.26,272.159,164.639,259.485,213.207,238.19,235.853,257.393,231.817,278.299
POINT,261009-133914-POINT-2,161.495,344.469,203.227,330.176,242.475,309.535,268.689,290.234,260.813,269.956,222.926,227.167,244.509,170.287,259.769,137.731,268.035,108.628,199.553,228.386,232.816,199.961,255.042,233.178,255.863,259.852,178.174,238.264,207.804,211.535,231.981,241.232,236.161,265.316,157.535,255.206,186.538,235.001,209.32,248.959,217.04,263.527
POINT,261009-133914-POINT-2,155.151,341.308,196.79,335.009,234.742,314.715,250.602,291.049,230.344,271.521,232.841,228.473,254.919,171.827,269.134,139.734,278.062,110.224,204.727,227.196,222.698,196.463,229.491,230.077,227.649,254.042,176.618,234.024,192.486,207.802,206.762,239.134,210.731,261.914,148.35,246.943,166.184,226.138,183.459,245.611,192.475,262.616
POINT,261009-133914-POINT-2,152.251,338.461,191.658,332.913,224.668,309.219,220.21,280.608,196.525,257.869,233.241,225.824,254.928,171.29,268.07,137.994,276.011,108.688,200.438,221.822,205.262,189.345,204.374,228.653,203.391,255.901,168.858,226.238,173.221,200.368,176.971,240.498,177.117,264.72,137.399,236.91,145.412,213.687,152.816,241.515,155.796,260.145
POINT,261009-133914-POINT-2,147.785,333.794,186.467,327.206,217.747,301.881,203.472,271.876,177.024,248.722,227.048,223.754,253.34,170.439,267.847,136.637,277.127,106.518,194.214,217.543,196.115,182.866,187.889,219.96,183.768,249.198,163.094,220.12,164.363,193.572,162.881,231.254,161.362,257.286,133.048,229.917,136.249,205.307,139.462,232.267,141.215,253.159
POINT,261009-133914-POINT-2,143.635,329.274,182.713,322.432,210.308,296.225,191.001,264.091,164.36,239.443,223.416,220.838,250.657,168.539,264.951,134.962,274.743,105.562,190.968,211.634,188.482,176.823,175.75,212.972,171.337,243.101,160.814,212.632,155.633,188.316,151.458,223.716,151.934,249.612,133.423,222.112,129.822,202.366,131.448,228.269,135.818,249.062
POINT,261009-133914-POINT-2,141.106,322.426,175.963,318.54,199.71,297.513,177.33,269.065,150.922,243.358,216.165,218.184,242.575,165.942,256.082,131.099,266.131,102.008,184.513,207.454,172.055,179.968,154.714,217.419,153.452,247.222,155.262,206.485,139.206,192.055,131.241,227.197,137.136,250.171,130.329,213.06,114.98,202.487,113.636,228.772,122.788,247.309
POINT,261009-133914-POINT-2,148.134,306.876,179.85,311.135,205.279,301.057,179.762,277.035,151.66,254.044,222.405,222.086,247.337,174.35,261.687,141.084,271.176,112.351,191.892,203.527,173.514,200.595,160.943,239.548,161.677,264.925,162.167,199.487,141.335,209.416,137.962,244.907,146.325,263.963,135.368,204.007,119.059,213.335,119.402,241.464,129.482,256.76
POINT,261009-133914-POINT-2,148.331,279.804,174.998,292.633,198.149,288.318,171.671,265.557,144.728,239.842,220.023,211.141,248.163,165.142,262.047,133.108,271.855,102.235,193.471,183.869,167.769,208.158,161.794,244.752,170.041,257.252,164.257,177.249,139.211,212.383,141.749,242.123,154.832,246.01,137.7,180.308,120.021,210.023,124.348,236.064,136.207,240.217
POINT,261009-133914-POINT-2,158.054,273.788,178.15,285.156,190.934,280.264,161.11,258.821,134.457,232.998,215.656,203.73,237.779,159.082,248.1,126.979,254.565,96.561,192.065,179.573,155.844,196.307,151.27,230.267,163.128,242.739,164.71,173.861,131.254,202.524,134.963,230.473,150.563,233.996,140.57,176.727,115.97,202.583,121.533,226.435,135.542,230.028
POINT,261009-133914-POINT-2,163.176,276.54,182.699,285.904,190.774,278.697,159.827,259.017,133.416,235.037,215.692,203.225,234.538,156.923,242.513,124.094,246.924,95.078,191.5,183.43,155.109,185.353,146.613,216.575,155.866,231.249,165.392,178.901,130.247,193.602,131.986,222.066,147.714,230.717,142.82,182.621,117.346,196.209,121.208,219.615,135.403,228.234
POINT,261009-133914-POINT-2,163.224,285.888,180.597,291.063,185.375,281.755,154.403,265.136,127.496,244.313,209.024,206.891,224.346,160.764,229.135,127.29,231.112,98.121,184.733,188.578,148.406,195.638,142.098,227.018,153.46,239.301,158.45,184.866,125.264,203.351,127.786,231.131,143.243,236.934,136.202,189.066,111.89,205.246,115.93,227.905,128.838,234.693
POINT,261009-133914-POINT-2,156.555,298.592,173.599,302.131,174.614,292.861,141.742,279.529,114.229,261.407,195.3,219.47,205.756,171.98,206.251,138.794,205.298,111.144,170.07,206.797,138.842,201.369,127.163,232.343,133.823,251.207,144.97,205.862,114.51,206.445,111.924,234.142,124.021,247.611,125.46,211.978,101.183,212.544,100.98,233.827,112.432,246.416
POINT,261009-133914-POINT-2,155.46,311.594,166.905,314.972,159.438,309.826,123.812,301.553,97.656,283.852,178.149,233.561,182.773,184.881,179.676,150.892,174.598,123.195,151.019,221.658,114.059,212.673,102.293,245.93,108.193,267.03,124.96,222.292,90.416,220.885,91.042,249.405,104.251,263.753,106.013,229.782,79.651,226.948,81.333,248.568,93.234,262.296
POINT,261009-133914-POINT-2,138.697,331.176,150.315,333.092,142.506,326.175,105.533,319.56,74.112,306.124,153.812,249.814,152.189,202.914,142.654,170.639,132.832,145.15,128.244,241.722,93.392,233.569,81.617,268.732,88.613,288.459,104.98,243.915,71.658,238.251,68.129,267.513,79.448,282.088,88.271,251.754,61.615,245.453,59.914,267.554,71.1,282.32
POINT,261009-133914-POINT-2,135.759,342.448,143.125,346.756,132.547,344.159,95.172,337.866,63.532,323.652,147.438,264.201,139.101,218.101,125.29,186.601,113.434,161.275,120.842,256.367,79.321,248.589,74.315,288.905,89.131,307.607,96.974,259.301,57.605,256.689,58.477,289.749,75.459,302.969,79.911,268.127,48.393,266.977,50.747,290.692,67.835,303.505
POINT,261009-133914-POINT-2,141.916,346.854,154.433,347.86,148.066,344.437,110.663,343.597,77.149,334.229,151.915,265.517,140.276,223.004,124.989,194.519,112.474,171.844,125.308,260.611,90.661,252.821,86.241,289.618,99.197,310.152,102.361,265.827,68.053,262.157,68.785,292.416,83.449,307.299,85.546,275.854,57.306,273.799,60.376,296.017,75.715,309.768
POINT,261009-133914-POINT-2,150.286,332.831,170.487,337.232,174.834,338.128,142.131,344.434,108.84,343.371,166.861,265.428,155.175,226.364,137.088,202.238,118.246,182.573,137.265,260.908,98.496,267.514,105.53,299.998,121.884,315.803,112.217,267.612,79.591,286.122,97.121,313.557,117.031,322.335,94.223,279.037,69.245,291.553,83.228,313.638,100.81,321.15
POINT,261009-133914-POINT-2,169.112,302.103,193.307,308.782,204.472,310.083,175.358,317.056,140.595,317.876,185.174,240.181,172.655,205.103,155.738,181.533,136.224,159.561,155.324,231.356,119.781,263.823,137.072,294.905,156.859,296.532,131.495,239.173,102.763,277.995,125.373,296.358,144.678,291.201,113.719,252.599,92.129,281.275,112.08,296.711,130.516,294.83
POINT,261009-133914-POINT-2,177.597,279.608,202.365,281.244,224.373,280.951,215.697,290.357,197.782,296.27,207.344,216.887,195.792,186.628,180.231,170.269,161.867,157.329,177.719,214.207,149.131,234.119,160.962,263.458,176.964,273.929,154.373,225.994,144.157,265.473,167.194,284.292,186.704,284.552,139.538,241.663,135.088,271.612,153.231,288.262,169.829,289.945
POINT,261009-133914-POINT-2,193.728,263.338,215.195,259.535,233.337,260.347,227.264,273.742,211.771,285.907,213.575,197.494,200.632,171.627,184.454,158.455,166.059,145.391,183.351,199.919,174.832,226.5,193.046,254.113,208.992,261.459,159.725,216.155,161.117,251.138,183.583,267.462,199.144,266.174,144.653,234.731,148.66,261.244,165.797,274.253,178.082,273.308
POINT,261009-133914-POINT-2,200.861,243.455,229.846,246.636,250.283,244.453,233.094,259.108,208.199,269.588,222.306,186.115,206.228,158.874,188.98,144.778,167.147,130.624,192.046,184.705,172.901,216.254,194.329,244.315,211.926,245.926,168.135,197.792,161.513,240.284,186.842,255.273,203.594,248.137,152.571,214.329,150.196,246.854,171.495,259.133,185.982,255.871
POINT,261009-133914-POINT-2,206.222,236.462,232.309,236.004,247.913,235.646,228.681,254.289,204.482,267.478,217.45,179.237,198.43,159.029,177.852,147.775,153.092,136.12,183.924,183.498,171.327,214.538,196.254,238.68,214.361,240.975,161.282,200.863,161.673,243.426,189.65,255.779,207.156,249.209,147.694,219.444,152.672,251.663,175.081,261.502,189.796,256.538
POINT,261009-133914-POINT-2,203.048,241.916,219.01,215.951,219.618,195.039,205.917,196.731,186.613,206.448,203.771,170.011,174.754,163.34,152.588,155.39,131.532,146.974,181.808,186.218,165.452,210.509,186.567,225.07,206.749,223.495,165.471,209.994,154.11,237.141,177.713,246.58,198.833,241.999,155.411,233.933,147.177,254.806,164.572,259.098,183.129,252.787
POINT,261009-133914-POINT-2,224.521,226.537,231.821,229.822,217.727,243.289,195.278,266.93,172.177,279.892,176.835,189.938,140.766,173.096,112.493,165.128,90.051,160.165,157.14,196.575,122.961,234.644,144.414,256.925,165.74,257.294,144.876,209.028,127.604,248.099,153.138,259.362,169.747,250.681,140.048,218.737,127.504,246.28,145.976,256.069,159.439,252.309
POINT,261009-133914-POINT-2,203.887,237.346,222.047,240.771,213.509,251.389,184.169,272.653,152.845,288.002,176.634,197.955,130.524,188.764,103.534,180.173,77.971,170.086,154.047,201.128,117.43,245.448,145.087,270.5,162.609,264.867,136.697,210.019,111.655,248.365,140.359,260.839,155.495,249.539,124.409,214.874,110.037,227.308,123.45,230.283,129.988,225.672
POINT,261009-133914-POINT-2,200.369,212.682,214.925,235.175,204.3,257.756,181.159,274.515,150.524,288.018,162.648,195.304,125.112,180.868,94.291,175.215,68.253,170.017,144.222,203.016,110.666,232.166,126.751,265.412,145.628,276.041,131.106,217.368,114.533,252.137,142.349,270.761,159.693,265.987,121.484,229.254,119.329,257.977,141.188,269.193,158.258,264.033
POINT,261009-133914-POINT-2,212.27,219.719,227.079,233.826,217.971,256.041,194.357,273.949,167.401,283.475,181.731,195.09,142.904,178.143,113.185,174.631,88.069,170.953,160.388,204.776,118.621,231.673,132.72,261.226,153.683,268.137,145.406,219.969,124.6,252.442,149.6,267.338,170.889,260.33,136.335,231.447,125.963,257.008,147.172,265.798,168.654,258.949
POINT,261009-133914-POINT-2,220.96,233.491,207.984,207.966,179.635,190.338,152.303,180.024,125.783,172.151,196.042,187.009,161.732,176.978,137.26,166.865,119.867,161.017,197.069,210.184,151.483,225.364,152.426,226.861,162.777,224.332,198.839,237.627,156.101,254.235,161.502,251.72,174.219,245.255,200.012,263.265,170.12,278.931,171.589,275.285,178.401,267.723
POINT,261009-133914-POINT-2,195.678,250.146,220.676,251.279,226.58,247.386,205.783,253.66,180.535,263.273,207.122,192.644,183.662,169.351,159.71,155.09,138.056,144.444,180.547,196.513,149.824,212.839,169.136,241.187,188.961,245.31,160.008,210.208,135.027,234.04,157.208,255.042,177.185,254.704,144.865,226.389,127.779,246.763,146.882,260.946,165.832,259.717
PEACE,261009-133914-PEACE-1,516.626,466.857,473.266,436.834,449.207,391.093,445.855,356.32,450.571,333.679,451.063,323.073,431.466,265.283,421.841,231.335,415.404,201.993,487.977,319.228,487.303,250.38,481.71,209.992,479.662,176.654,522.296,332.953,521.698,283.32,506.394,323.732,499.845,355.989,552.951,357.858,540.387,338.152,525.49,364.266,522.267,385.466
PEACE,261009-133914-PEACE-1,513.517,466.586,473.243,428.656,460.903,368.736,480.096,323.981,501.896,294.344,457.782,324.254,435.343,264.636,422.812,230.523,414.344,202.083,492.289,323.726,487.642,254.18,481.38,213.147,479.782,178.747,523.948,339.519,521.318,291.618,508.736,325.877,504.171,353.345,551.389,364.003,540.628,343.095,524.079,367.487,517.305,387.663
PEACE,261009-133914-PEACE-1,514.285,471.47,464.348,453.29,428.147,414.563,407.847,388.472,393.195,372.814,471.835,323.886,468.455,259.248,468.159,219.185,469.08,186.749,505.249,331.382,517.213,271.893,513.745,271.927,512.764,278.704,533.616,347.189,531.99,317.702,512.795,353.329,504.348,380.641,556.779,370.588,547.975,349.118,527.006,372.002,516.753,390.597
PEACE,261009-133914-PEACE-1,508.19,473.595,464.676,456.471,433.857,410.689,445.397,373.921,474.993,353.331,453.355,326.094,431.773,268.243,421.188,234.347,416.176,205.127,489.043,324.137,487.175,253.221,483.111,213.676,482.951,180.316,521.309,339.84,521.107,285.152,504.07,325.348,495.004,359.556,550.535,367.608,539.91,344.957,521.006,372.263,510.81,397.521
PEACE,261009-133914-PEACE-1,510.127,471.141,464.076,455.63,429.286,414.298,433.75,380.738,464.017,361.239,448.904,326.267,429.28,271.517,418.943,239.742,412.016,212.3,485.6,322.634,484.584,252.327,478.963,211.676,477.695,177.461,519.193,337.843,517.103,284.271,498.093,326.0,488.727,360.932,549.328,364.561,531.851,342.292,514.781,370.925,508.739,396.094
PEACE,261009-133914-PEACE-1,510.965,466.839,461.551,448.222,419.923,408.374,397.685,380.153,384.476,370.18,450.851,322.055,434.476,263.853,424.465,229.425,417.22,199.369,486.989,321.955,487.75,251.675,481.965,209.628,481.386,174.976,519.094,338.349,514.244,288.232,490.964,330.952,480.497,367.317,546.992,364.465,523.284,346.094,502.546,373.765,496.143,396.984
PEACE,261009-133914-PEACE-1,505.055,463.623,456.785,443.61,418.929,404.173,416.86,369.645,444.687,358.173,453.247,320.637,439.635,260.43,430.628,225.599,425.409,195.684,487.738,321.426,487.871,248.575,482.984,206.124,482.162,172.488,519.421,337.42,503.158,288.681,477.379,323.179,465.618,355.659,545.33,363.105,510.53,346.711,483.319,370.883,471.883,393.038
PEACE,261009-133914-PEACE-1,502.927,457.411,453.915,434.195,417.802,395.989,408.513,364.859,429.52,356.574,453.639,318.8,443.657,259.638,436.755,225.175,432.888,195.424,486.299,320.182,486.104,246.664,480.341,204.683,477.192,170.657,516.144,336.11,488.852,291.263,462.038,322.275,451.189,349.975,537.782,362.526,496.852,345.671,468.54,366.48,457.053,384.643
PEACE,261009-133914-PEACE-1,508.266,450.656,457.946,425.446,424.261,390.396,404.64,361.929,400.882,348.031,457.842,312.558,447.213,255.254,440.833,221.714,436.756,193.212,487.931,314.421,488.066,244.283,483.457,203.113,482.023,169.643,512.572,331.579,481.724,287.282,452.63,318.935,442.063,346.016,526.943,359.211,484.799,339.26,456.706,356.2,446.291,371.097
PEACE,261009-133914-PEACE-1,510.283,449.43,455.229,423.122,421.724,386.948,405.235,359.734,406.29,341.976,460.528,310.99,451.976,254.15,446.368,219.257,443.231,190.501,488.677,314.32,486.226,244.163,478.813,202.33,475.903,168.252,510.454,332.015,475.462,285.683,446.621,319.39,438.403,348.299,522.213,359.897,478.853,336.602,450.716,352.904,442.017,368.4
PEACE,261009-133914-PEACE-1,510.07,444.206,453.234,415.538,422.239,382.389,406.554,359.725,404.603,347.59,463.184,308.376,456.904,251.854,451.994,216.413,450.042,188.07,490.333,312.454,483.871,245.936,474.808,204.89,471.706,172.188,508.817,330.377,471.827,286.108,442.612,311.698,432.391,336.018,515.776,357.698,472.708,334.55,448.725,346.882,441.786,360.669
PEACE,261009-133914-PEACE-1,517.474,442.263,461.065,412.631,433.142,378.059,418.705,352.655,412.186,332.289,478.245,310.52,470.594,253.441,465.501,219.026,464.587,190.566,497.474,315.256,481.454,248.115,469.702,207.702,465.616,176.737,507.672,331.419,465.21,284.611,431.317,303.982,416.685,326.163,506.898,355.246,459.225,329.82,433.007,340.054,422.744,353.052
PEACE,261009-133914-PEACE-1,524.428,442.43,468.701,405.322,445.64,372.792,432.595,351.213,422.918,339.673,494.563,310.17,478.454,259.068,442.936,272.66,429.408,296.099,507.749,317.06,484.67,256.491,445.852,270.92,431.708,295.356,510.446,335.848,472.502,284.106,438.856,302.313,429.289,324.803,502.552,361.167,448.023,343.259,416.742,354.421,406.958,365.614
PEACE,261009-133914-PEACE-1,529.041,445.399,471.717,404.426,450.553,373.779,436.13,353.843,419.968,340.686,502.005,313.199,461.137,275.775,428.553,298.594,421.487,325.264,511.053,319.454,458.227,281.47,428.052,307.072,425.132,334.276,507.735,337.293,458.509,288.722,430.076,308.346,426.39,333.424,492.63,359.92,435.081,338.899,406.574,351.577,398.115,365.862
PEACE,261009-133914-PEACE-1,527.694,436.086,470.664,397.065,449.882,368.33,433.434,354.462,418.189,342.716,501.999,314.614,495.945,265.206,484.66,249.132,482.391,242.524,509.424,321.134,469.232,279.139,437.885,299.893,430.813,322.832,505.903,337.556,462.471,290.803,430.662,310.584,421.223,333.634,492.02,357.699,442.692,338.381,411.814,349.451,399.237,362.332
PEACE,261009-133914-PEACE-1,525.256,437.355,468.78,399.985,446.741,368.727,429.692,350.868,416.027,341.517,492.285,308.656,479.934,264.719,475.466,237.766,476.532,214.557,505.296,317.586,484.435,261.172,473.58,232.548,474.068,210.577,508.077,339.083,465.502,287.787,431.585,309.533,419.312,331.611,500.511,366.929,450.984,346.112,421.535,354.907,409.376,363.498
PEACE,261009-133914-PEACE-1,515.573,436.737,463.085,407.158,436.328,375.761,422.676,350.688,423.545,342.549,476.7,305.839,470.442,253.594,466.082,218.897,464.859,189.201,500.04,311.554,488.602,249.732,478.255,210.217,473.427,178.017,513.235,332.734,471.703,287.513,440.723,306.816,426.741,326.179,514.673,363.07,467.843,343.604,438.191,349.935,422.934,356.624
PEACE,261009-133914-PEACE-1,507.068,443.799,460.267,420.372,429.427,386.829,414.993,364.453,413.438,353.795,465.809,309.371,462.728,253.085,457.772,217.512,454.807,188.72,494.186,313.824,491.841,247.485,483.05,208.137,477.324,175.402,516.997,333.72,482.073,294.018,456.138,320.221,448.134,342.839,530.238,364.883,492.138,343.508,465.132,354.157,455.3,365.18
PEACE,261009-133914-PEACE-1,510.471,448.032,462.576,422.528,431.244,386.93,413.941,360.763,419.669,355.49,463.129,309.152,455.761,254.93,450.93,219.365,447.605,189.951,492.926,313.088,491.897,246.962,484.183,204.947,479.358,170.139,518.414,333.46,488.198,292.987,461.967,324.516,454.177,349.648,535.107,364.359,496.674,342.598,469.545,357.039,461.081,369.397
PEACE,261009-133914-PEACE-1,509.525,454.415,463.383,429.762,429.211,392.611,414.393,362.681,432.591,359.228,462.702,314.242,451.221,254.394,444.692,217.291,440.629,187.03,494.514,317.76,493.481,248.051,487.569,205.725,484.113,171.338,522.386,337.8,491.415,296.595,465.489,330.396,456.989,357.211,541.099,368.578,499.79,349.263,472.282,368.021,462.423,383.414
PEACE,261009-133914-PEACE-1,510.373,454.232,463.119,430.683,426.664,394.328,415.752,365.561,436.866,364.096,462.799,312.784,451.605,252.188,443.797,215.38,439.12,184.057,496.397,317.061,495.06,248.57,487.754,205.489,482.599,170.129,525.817,336.79,496.845,296.935,468.761,333.807,456.914,365.437,545.28,367.042,501.164,354.662,468.513,376.385,452.173,395.298
PEACE,261009-133914-PEACE-1,502.081,455.714,456.362,436.494,417.43,400.285,412.3,374.264,438.411,369.111,455.151,316.058,442.424,254.931,432.452,218.776,426.087,187.715,490.152,319.614,490.21,247.245,483.288,204.149,479.131,168.517,521.273,338.177,498.905,294.764,472.334,331.487,460.494,363.777,543.876,366.575,505.504,351.75,475.934,377.205,462.438,398.856
PEACE,261009-133914-PEACE-1,497.488,462.272,453.566,442.521,415.93,405.839,417.096,382.819,445.033,372.575,450.042,320.649,435.013,259.549,424.249,223.393,417.79,192.45,486.188,322.449,485.422,251.695,477.853,209.412,474.412,175.692,518.504,340.489,503.831,293.586,477.449,329.231,464.491,361.375,543.976,368.732,511.226,353.577,484.685,380.474,473.711,403.499
PEACE,261009-133914-PEACE-1,503.021,466.49,456.814,446.688,415.442,410.177,393.186,384.177,388.662,372.87,448.16,323.893,430.854,263.714,419.946,227.513,412.048,196.344,483.985,324.696,481.882,254.372,475.235,211.406,473.215,176.395,515.916,341.533,511.142,291.251,487.358,329.775,474.15,364.664,543.066,368.082,519.909,353.133,497.334,379.851,486.832,403.021
PEACE,261009-133914-PEACE-1,495.243,467.771,453.422,450.511,415.921,414.966,410.911,391.676,434.944,384.844,445.246,327.217,429.982,265.971,419.806,229.885,413.246,198.234,483.546,328.065,483.156,259.161,479.238,217.046,478.801,181.613,517.437,345.815,521.231,299.93,502.803,337.609,490.837,370.44,546.141,373.217,534.547,361.308,516.077,391.116,506.507,415.675
PEACE,261009-133914-PEACE-1,495.906,466.833,454.069,448.057,425.792,408.253,447.56,384.124,486.051,372.984,447.211,328.305,431.13,267.09,421.652,230.372,415.97,197.86,485.56,325.657,486.364,258.123,485.434,215.827,485.593,180.692,518.053,341.93,529.163,297.74,515.557,329.122,504.256,358.241,546.203,369.094,546.933,359.556,531.407,388.713,520.494,414.293
PEACE,261009-133914-PEACE-1,496.623,464.254,458.62,444.071,440.55,403.51,471.033,377.907,506.808,367.292,454.115,323.451,441.159,261.323,434.18,223.625,430.568,191.337,492.07,321.892,493.868,254.5,495.492,212.585,497.201,176.278,523.69,340.011,541.927,290.793,531.451,321.81,519.697,349.522,551.063,369.8,564.542,348.742,554.297,370.039,543.534,389.715
PEACE,261009-133914-PEACE-1,499.745,461.063,463.988,439.39,450.465,397.183,485.467,372.572,523.107,363.868,461.027,320.06,449.91,257.77,444.238,220.312,441.614,188.144,497.938,318.115,498.304,251.473,501.238,210.305,503.739,175.42,528.555,335.844,551.627,289.478,545.07,311.006,534.057,331.356,555.37,364.62,571.834,353.277,563.525,372.678,552.963,389.687
PEACE,261009-133914-PEACE-1,497.74,454.73,465.538,432.922,461.948,393.907,501.204,367.331,537.5,355.01,469.22,316.06,461.495,254.27,458.236,217.535,457.983,185.531,507.06,312.895,507.758,246.818,511.53,208.179,515.185,172.884,536.065,329.216,558.087,286.653,557.088,324.192,550.699,354.737,561.496,357.361,582.083,342.701,576.5,369.927,565.717,393.79
PEACE,261009-133914-PEACE-1,500.34,445.971,477.695,427.636,478.844,394.073,518.644,369.757,552.085,353.809,477.706,313.746,475.515,251.868,476.188,216.092,479.44,185.06,514.807,309.004,518.232,242.546,524.926,204.56,530.841,171.247,542.444,323.423,572.69,287.918,578.887,322.933,575.695,352.106,564.573,349.648,590.153,339.888,589.322,366.266,580.01,390.144
PEACE,261009-133914-PEACE-1,503.488,439.19,483.45,422.211,485.466,390.454,525.152,368.455,560.608,352.994,485.58,308.315,486.572,248.264,488.411,212.913,493.346,182.443,520.34,305.574,524.95,240.685,532.735,202.812,539.964,170.037,545.815,320.651,575.746,282.708,586.149,313.105,585.912,340.555,565.917,346.772,593.836,333.726,598.418,358.121,592.192,382.076
PEACE,261009-133914-PEACE-1,501.411,425.217,490.383,409.982,501.939,380.226,542.976,358.608,574.898,340.69,495.244,303.337,498.887,247.145,502.459,212.21,508.507,182.054,527.325,300.093,531.117,238.368,540.366,200.807,549.627,168.275,551.071,314.0,582.81,279.047,595.204,307.709,596.555,333.887,568.236,338.197,597.277,328.277,605.815,350.946,603.694,373.244
PEACE,261009-133914-PEACE-1,504.969,415.223,496.292,403.955,509.602,377.21,548.538,359.62,583.863,337.977,498.863,299.348,506.26,247.1,511.144,211.547,518.754,181.176,528.835,298.941,534.534,238.248,545.548,199.411,556.271,167.526,551.478,312.476,586.025,279.487,601.422,310.614,604.97,339.051,567.893,332.194,595.566,323.673,606.349,349.135,605.291,373.708
PEACE,261009-133914-PEACE-1,501.076,410.242,496.75,397.99,511.708,373.261,546.913,357.175,581.154,333.374,498.465,294.317,506.078,245.046,512.771,209.257,521.686,181.117,524.733,298.058,532.382,238.059,544.646,198.883,554.452,167.523,546.207,313.061,581.965,277.479,596.739,309.215,599.066,337.116,563.403,330.125,590.671,322.081,601.833,348.304,601.346,371.772
PEACE,261009-133914-PEACE-1,499.099,406.423,496.215,398.063,511.724,374.506,546.493,360.583,581.588,339.052,497.487,295.493,506.894,247.178,515.016,211.012,524.457,183.219,522.824,299.088,532.227,240.092,544.764,201.175,554.435,170.734,544.163,313.099,579.953,278.778,594.707,307.992,596.931,334.332,561.523,329.192,588.064,321.741,598.222,347.776,596.548,371.697
PEACE,261009-133914-PEACE-1,497.395,407.487,496.263,397.368,514.208,374.957,548.781,361.027,581.785,337.318,499.448,296.544,510.367,248.65,518.774,213.248,529.513,185.181,524.443,300.725,534.165,241.692,546.932,203.024,557.238,172.318,544.924,315.031,580.724,282.868,596.842,313.118,600.108,340.436,560.67,331.004,587.493,322.219,600.405,346.533,600.667,369.872
PEACE,261009-133914-PEACE-1,496.13,411.59,495.445,399.613,514.05,375.397,547.336,358.243,576.7,335.379,500.181,296.978,511.65,248.749,519.808,214.976,530.4,186.462,523.948,298.137,533.441,240.124,546.035,204.239,556.671,175.672,542.164,309.813,578.871,281.368,596.499,313.012,600.748,340.666,554.323,326.107,582.942,318.858,595.956,344.471,596.131,368.718
PEACE,261009-133914-PEACE-1,492.855,413.606,493.455,398.555,514.672,373.475,550.848,355.46,580.276,335.205,503.337,299.72,514.082,251.331,521.838,218.337,532.078,189.914,527.606,299.443,536.128,242.211,547.926,206.611,559.265,176.594,545.391,310.925,580.657,282.82,595.965,312.394,598.364,339.518,556.741,329.03,585.402,321.845,597.421,346.01,597.126,369.404
PEACE,261009-133914-PEACE-1,496.586,415.19,496.481,398.841,518.333,374.715,556.017,358.482,587.015,341.981,509.727,299.195,520.924,250.628,529.005,218.185,540.03,190.611,533.156,300.617,543.163,244.551,555.139,209.105,566.362,179.99,549.78,313.22,585.371,283.156,600.436,310.255,603.264,336.331,560.046,332.01,588.536,326.421,601.716,348.601,602.832,370.978
PEACE,261009-133914-PEACE-1,497.069,416.177,488.044,397.009,501.712,369.483,540.719,350.498,570.19,336.779,498.67,298.829,507.239,247.867,514.761,216.168,523.862,188.491,527.074,297.711,535.011,239.725,545.589,205.137,555.384,175.722,547.895,311.072,579.476,279.339,591.278,307.12,592.45,332.329,561.923,333.297,589.31,324.635,598.21,345.163,596.383,365.987
PEACE,261009-133914-PEACE-1,493.586,415.4,480.451,400.186,486.147,374.563,520.591,357.096,550.91,343.355,486.243,297.157,489.942,244.942,494.552,212.989,501.818,185.709,515.738,294.951,520.51,238.925,528.909,203.627,536.698,173.042,537.288,308.851,567.45,275.654,576.701,301.665,575.82,324.95,554.146,333.155,580.382,323.727,584.794,344.86,579.294,365.276
PEACE,261009-133914-PEACE-1,491.774,414.429,474.578,398.146,478.673,369.854,513.049,349.963,543.218,334.456,478.032,296.032,481.427,242.823,484.823,210.441,490.625,183.558,509.469,294.28,515.953,236.999,524.178,202.43,531.722,172.399,532.815,308.62,562.106,274.796,567.561,304.033,565.016,328.67,551.646,333.018,576.158,323.182,577.166,345.456,570.006,366.049
PEACE,261009-133914-PEACE-1,490.819,409.865,461.955,391.966,461.005,359.682,497.291,342.565,532.798,334.227,474.719,292.219,477.184,240.517,480.12,207.439,485.438,179.638,508.408,293.976,517.187,238.342,526.947,204.089,535.42,172.699,533.168,311.882,557.626,278.227,550.357,307.014,539.878,328.371,553.163,337.762,568.023,329.492,558.616,349.374,546.258,363.268
PEACE,261009-133914-PEACE-1,488.733,412.365,457.082,392.751,446.138,356.666,477.801,340.428,512.654,334.687,472.877,293.148,472.547,240.22,473.499,206.985,476.637,178.026,505.819,296.806,518.965,238.857,527.643,203.822,535.286,172.769,530.111,315.806,551.674,281.045,538.273,302.558,525.652,320.611,548.642,342.521,553.414,335.117,535.599,357.244,521.354,374.674
PEACE,261009-133914-PEACE-1,487.296,418.735,455.113,395.321,437.144,357.419,458.519,339.619,489.574,335.292,468.687,294.305,466.801,240.868,465.948,208.376,467.23,180.006,501.478,298.676,515.612,240.093,522.165,204.673,528.582,174.92,526.854,317.997,542.494,282.426,525.547,304.424,512.211,324.889,546.256,345.534,540.738,338.02,520.588,357.767,506.704,375.082
PEACE,261009-133914-PEACE-1,482.121,420.753,448.95,397.106,431.057,356.801,452.391,338.807,481.685,334.848,464.53,294.799,463.553,241.237,461.993,207.865,462.818,179.122,499.0,299.542,513.664,241.221,519.462,204.463,526.579,174.147,524.805,320.415,536.143,285.762,512.38,314.449,496.913,339.289,542.87,349.332,529.112,343.503,505.121,363.846,491.705,380.472
PEACE,261009-133914-PEACE-1,470.528,424.447,435.021,393.171,423.829,352.119,446.416,335.808,472.346,330.58,465.082,293.141,465.348,239.802,463.512,205.79,464.515,176.741,498.999,301.128,514.342,243.103,519.624,203.874,527.331,172.759,523.948,324.654,526.606,289.898,496.59,315.358,479.092,339.116,539.286,355.891,515.921,344.478,485.587,359.024,469.144,372.946
PEACE,261009-133914-PEACE-1,470.135,421.351,439.561,389.798,421.867,350.202,434.976,334.829,457.651,333.764,467.628,290.377,467.834,237.801,465.316,204.43,464.787,175.993,498.689,300.532,514.294,243.017,519.082,204.706,524.958,174.185,521.803,326.585,510.69,299.554,480.776,322.643,464.726,343.136,534.58,360.616,505.254,348.197,474.86,358.742,459.227,369.369
PEACE,261009-133914-PEACE-1,481.095,421.82,446.408,391.238,425.875,356.496,421.304,336.589,425.869,329.256,472.345,293.791,469.693,238.594,466.144,205.095,463.694,175.433,500.8,304.586,510.574,243.725,512.686,205.673,518.287,171.051,521.512,330.868,502.254,293.583,472.49,315.629,459.634,335.12,531.15,365.736,513.325,343.18,487.637,345.501,475.915,350.85
PEACE,261009-133914-PEACE-1,485.89,417.626,445.159,386.748,421.612,351.659,412.948,329.786,419.356,326.54,470.261,289.134,464.609,235.236,460.052,201.015,455.493,171.526,496.715,301.298,504.18,241.493,505.037,201.967,507.639,166.087,515.477,328.687,493.708,290.801,466.487,310.528,454.022,327.795,523.745,363.497,506.208,340.025,483.315,340.507,472.077,343.91
PEACE,261009-133914-PEACE-1,480.122,413.21,438.454,382.686,419.741,347.884,411.732,328.417,408.297,318.594,467.994,283.442,461.782,232.099,456.908,197.025,453.371,169.878,492.871,296.707,497.593,235.83,493.468,197.356,491.592,166.679,507.133,323.623,467.563,284.514,440.282,308.425,435.552,326.554,509.39,357.892,467.247,330.766,441.527,339.288,437.346,349.151
PEACE,261009-133914-PEACE-1,480.556,414.551,433.882,384.493,413.929,350.626,404.54,330.001,399.64,318.659,465.411,284.694,455.995,231.257,449.232,195.145,445.441,166.58,488.042,297.062,485.684,234.672,481.643,194.305,482.347,160.893,499.736,321.483,460.129,280.682,428.927,300.167,418.679,316.943,497.789,351.929,455.813,324.381,425.233,327.521,412.646,334.249
PEACE,261009-133914-PEACE-1,479.802,416.85,429.8,379.234,407.755,344.444,395.275,319.978,386.832,315.985,458.823,280.361,447.945,225.329,440.394,189.843,434.677,161.185,481.416,294.697,475.27,229.263,468.583,188.643,466.373,156.328,490.446,320.318,450.178,274.235,419.634,294.443,408.454,311.668,486.157,349.796,441.195,321.423,410.979,324.504,397.481,329.841
PEACE,261009-133914-PEACE-1,475.928,419.758,425.713,386.708,400.415,350.882,384.753,326.669,371.841,314.239,447.591,280.829,438.628,226.185,431.009,190.668,426.035,161.909,471.954,292.522,468.471,225.565,460.699,183.968,456.712,149.872,485.676,315.68,445.158,271.186,414.957,293.27,404.048,312.637,486.319,345.035,441.316,316.388,413.061,323.561,402.126,333.211
PEACE,261009-133914-PEACE-1,477.894,420.36,429.053,392.278,398.281,355.187,380.905,331.542,376.185,320.721,441.366,281.589,427.685,227.005,419.652,191.877,412.266,162.91,469.735,288.891,471.15,222.671,463.68,181.824,458.294,146.779,490.533,310.837,456.278,268.413,428.334,296.927,420.133,320.18,499.265,341.624,463.591,313.434,436.556,325.723,428.207,339.504
PEACE,261009-133914-PEACE-1,471.25,427.139,426.533,402.463,394.091,365.694,387.893,339.206,404.192,330.103,434.034,286.547,423.277,230.453,414.069,195.47,407.123,165.659,466.897,290.708,470.816,223.497,465.078,180.747,461.072,146.138,495.201,310.397,473.61,270.106,446.18,299.013,433.986,325.589,514.192,339.917,475.484,324.761,447.448,342.668,436.367,358.791
PEACE,261009-133914-PEACE-1,478.434,429.148,430.181,407.946,395.686,370.568,397.546,343.378,419.004,331.666,431.21,287.179,414.53,230.38,402.356,196.318,393.16,166.607,464.829,287.971,465.758,219.035,459.321,177.25,456.24,143.635,495.305,305.12,486.78,259.901,461.454,291.598,448.629,321.769,519.253,332.771,489.688,318.851,462.75,340.93,450.617,360.703
PEACE,261009-133914-PEACE-1,476.737,423.277,431.777,401.465,399.802,364.679,407.819,340.946,433.842,329.365,431.889,283.686,415.042,225.912,403.696,191.387,395.867,160.519,467.259,283.168,467.884,214.074,463.426,172.117,461.849,137.728,498.303,300.294,494.258,255.276,471.807,290.937,458.897,323.137,522.718,328.082,500.192,315.655,475.749,341.046,462.967,363.403
PEACE,261009-133914-PEACE-1,486.371,405.902,445.607,389.89,413.277,362.919,418.692,349.995,441.577,342.163,436.436,277.633,421.628,220.43,410.154,185.213,402.71,154.084,474.154,275.78,479.242,208.42,477.864,167.088,479.092,132.8,507.382,293.794,506.237,263.376,484.078,299.926,471.385,328.738,533.757,323.345,514.529,327.788,489.515,352.354,475.722,369.372
PEACE,261009-133914-PEACE-1,488.415,391.204,450.381,376.961,422.532,353.947,431.91,346.535,453.74,343.576,441.529,272.646,424.415,217.463,411.176,183.854,402.777,153.945,480.029,269.317,482.646,205.239,482.551,166.074,484.299,130.476,513.933,287.095,511.784,264.205,491.166,306.946,478.721,334.913,542.104,316.534,529.345,319.926,504.232,348.996,488.498,367.344
PEACE,261009-133914-PEACE-1,504.58,380.549,463.795,374.71,432.71,357.693,444.235,348.356,474.098,345.534,450.149,269.464,429.445,219.793,412.425,189.776,399.646,161.277,487.534,263.833,484.483,204.545,483.48,166.521,483.22,131.013,521.572,279.042,519.691,271.736,501.782,315.137,487.701,342.052,548.702,305.817,538.188,321.655,514.609,355.142,495.955,375.155
PEACE,261009-133914-PEACE-1,514.627,370.407,474.223,365.877,443.123,355.044,453.302,355.341,479.014,357.572,456.317,269.529,434.515,223.482,415.506,196.423,400.856,170.69,493.413,262.318,489.218,208.97,487.292,173.222,485.821,141.445,527.912,276.404,528.072,271.874,513.596,313.17,499.6,341.776,555.954,302.559,548.372,323.465,524.939,358.718,503.663,382.982
PEACE,261009-133914-PEACE-1,510.745,363.372,472.458,361.161,442.475,353.554,451.506,360.489,471.772,367.637,458.323,271.268,436.351,229.167,416.962,204.664,402.259,181.937,496.157,263.988,492.492,215.032,490.124,183.922,488.701,156.398,530.374,277.769,529.479,279.482,516.084,318.572,503.244,343.94,556.854,303.023,548.822,329.72,526.807,365.246,507.075,388.708
PEACE,261009-133914-PEACE-1,508.665,380.919,471.989,372.877,442.679,358.97,455.862,363.576,487.292,369.35,460.525,285.955,435.729,246.971,414.947,227.996,396.713,210.468,497.073,278.337,494.12,234.211,488.444,209.581,482.186,186.382,531.094,291.718,530.154,297.497,514.912,340.135,501.155,368.143,558.5,317.196,548.724,345.786,526.018,377.178,505.882,396.429
PEACE,261009-133914-PEACE-1,503.058,392.323,468.702,381.253,441.163,364.951,454.984,368.213,486.329,375.95,459.41,297.701,436.46,261.925,415.336,244.977,395.865,229.358,496.462,288.101,493.447,248.601,488.51,226.8,482.501,204.851,531.159,298.419,530.502,310.812,513.453,357.092,497.831,386.314,559.289,321.67,551.023,354.498,529.648,389.672,511.079,410.698
PEACE,261009-133914-PEACE-1,507.665,391.805,472.999,384.247,442.815,370.744,452.846,375.641,483.67,384.859,459.074,302.714,435.83,270.541,414.177,256.812,394.17,244.788,498.605,291.875,497.354,256.698,491.487,240.817,485.278,223.806,534.927,302.628,536.043,324.409,516.573,370.253,499.706,395.395,564.592,327.001,554.722,363.139,533.309,396.837,515.04,415.096
PEACE,261009-133914-PEACE-1,507.155,395.011,470.844,386.846,442.64,374.582,456.212,379.007,488.161,387.685,460.005,308.292,436.215,278.719,415.11,265.727,394.698,256.571,500.592,298.212,498.2,263.408,492.039,249.185,484.699,237.632,537.15,310.055,537.414,332.724,516.989,376.769,497.419,403.012,565.74,335.53,555.115,370.687,532.382,403.329,511.484,423.439
PEACE,261009-133914-PEACE-1,515.3,386.697,476.707,385.48,445.111,378.638,455.415,381.306,488.065,384.216,459.145,309.987,433.371,280.409,410.984,267.942,390.044,258.067,499.732,298.41,496.801,265.737,490.21,250.527,481.966,237.003,536.962,309.548,531.233,338.037,511.268,379.775,493.185,403.018,566.185,334.641,552.585,373.758,531.857,405.768,513.658,424.704
PEACE,261009-133914-PEACE-1,507.185,389.259,471.47,383.714,442.269,373.36,451.777,375.011,482.083,378.37,456.992,304.21,432.969,271.232,411.151,256.981,391.472,244.766,495.352,295.008,492.533,259.499,486.401,241.755,479.278,225.276,530.43,306.703,527.018,322.327,509.735,365.157,493.635,392.988,558.18,331.256,546.112,363.983,525.939,395.989,508.001,417.258
PEACE,261009-133914-PEACE-1,515.211,373.529,478.776,370.665,445.486,363.88,448.023,364.278,474.005,365.643,460.414,294.913,434.188,255.836,413.136,238.125,395.126,220.725,498.145,283.024,489.656,241.6,483.633,218.412,477.572,194.777,533.393,293.049,529.662,305.604,515.778,352.271,504.056,381.995,562.214,316.174,552.722,348.109,532.529,383.185,514.685,406.239
PEACE,261009-133914-PEACE-1,525.333,368.119,486.253,370.227,452.946,365.151,458.927,365.057,481.218,365.602,457.449,280.773,431.413,236.059,411.431,210.08,396.099,185.453,494.038,270.113,484.792,218.676,479.138,185.613,474.344,155.775,530.57,280.163,527.163,280.212,516.913,325.559,507.182,356.221,560.985,302.786,553.051,326.411,534.348,360.959,517.55,384.045
PEACE,261009-133914-PEACE-1,539.128,371.367,495.179,369.968,458.69,360.987,466.439,357.926,495.28,353.869,460.841,273.147,435.288,224.025,416.901,193.419,403.309,164.682,498.008,264.63,489.165,206.909,483.847,168.542,478.728,134.131,534.927,275.967,532.329,269.277,516.286,314.399,500.949,346.75,565.273,299.829,556.206,319.83,536.186,355.039,517.97,379.471
PEACE,261009-133914-PEACE-1,532.845,375.628,488.523,370.882,455.358,356.719,461.872,350.64,482.498,346.658,463.096,264.1,438.565,210.148,421.29,177.496,408.071,147.212,500.006,258.674,494.16,194.651,489.003,155.027,484.307,120.001,535.498,272.955,532.233,249.893,518.593,290.288,507.723,319.312,564.881,298.864,555.703,304.101,537.042,335.522,522.801,356.249
PEACE,261009-133914-PEACE-1,536.875,391.562,487.276,382.282,453.013,357.309,457.54,342.705,470.537,333.98,469.076,264.99,448.192,206.819,432.973,172.165,421.522,140.49,507.909,260.527,503.856,192.919,497.924,150.803,495.212,115.006,543.398,275.383,537.288,240.637,520.33,279.862,510.959,311.287,571.66,301.46,553.315,302.556,531.829,333.557,519.853,355.425
PEACE,261009-133914-PEACE-1,531.701,405.113,481.345,391.469,446.159,361.223,450.668,344.112,463.067,333.09,471.875,270.839,452.831,211.241,438.915,175.162,428.783,142.437,510.759,267.409,508.841,198.025,503.946,154.649,502.923,118.265,545.127,283.617,544.546,240.287,525.57,275.748,515.24,306.559,573.213,310.893,557.695,309.516,536.416,338.47,526.15,359.839
PEACE,261009-133914-PEACE-1,532.346,410.228,481.256,395.762,450.676,356.028,466.053,325.42,493.395,307.585,473.675,269.854,455.906,210.906,443.983,174.822,435.611,143.057,510.937,265.696,509.602,197.075,505.665,154.325,504.992,119.598,543.505,280.816,543.204,232.873,524.765,269.686,514.095,302.705,571.234,306.763,553.331,296.395,533.522,326.042,523.684,350.802
PEACE,261009-133914-PEACE-1,526.697,406.16,476.885,388.786,450.143,345.387,467.531,312.495,493.74,293.268,474.382,262.93,457.274,206.203,446.133,171.787,438.817,141.247,509.004,260.203,510.013,192.003,505.688,150.306,504.922,116.184,539.429,275.279,540.726,225.199,521.573,258.544,512.337,289.841,565.782,300.173,545.804,284.449,525.667,310.647,518.138,334.124
PEACE,261009-133914-PEACE-1,520.904,396.363,469.163,380.536,441.604,339.658,458.955,307.011,490.246,287.649,474.717,259.285,457.787,205.874,447.387,171.435,442.09,141.956,507.16,260.642,507.836,193.482,505.552,152.787,505.122,118.484,535.358,276.104,537.435,224.638,517.859,252.172,506.126,281.914,559.964,297.717,541.193,279.608,520.121,302.567,508.959,325.97
PEACE,261009-133914-PEACE-1,515.311,400.043,466.773,382.591,436.243,338.005,450.433,301.41,484.943,288.632,470.482,263.72,456.777,209.252,449.14,175.998,444.963,146.721,502.957,263.111,507.473,197.873,506.219,158.782,507.075,126.308,531.548,277.997,533.803,226.256,512.512,254.496,500.481,283.629,556.834,302.065,537.182,281.836,515.532,302.911,504.902,323.753
PEACE,261009-133914-PEACE-1,510.064,400.064,460.502,385.508,430.39,338.237,446.225,295.452,482.899,281.693,464.254,269.41,452.549,217.995,446.61,186.528,442.735,158.917,495.807,267.951,501.016,204.374,500.067,167.054,499.765,137.816,523.367,280.91,527.51,225.614,509.865,246.713,499.231,272.53,548.084,302.411,529.975,276.667,509.415,294.508,498.034,315.213
PEACE,261009-133914-PEACE-1,509.169,403.494,459.603,384.443,429.747,338.37,441.004,293.31,475.728,274.47,464.88,276.093,452.245,224.172,445.903,193.72,442.356,166.186,494.979,273.902,500.003,210.496,498.594,173.625,498.694,144.258,521.279,285.419,522.78,229.512,501.775,252.695,489.973,281.206,544.935,305.17,526.966,274.992,506.062,288.035,494.45,307.229
PEACE,261009-133914-PEACE-1,511.248,402.706,463.341,384.384,432.735,338.691,442.913,292.437,477.922,274.75,468.508,276.085,457.052,224.191,452.134,193.313,448.915,166.354,499.042,273.639,504.698,211.07,503.852,175.03,504.058,147.534,525.662,285.529,528.576,230.567,509.411,251.914,498.217,278.547,549.75,306.031,533.827,275.503,513.577,288.018,501.617,306.72
PEACE,261009-133914-PEACE-1,519.228,404.858,467.507,385.033,438.099,337.559,452.668,293.889,486.264,275.793,474.158,276.792,462.944,224.927,457.677,194.044,454.009,167.328,505.587,273.219,511.194,211.6,509.697,175.277,509.08,147.622,532.47,284.196,537.058,228.846,518.765,251.364,508.127,278.725,556.324,304.19,539.288,278.544,519.339,290.817,508.797,307.515
PEACE,261009-133914-PEACE-1,525.266,403.404,478.301,382.49,449.715,333.876,465.656,293.597,500.125,282.959,483.829,273.431,474.037,221.134,469.573,189.992,466.338,163.383,517.082,271.159,523.737,209.336,523.442,172.751,523.672,145.119,545.351,283.947,550.907,229.441,534.688,253.027,525.44,281.331,569.844,306.521,555.757,281.686,536.67,296.341,526.67,315.605
PEACE,261009-133914-PEACE-1,537.935,410.438,489.458,386.898,463.977,336.875,482.163,299.424,514.507,289.196,500.771,274.868,491.897,220.5,487.874,187.51,486.002,159.307,535.211,273.62,544.842,209.57,545.94,171.067,548.502,142.369,563.894,288.161,571.47,233.725,553.179,255.915,543.249,282.826,587.722,312.444,570.447,289.583,550.283,306.1,542.198,325.458
PEACE,261009-133914-PEACE-2,152.518,310.498,192.888,313.49,224.855,304.408,219.599,300.303,195.976,291.987,209.36,228.141,229.994,183.535,240.761,157.619,246.362,135.757,176.494,220.332,172.939,168.29,176.947,133.748,178.779,102.131,149.669,229.667,153.237,247.571,172.243,277.793,185.761,293.431,129.914,248.945,142.299,273.877,164.43,296.04,181.601,307.617
PEACE,261009-133914-PEACE-2,142.519,304.183,182.91,314.836,214.664,311.618,210.289,311.273,191.745,306.083,204.043,235.991,224.743,195.722,237.372,170.298,245.473,145.414,174.237,225.517,166.516,179.482,167.903,147.869,168.803,117.484,147.474,233.218,149.312,258.556,167.477,292.175,181.25,308.668,127.585,250.598,136.661,282.934,161.224,307.471,180.496,319.98
PEACE,261009-133914-PEACE-2,132.535,298.76,175.536,317.641,202.834,316.864,193.381,318.95,178.982,317.671,196.728,236.918,219.47,204.706,231.604,183.51,239.348,161.28,169.292,226.838,164.659,187.122,165.335,156.476,165.182,126.128,143.676,235.967,147.878,263.671,162.007,294.445,172.646,306.171,124.594,253.737,134.165,289.787,156.416,316.036,174.554,328.513
PEACE,261009-133914-PEACE-2,130.239,288.968,129.205,297.638,139.556,297.848,153.886,316.741,177.074,325.386,175.136,237.451,202.1,213.001,217.815,194.381,228.818,173.919,181.468,237.809,170.548,202.251,159.814,170.486,154.997,139.715,179.433,254.475,168.051,289.029,159.12,314.49,159.336,319.38,177.235,277.815,165.843,319.627,165.745,338.955,173.035,341.589
PEACE,261009-133914-PEACE-2,126.849,289.658,142.606,314.238,157.245,325.465,167.153,339.293,182.549,338.867,180.72,257.5,202.953,238.764,216.553,221.967,226.705,202.454,172.06,242.739,164.576,216.774,158.787,192.09,159.147,165.705,156.732,246.499,148.581,283.85,147.086,315.632,151.33,328.606,143.171,260.442,136.448,301.873,142.017,327.296,152.596,336.118
PEACE,261009-133914-PEACE-2,125.908,275.85,142.343,311.981,161.018,331.878,173.863,338.765,186.015,329.294,170.347,266.217,173.952,240.544,175.426,216.571,179.196,193.911,164.109,242.469,179.897,231.468,199.499,215.988,217.282,200.677,154.154,231.428,154.208,254.196,148.185,281.582,145.5,300.285,144.564,228.85,144.857,251.359,142.654,274.689,142.395,290.19
PEACE,261009-133914-PEACE-2,115.776,280.017,135.901,312.977,154.398,325.467,168.828,336.232,180.557,330.788,160.649,252.087,165.8,227.139,167.186,200.676,167.004,173.808,152.469,232.846,159.409,219.505,169.627,197.358,178.113,173.309,143.058,231.752,153.89,269.177,157.323,299.208,161.04,314.128,133.059,237.241,142.584,274.707,147.721,299.808,155.638,310.274
PEACE,261009-133914-PEACE-2,121.459,291.086,144.902,316.021,162.142,327.287,172.312,336.656,186.12,330.1,179.984,253.921,200.617,233.531,211.578,216.201,220.02,196.383,165.069,236.808,160.923,211.643,156.786,187.368,157.905,160.798,145.722,239.016,145.779,277.426,150.34,307.23,159.22,317.739,129.732,252.039,130.788,295.311,140.466,318.707,153.55,325.239
PEACE,261009-133914-PEACE-2,142.364,289.788,155.787,300.566,167.393,300.472,173.795,316.558,182.916,323.119,186.951,232.339,211.669,205.09,225.802,186.627,236.293,166.585,177.401,231.226,174.149,192.315,170.488,164.1,171.331,137.905,163.571,246.161,162.521,268.065,160.302,288.891,160.952,295.161,152.708,269.324,155.44,307.215,162.882,328.509,171.084,336.172
PEACE,261009-133914-PEACE-2,148.863,311.773,190.502,324.279,218.413,321.847,211.471,322.471,194.243,318.537,206.233,242.406,226.134,201.741,239.611,177.85,248.843,154.24,176.452,233.792,174.362,185.106,177.919,154.436,179.81,126.337,149.319,243.446,154.4,262.514,171.158,294.541,183.301,311.508,129.56,263.435,142.155,291.249,165.717,316.876,183.253,331.946
PEACE,261009-133914-PEACE-2,160.384,340.002,198.32,342.04,229.449,332.578,226.944,325.247,205.76,313.168,218.391,252.92,236.596,206.273,248.458,177.485,257.382,150.172,187.093,245.458,186.469,190.58,192.073,155.028,195.925,124.269,158.648,255.221,162.82,259.832,180.381,295.153,192.476,317.709,135.464,274.855,146.454,290.454,165.362,314.332,179.136,329.411
PEACE,261009-133914-PEACE-2,169.531,363.745,208.129,358.432,238.158,342.718,237.208,326.936,213.86,314.149,225.709,257.846,241.47,210.072,252.664,179.836,260.385,153.385,193.013,253.944,194.186,197.544,199.957,159.937,203.804,129.677,164.755,266.318,175.291,267.17,192.084,297.998,202.103,320.515,143.388,289.043,163.266,301.654,185.611,323.601,201.386,339.919
PEACE,261009-133914-PEACE-2,172.958,374.296,209.773,366.558,237.641,347.132,234.026,329.796,214.463,312.285,225.221,263.15,239.631,213.878,249.576,183.125,256.261,156.24,191.847,259.983,192.089,202.331,197.602,164.898,200.927,135.746,163.834,272.4,176.661,270.209,194.002,301.116,203.162,324.635,143.409,294.839,167.422,311.37,189.431,334.003,203.539,349.835
PEACE,261009-133914-PEACE-2,175.465,383.435,214.32,372.822,241.182,348.853,237.462,328.615,218.763,307.113,231.083,267.04,246.763,219.53,255.874,187.886,262.129,161.608,199.208,265.275,200.729,205.794,206.257,167.627,210.51,138.885,171.421,279.353,179.814,263.883,196.64,295.47,205.833,320.759,149.904,302.956,168.203,303.082,188.568,325.442,201.56,343.467
PEACE,261009-133914-PEACE-2,180.28,386.333,218.526,375.616,244.982,349.835,243.805,325.917,223.803,303.643,236.639,270.449,253.962,222.117,263.331,191.042,270.152,165.282,205.973,268.069,209.144,208.884,215.516,171.805,220.682,143.723,178.383,281.436,187.286,261.815,204.699,291.9,214.607,316.678,156.131,304.195,174.117,301.436,194.086,321.756,207.23,338.693
PEACE,261009-133914-PEACE-2,183.525,391.406,222.8,380.414,249.773,353.854,247.586,329.387,228.285,306.206,241.013,276.443,259.819,227.666,269.617,197.03,276.345,171.101,210.158,273.162,214.734,213.525,221.851,176.43,227.016,147.892,182.174,285.273,193.05,266.195,209.922,299.005,219.074,324.838,159.993,306.856,180.201,303.962,200.865,324.828,214.436,342.121
PEACE,261009-133914-PEACE-2,185.036,393.789,223.49,380.509,247.934,352.05,244.125,325.34,225.453,301.852,242.778,278.847,262.986,231.415,272.782,201.041,279.015,175.124,212.945,274.946,218.986,217.526,226.491,181.742,231.869,153.792,184.943,286.325,192.071,264.415,209.509,295.328,220.219,320.955,161.475,307.361,178.17,302.092,197.825,322.362,211.456,339.769
PEACE,261009-133914-PEACE-2,184.442,397.075,223.184,384.301,248.79,356.664,246.944,330.316,229.462,305.622,243.279,282.985,264.833,235.466,275.182,205.367,282.083,179.361,213.974,279.406,222.174,222.201,230.909,187.184,236.713,159.991,186.431,290.566,195.051,267.368,212.854,298.463,223.419,323.996,163.358,311.387,182.218,305.717,202.198,325.977,215.692,343.195
PEACE,261009-133914-PEACE-2,181.14,399.58,219.401,385.808,248.598,357.016,255.18,329.86,236.902,307.797,235.757,282.402,255.616,234.482,265.428,204.582,271.909,178.91,206.226,279.937,214.14,222.148,222.992,186.643,228.001,159.281,179.192,291.517,191.636,266.163,213.323,293.821,226.095,318.046,157.93,312.689,183.587,306.327,206.09,324.68,220.377,341.282
PEACE,261009-133914-PEACE-2,177.102,395.595,215.596,381.308,245.94,351.198,253.758,323.213,232.809,305.668,224.9,277.067,241.373,227.236,249.631,196.714,255.535,170.808,194.35,276.5,200.393,219.036,208.951,182.495,214.631,154.62,168.131,289.652,187.464,266.933,210.398,292.9,223.246,315.861,149.75,312.581,182.843,309.007,207.942,326.204,223.239,342.335
PEACE,261009-133914-PEACE-2,168.066,393.05,206.321,370.729,236.3,338.552,254.681,313.2,245.218,297.176,206.885,268.965,222.227,218.124,229.21,186.87,233.003,160.55,177.707,270.855,183.522,212.134,191.288,174.739,194.921,146.634,154.831,285.985,191.16,265.842,221.322,288.996,236.312,310.177,142.463,310.316,187.027,306.57,211.092,321.62,222.385,335.992
PEACE,261009-133914-PEACE-2,164.036,385.909,204.984,359.983,234.023,328.179,254.724,303.589,249.366,283.309,197.543,262.051,213.257,211.163,219.431,179.747,223.046,153.058,169.3,265.635,177.687,206.262,184.359,167.969,188.139,138.284,149.968,281.446,195.135,258.295,227.34,282.146,244.033,303.453,142.889,305.613,193.218,296.798,220.702,309.338,235.159,321.515
PEACE,261009-133914-PEACE-2,154.133,381.356,201.478,349.921,228.044,321.82,250.924,300.984,251.573,277.457,188.38,257.279,205.122,206.746,211.038,174.15,213.513,145.88,163.963,263.248,172.412,202.654,177.396,163.173,179.574,130.658,150.373,281.018,203.374,257.039,235.886,281.386,250.643,301.286,150.221,305.745,201.178,291.778,226.74,306.636,237.505,320.595
PEACE,261009-133914-PEACE-2,151.82,385.192,200.026,349.842,224.991,321.321,248.153,300.409,254.353,276.157,184.949,258.566,200.78,209.629,206.64,176.067,209.258,146.618,164.366,263.61,173.558,204.655,178.116,163.91,179.947,131.029,153.8,281.834,210.274,259.805,240.186,283.843,251.72,303.476,156.318,307.834,206.369,289.128,230.433,303.148,239.142,317.16
PEACE,261009-133914-PEACE-2,151.869,383.111,202.181,348.622,225.338,316.61,246.685,294.36,257.78,274.855,181.462,259.589,194.623,211.218,200.568,176.053,203.337,146.701,166.383,263.433,177.448,205.791,183.16,166.169,186.413,133.286,161.639,280.009,218.915,260.685,243.968,286.37,251.395,307.494,169.382,304.19,217.031,287.934,237.645,302.351,244.301,317.181
PEACE,261009-133914-PEACE-2,151.118,381.015,201.228,345.522,223.542,311.294,242.912,286.048,254.99,273.191,176.803,258.746,192.235,208.61,199.578,174.221,202.959,146.062,166.727,264.191,179.589,205.528,187.506,166.545,192.758,136.873,166.068,281.706,223.032,257.432,245.237,279.908,250.665,299.647,178.095,305.349,223.683,286.837,240.373,300.521,243.707,315.016
PEACE,261009-133914-PEACE-2,152.042,378.333,199.235,341.784,222.878,308.283,242.714,283.499,255.109,267.707,175.106,256.969,190.512,206.088,197.656,172.625,201.136,144.641,168.42,263.383,181.306,203.962,188.991,165.105,193.973,135.174,169.411,281.834,225.58,255.636,246.556,278.418,251.59,297.803,182.515,304.805,224.59,285.691,240.717,299.484,244.115,313.516
PEACE,261009-133914-PEACE-2,152.371,379.278,199.276,344.934,222.497,310.839,243.447,286.521,257.679,271.008,175.786,258.239,193.116,208.996,200.592,175.235,203.828,146.263,168.206,264.189,182.725,205.893,191.108,166.748,195.579,136.122,168.843,282.935,223.769,255.777,247.08,278.776,252.602,298.585,181.171,307.136,223.555,285.687,241.63,298.789,245.75,313.044
PEACE,261009-133914-PEACE-2,153.225,379.262,201.63,345.693,225.402,316.034,248.304,295.102,260.721,275.184,184.668,257.855,198.055,210.274,203.601,176.308,206.769,147.462,173.128,262.831,187.349,206.375,195.132,166.543,200.246,135.104,169.17,280.83,224.488,260.375,247.396,284.959,254.333,304.811,176.441,305.701,221.233,288.054,241.565,302.011,247.722,315.455
PEACE,261009-133914-PEACE-2,163.729,381.184,208.036,354.145,236.027,325.119,258.671,303.514,257.699,283.644,201.848,259.443,221.865,212.186,231.725,181.244,237.476,153.737,177.202,263.094,184.177,205.594,189.529,166.301,191.767,134.13,162.047,280.373,213.741,261.504,243.982,285.937,256.53,305.519,160.435,305.656,211.987,296.734,234.898,312.34,243.505,326.117
PEACE,261009-133914-PEACE-2,178.335,386.531,217.977,364.583,246.211,336.175,264.101,313.649,257.506,295.15,220.756,266.917,243.744,217.532,255.377,187.535,262.308,161.667,190.53,267.104,197.963,207.337,203.27,168.906,205.013,140.018,166.854,282.009,200.849,264.284,230.703,284.792,248.362,303.465,154.422,306.67,194.724,302.475,223.72,312.077,243.249,321.086
PEACE,261009-133914-PEACE-2,176.505,384.597,215.214,368.845,245.252,339.828,254.532,314.722,236.627,301.074,228.074,264.937,249.983,216.527,261.529,187.716,269.137,163.108,196.12,262.932,200.856,204.194,207.547,167.113,211.026,140.011,169.95,275.876,191.191,260.199,215.141,282.153,228.36,302.211,152.379,298.48,185.61,297.509,211.117,308.818,227.625,319.277
PEACE,261009-133914-PEACE-2,177.86,384.771,214.763,371.44,241.524,342.151,231.993,317.537,206.287,297.697,226.48,265.802,243.85,217.611,254.04,187.699,261.357,162.44,194.883,263.752,192.441,204.278,195.664,166.693,198.021,138.551,167.761,277.309,176.153,260.359,195.836,287.209,205.971,309.454,146.294,299.319,163.128,293.799,182.376,313.61,192.999,330.757
PEACE,261009-133914-PEACE-2,177.314,385.011,212.719,370.337,234.038,339.586,214.081,316.434,185.764,295.844,224.282,266.847,239.038,216.807,247.036,185.798,252.148,159.038,191.718,263.554,187.148,203.497,188.719,165.479,190.791,135.371,164.43,276.33,162.366,261.938,175.817,292.307,183.647,314.221,142.826,297.528,148.335,295.013,163.526,317.502,173.322,334.059
PEACE,261009-133914-PEACE-2,171.403,385.928,205.572,368.871,218.134,335.775,186.585,308.948,155.058,286.942,216.716,266.966,229.361,216.463,235.979,184.477,239.561,156.671,185.691,262.452,183.272,204.315,183.124,166.282,183.621,134.665,159.674,273.439,151.035,260.557,157.087,289.13,161.315,309.644,139.139,292.669,137.432,284.346,147.368,304.429,155.191,320.644
PEACE,261009-133914-PEACE-2,161.693,382.848,190.577,369.894,196.712,339.507,166.927,314.643,139.276,289.237,207.61,265.275,216.241,214.984,220.462,181.7,221.724,153.129,179.891,257.87,182.106,200.742,180.962,163.119,180.045,129.505,154.798,265.984,137.518,252.451,139.998,284.765,145.842,306.044,133.552,282.137,121.786,273.407,128.036,297.201,137.285,314.908
PEACE,261009-133914-PEACE-2,155.592,375.082,180.603,367.109,182.041,337.935,148.019,309.858,120.382,280.084,200.032,258.512,203.925,207.175,207.17,173.949,207.49,145.508,172.911,250.797,173.356,190.77,172.815,152.513,172.066,118.48,147.744,258.993,128.603,245.691,129.631,279.006,135.387,299.617,125.719,274.834,112.648,263.497,118.34,287.878,128.065,306.345
PEACE,261009-133914-PEACE-2,154.907,363.15,174.988,360.567,170.77,336.023,133.424,313.067,102.159,286.351,187.595,253.886,189.305,202.187,189.362,168.903,188.518,138.864,160.162,244.541,162.681,184.57,160.143,146.592,160.183,112.583,135.432,252.186,110.201,237.934,105.804,272.871,112.968,294.722,115.085,267.959,95.103,260.978,96.194,288.677,106.537,309.499
PEACE,261009-133914-PEACE-2,160.6,358.458,176.416,354.758,167.921,331.603,130.724,309.586,96.604,284.245,188.225,248.488,185.684,195.674,183.329,162.537,182.045,133.454,161.498,242.062,160.783,181.932,156.821,143.194,156.563,111.972,138.299,250.022,112.295,233.229,101.727,266.479,104.335,290.042,119.035,262.687,96.315,248.904,92.742,272.229,100.691,293.954
PEACE,261009-133914-PEACE-2,149.323,360.45,174.501,359.071,171.193,335.353,135.616,312.975,105.237,284.29,186.87,255.327,186.869,202.477,185.47,168.866,183.949,138.16,158.622,245.071,158.781,184.811,154.427,146.015,153.033,111.817,132.527,250.858,109.407,238.376,107.854,274.224,115.98,296.476,111.155,264.486,93.285,258.616,97.142,287.177,108.29,307.693
PEACE,261009-133914-PEACE-2,150.249,353.172,176.277,351.301,179.029,330.653,142.438,312.524,112.012,289.92,181.593,253.725,180.693,204.026,180.009,172.428,177.961,143.705,152.874,244.528,148.769,184.49,143.939,147.231,141.509,112.048,127.857,252.876,103.6,247.443,109.616,284.513,123.555,304.31,105.716,270.872,87.467,270.946,97.715,299.368,113.909,317.02
PEACE,261009-133914-PEACE-2,157.865,336.886,168.553,316.627,154.617,290.405,123.234,268.882,105.784,252.409,180.561,237.746,172.381,187.011,169.238,157.673,167.369,130.894,157.354,232.759,132.661,172.715,118.146,136.777,109.066,104.125,134.008,241.713,109.478,231.603,117.793,253.711,129.752,266.868,112.676,258.164,94.466,252.395,101.602,271.8,112.91,285.097
PEACE,261009-133914-PEACE-2,147.46,312.291,180.901,290.847,182.088,257.032,158.333,227.724,134.313,210.179,177.067,223.147,175.807,177.009,172.379,146.122,169.283,116.158,143.595,219.506,115.105,164.545,99.1,129.853,86.264,97.194,118.011,225.457,118.707,196.781,139.269,195.822,155.782,192.931,100.827,239.461,110.768,232.508,126.942,243.909,139.716,256.022
PEACE,261009-133914-PEACE-2,144.908,325.806,159.581,313.552,170.823,294.859,184.441,293.004,193.083,290.91,163.108,219.27,176.062,164.455,182.116,136.19,185.73,109.782,151.547,217.007,129.204,165.446,116.291,134.67,108.125,108.327,142.799,230.735,141.228,244.653,154.56,271.943,167.451,285.354,139.185,250.465,147.171,270.242,158.234,288.657,166.551,296.673
PEACE,261009-133914-PEACE-2,152.02,335.354,187.911,327.608,216.151,313.415,225.756,306.684,216.431,296.624,192.391,234.748,208.679,184.934,220.794,157.368,227.836,131.997,157.395,234.299,141.229,180.037,137.312,149.978,133.209,122.458,130.83,251.028,147.405,255.101,167.995,281.504,178.819,292.421,116.011,275.934,137.572,290.981,155.918,310.62,165.128,319.022
PEACE,261009-133914-PEACE-2,131.366,404.889,158.484,375.808,197.221,348.431,232.898,333.215,244.471,319.494,165.159,290.759,168.57,233.874,173.713,192.875,176.505,160.059,162.258,300.736,181.399,249.458,203.867,221.934,213.844,199.0,166.63,324.863,214.557,307.746,236.002,321.659,237.522,329.149,173.267,348.393,219.908,339.599,232.286,349.662,229.252,356.028
PEACE,261009-133914-PEACE-2,123.374,405.902,163.503,358.971,196.321,330.022,226.491,320.139,235.577,324.207,155.822,282.431,163.777,229.005,165.953,193.841,166.974,163.199,145.508,291.884,168.977,234.198,186.053,193.12,200.144,164.283,140.527,316.188,201.089,309.938,227.405,326.06,240.939,340.299,145.044,346.943,192.596,342.965,214.665,350.763,223.609,354.792
PEACE,261009-133914-PEACE-2,119.502,389.251,159.498,348.429,192.474,326.281,225.742,327.935,240.135,330.452,153.922,276.675,161.727,224.294,162.317,189.302,163.636,157.921,139.511,287.431,163.264,232.411,181.209,193.84,199.194,163.13,130.978,311.657,187.887,312.571,216.835,327.195,234.359,339.596,131.601,342.596,175.713,346.88,202.673,356.742,217.364,362.636
PEACE,261009-133914-PEACE-2,136.415,371.299,178.905,354.947,210.093,340.89,230.463,340.048,226.826,337.155,188.732,271.124,208.129,219.878,218.691,186.813,225.915,156.187,154.924,273.503,149.717,226.643,147.492,189.39,145.459,157.977,128.561,291.109,169.326,308.172,198.86,333.27,215.405,346.843,114.784,317.402,159.048,339.716,188.268,356.984,206.684,365.303
PEACE,261009-133914-PEACE-2,138.958,374.188,181.965,361.167,212.421,344.582,230.093,339.522,223.506,334.185,192.95,270.042,210.929,216.916,223.1,188.591,230.809,163.231,159.42,271.48,153.587,216.823,155.063,181.295,154.523,149.886,134.15,288.273,165.399,304.973,194.342,329.6,210.039,340.866,119.018,313.309,154.775,334.771,178.175,350.288,190.45,355.992
PEACE,261009-133914-PEACE-2,143.641,374.828,183.218,364.52,212.652,348.25,226.995,342.434,218.679,338.832,193.112,271.284,211.969,220.202,224.008,190.837,230.824,164.689,158.309,273.016,152.723,218.652,153.958,183.968,153.164,154.353,131.978,290.051,155.699,306.507,185.793,334.79,203.916,350.632,115.007,315.123,142.935,336.667,165.522,355.096,179.223,365.416
PEACE,261009-133914-PEACE-2,146.843,366.867,186.082,359.132,216.785,342.825,219.378,345.027,203.167,347.485,189.082,272.5,210.506,223.717,222.063,194.666,228.958,168.481,153.179,274.684,144.959,223.173,144.594,187.289,141.764,154.605,127.079,292.982,155.902,313.385,183.815,342.101,196.913,354.724,110.14,318.41,145.901,344.955,172.82,363.214,187.403,370.812
PEACE,261009-133914-PEACE-2,138.472,357.549,181.275,356.677,213.308,343.6,212.665,342.707,192.502,342.281,184.95,271.432,202.443,219.509,213.483,190.245,218.747,162.467,147.651,265.806,132.531,214.661,128.615,179.307,122.682,142.864,119.677,280.047,139.273,308.21,164.384,337.265,178.279,345.662,102.548,303.168,131.696,337.461,162.058,355.995,181.468,360.214
PEACE,261009-133914-PEACE-2,134.525,348.088,178.964,349.291,210.8,337.152,201.542,341.119,179.97,342.74,179.399,265.13,197.054,218.011,206.959,189.571,211.469,161.459,144.152,259.499,127.15,212.3,119.141,178.328,110.808,142.013,117.654,272.579,133.461,301.489,158.436,335.331,172.639,346.266,101.774,293.054,125.586,329.613,153.296,352.295,170.838,357.841
PEACE,261009-133914-PEACE-2,131.676,333.89,164.338,339.687,187.862,333.909,183.767,341.262,181.857,338.968,171.481,255.661,188.031,213.22,198.218,182.98,201.255,152.859,147.47,250.606,132.462,209.205,120.855,175.115,111.831,140.43,126.365,265.706,137.3,288.27,149.605,321.176,159.413,329.316,114.26,288.34,131.343,326.3,148.493,349.857,162.953,350.753
PEACE,261009-133914-PEACE-2,132.979,326.156,168.643,334.301,194.411,333.344,188.23,349.799,173.941,353.399,172.025,262.497,177.533,230.109,178.382,205.34,177.034,179.729,146.228,256.91,133.892,216.973,123.982,187.277,114.0,157.071,125.156,269.611,136.102,298.897,153.954,335.106,166.178,349.005,112.678,290.65,125.888,327.182,143.706,350.691,156.639,357.512
PEACE,261009-133914-PEACE-2,129.179,331.764,156.791,342.529,182.581,348.802,187.172,364.46,182.742,362.652,180.483,269.924,199.69,247.844,211.486,227.539,218.06,202.77,158.921,260.929,132.782,231.663,119.146,204.427,112.473,170.257,136.559,272.537,134.855,312.414,140.566,343.127,148.81,347.894,122.026,290.481,120.135,336.351,129.674,361.515,143.639,362.721
PEACE,261009-133914-PEACE-2,139.809,332.143,118.716,334.12,128.491,327.876,159.017,352.24,187.144,364.434,138.419,267.925,141.542,233.304,136.913,206.639,133.063,178.843,172.716,268.336,184.965,239.881,190.567,215.397,202.848,182.95,197.643,285.607,191.402,329.621,162.384,352.048,153.304,345.702,216.382,310.918,202.878,350.021,176.125,365.365,166.442,355.511
PEACE,261009-133914-PEACE-2,143.436,324.453,134.517,317.052,148.154,308.933,168.314,329.636,182.149,344.186,146.071,263.986,150.533,237.504,147.809,214.1,145.567,186.613,174.857,276.201,190.683,251.914,199.67,227.847,213.866,194.527,197.85,299.268,183.377,331.592,150.165,342.873,137.093,330.598,215.779,327.673,200.694,351.639,171.011,358.4,156.855,348.151
PEACE,261009-133914-PEACE-2,131.795,325.482,129.585,349.294,140.89,352.135,162.835,357.023,186.689,344.846,144.563,270.954,159.018,238.16,164.864,207.364,166.354,174.267,166.45,261.183,155.112,230.952,148.081,197.751,145.253,161.857,181.395,271.358,183.299,304.607,172.085,340.639,168.319,345.742,194.474,286.494,195.977,332.149,188.458,358.266,187.966,354.962
PEACE,261009-133914-PEACE-2,135.108,326.771,157.181,337.382,176.673,332.016,186.492,339.632,191.746,339.083,178.123,255.899,201.69,216.643,211.567,189.965,215.88,162.099,168.359,251.004,148.537,210.936,133.369,176.153,123.659,140.346,158.565,267.135,174.384,297.71,180.713,326.933,184.337,330.514,152.625,287.842,169.946,331.228,177.942,349.737,184.991,345.348
PEACE,261009-133914-PEACE-2,136.524,330.075,160.411,337.382,177.307,328.999,187.449,335.982,205.109,335.434,178.793,254.295,203.824,213.053,215.044,184.493,219.934,155.414,167.469,251.289,146.481,208.231,130.736,171.853,121.211,133.302,158.394,268.53,172.352,300.376,181.927,328.856,188.815,328.963,153.373,290.266,169.487,333.391,181.536,351.114,192.724,344.454
PEACE,261009-133914-PEACE-2,140.674,332.405,179.629,336.956,202.681,330.57,200.19,336.895,201.128,331.524,189.664,251.709,210.231,209.037,220.144,180.719,224.157,151.857,163.92,250.92,146.944,205.585,135.47,170.716,125.824,135.561,143.647,268.065,161.398,294.055,181.155,323.678,191.509,330.696,130.037,290.008,153.792,326.12,178.215,346.135,195.062,349.029
PEACE,261009-133914-PEACE-2,148.593,332.036,195.207,335.715,225.971,325.448,215.231,329.876,192.074,331.725,195.846,251.621,211.286,207.203,219.081,179.81,221.703,151.553,160.49,250.44,143.207,203.785,135.978,170.59,129.873,136.453,133.721,266.666,153.653,285.379,177.887,318.149,192.599,330.296,117.341,288.245,142.564,313.583,170.009,336.546,189.595,343.605
PEACE,261009-133914-PEACE-2,160.408,339.712,203.773,334.176,228.498,318.26,215.357,318.007,190.751,313.459,194.785,247.006,205.788,195.091,213.097,164.1,216.1,134.658,160.616,246.151,140.965,193.364,134.712,154.64,127.593,119.052,136.475,263.216,146.924,283.65,172.324,312.181,187.014,325.445,123.048,289.691,146.843,317.46,177.914,333.788,199.053,340.866
PEACE,261009-133914-PEACE-2,173.739,355.746,209.899,341.493,234.265,320.959,226.771,315.762,200.802,313.775,201.711,244.242,209.722,192.794,216.832,160.957,218.819,132.626,163.534,246.626,148.484,192.594,144.762,152.769,138.535,118.08,136.349,266.861,151.898,283.025,179.707,313.054,195.781,330.72,120.276,297.269,148.501,321.687,178.008,338.774,197.503,347.911
PEACE,261009-133914-PEACE-2,173.919,362.629,211.122,348.84,235.758,327.84,228.028,320.871,201.741,317.885,202.83,249.822,211.615,197.326,218.543,165.962,220.298,137.891,165.75,252.69,151.076,198.203,147.313,158.588,141.304,124.247,139.507,272.655,154.616,286.426,182.668,314.668,199.625,331.335,123.633,302.328,151.603,326.499,180.976,343.476,201.121,352.95
PEACE,261009-133914-PEACE-2,174.801,364.563,211.153,349.725,235.602,329.662,230.196,322.18,205.067,319.283,203.447,251.76,212.416,198.821,219.1,167.441,220.702,139.268,166.129,254.931,151.335,200.388,147.417,160.854,141.441,127.136,139.623,275.325,155.648,288.622,183.912,315.366,201.473,331.555,124.002,305.278,152.083,330.046,181.293,346.184,201.941,355.38
PEACE,261009-133914-PEACE-2,174.478,361.916,210.521,346.729,234.768,328.393,231.589,322.093,208.193,318.778,204.075,250.869,211.721,197.511,218.794,165.929,220.693,137.201,166.342,253.563,150.903,199.748,147.064,160.813,141.597,127.037,139.097,273.661,157.33,291.562,186.974,321.279,206.115,338.726,122.64,303.555,150.115,330.723,178.207,347.72,198.326,356.552
PEACE,261009-133914-PEACE-2,175.437,361.331,212.375,346.981,237.699,328.106,233.851,321.597,208.702,318.55,206.285,251.406,212.792,198.006,218.953,165.767,220.596,136.705,167.89,253.5,152.587,199.001,148.891,159.833,144.205,125.5,140.368,273.466,157.545,290.545,187.046,320.848,206.962,338.679,123.934,303.299,149.712,329.171,177.741,346.469,198.607,355.506
PEACE,261009-133914-PEACE-2,174.009,361.787,210.021,348.862,229.684,336.5,241.2,329.978,253.194,317.399,211.408,255.004,218.913,199.386,222.882,166.967,224.262,138.067,171.892,253.586,157.714,196.894,155.24,158.591,153.741,124.848,141.172,270.914,151.854,285.132,175.247,317.956,192.339,338.452,120.469,297.936,138.615,325.117,164.532,344.356,183.104,353.67
PEACE,261009-133914-PEACE-2,176.021,365.352,217.338,352.993,245.732,335.285,267.436,325.678,281.552,312.465,212.586,257.674,221.83,202.771,226.253,169.216,229.9,139.451,175.247,256.33,164.074,200.864,161.221,159.663,159.877,125.865,145.586,271.962,142.63,281.073,165.439,316.158,184.612,341.376,123.436,296.57,126.103,311.005,149.446,333.357,168.623,349.861
PEACE,261009-133914-PEACE-2,177.042,365.427,218.884,352.16,249.401,333.677,274.718,324.872,294.71,316.848,215.197,255.047,225.579,202.074,229.715,167.997,233.452,137.084,178.126,252.511,168.165,197.767,164.348,158.165,162.629,125.275,148.18,267.968,145.466,275.903,166.319,313.316,184.233,341.332,126.338,292.729,128.922,308.695,151.41,332.276,170.615,349.382
PEACE,261009-133914-PEACE-2,177.096,365.457,220.891,352.942,254.007,332.237,281.932,321.732,303.865,312.294,216.419,257.354,228.594,203.442,233.352,168.933,237.416,137.55,179.89,253.655,170.97,198.462,167.736,158.737,166.166,125.93,150.192,267.313,145.165,275.889,164.181,312.667,181.47,339.774,127.57,290.045,127.758,309.63,148.922,335.247,168.23,353.198
THUMBS UP,261009-133914-THUMBS_UP-1,514.101,399.004,501.213,336.693,480.79,283.89,468.206,241.229,467.838,205.8,427.668,303.673,368.891,318.686,389.762,322.911,411.894,319.168,423.958,344.84,369.595,349.463,390.43,352.979,412.52,352.402,424.952,382.612,377.546,380.047,396.066,382.858,417.521,382.741,429.046,416.951,388.667,411.754,406.311,412.694,425.462,413.388
THUMBS UP,261009-133914-THUMBS_UP-1,513.807,398.282,498.645,336.002,477.488,282.902,464.715,241.009,463.537,205.985,424.328,304.902,366.945,316.704,388.586,320.247,411.149,317.68,421.786,346.298,366.697,348.394,387.623,350.408,410.714,350.629,423.928,383.997,374.717,379.928,393.31,380.914,415.385,381.126,429.086,418.054,386.65,411.064,403.9,410.665,423.337,411.645
THUMBS UP,261009-133914-THUMBS_UP-1,512.899,396.762,497.808,335.853,476.56,282.829,464.349,240.198,463.101,205.308,424.001,302.482,367.213,316.778,387.613,321.14,409.84,317.528,421.239,343.126,367.642,347.575,387.007,350.943,409.097,350.212,422.844,380.874,375.362,378.83,392.803,381.181,414.296,380.868,427.109,415.571,386.111,410.571,403.465,411.331,422.856,412.058
THUMBS UP,261009-133914-THUMBS_UP-1,510.598,396.751,494.937,334.855,472.649,281.88,460.779,239.352,460.058,204.398,421.067,303.637,364.46,317.242,385.613,319.793,407.856,316.535,419.469,344.797,364.813,348.127,384.771,349.358,407.435,348.828,421.94,382.701,373.073,380.059,390.876,380.67,412.804,380.318,426.566,416.951,383.918,411.118,401.149,410.958,421.003,411.935
THUMBS UP,261009-133914-THUMBS_UP-1,506.334,392.873,491.105,330.498,470.667,278.077,458.879,235.973,458.037,200.924,416.327,299.937,359.041,312.673,381.536,315.451,404.897,313.02,413.982,341.205,359.872,344.899,381.004,345.82,404.367,345.141,415.965,378.757,368.838,377.338,386.772,377.515,408.943,376.787,420.63,412.334,380.026,407.46,397.585,406.529,417.451,406.947
THUMBS UP,261009-133914-THUMBS_UP-1,499.529,395.958,484.838,333.5,461.576,280.382,449.922,236.849,449.786,201.197,413.278,297.387,352.818,312.852,373.425,317.355,396.422,314.146,410.922,339.677,353.122,345.336,372.872,348.328,396.356,348.218,412.446,379.072,361.628,377.56,379.137,379.723,401.65,379.896,416.226,414.611,372.204,409.911,389.683,410.916,410.123,412.089
THUMBS UP,261009-133914-THUMBS_UP-1,488.545,397.379,475.343,335.539,452.181,281.67,438.75,238.302,438.183,203.204,403.052,303.25,340.975,316.672,363.172,320.218,386.765,316.877,399.898,346.856,340.577,348.964,362.452,350.896,386.746,350.508,400.324,385.556,348.424,381.668,368.054,382.882,391.53,382.652,402.854,419.449,359.337,412.524,378.013,412.868,398.786,414.095
THUMBS UP,261009-133914-THUMBS_UP-1,482.076,391.345,467.215,329.546,441.764,275.214,429.054,231.93,428.674,196.804,398.243,297.394,330.594,308.738,351.492,312.568,376.158,310.581,395.602,340.677,331.41,342.63,352.228,343.949,377.214,344.074,396.134,379.866,339.405,376.969,357.857,377.597,381.713,377.766,398.277,415.187,350.258,409.386,367.814,408.68,389.177,409.512
THUMBS UP,261009-133914-THUMBS_UP-1,488.432,396.398,474.049,336.211,443.653,274.561,430.636,226.564,433.047,189.366,414.037,293.855,339.641,305.564,360.165,311.872,385.125,308.47,412.674,338.204,336.709,343.172,359.786,346.22,386.627,344.992,412.469,378.315,343.315,375.876,365.556,377.916,391.96,377.916,412.955,414.968,358.738,409.147,378.306,409.302,401.354,410.188
THUMBS UP,261009-133914-THUMBS_UP-1,488.83,401.344,480.319,346.623,451.14,281.174,439.321,231.443,441.19,190.91,439.817,296.497,355.678,302.544,376.466,308.945,403.229,307.62,438.938,337.511,352.315,340.1,377.494,344.999,405.595,347.108,436.1,376.808,358.731,374.323,382.833,378.03,409.95,379.162,431.686,413.104,370.92,407.174,393.39,408.928,418.431,411.385
THUMBS UP,261009-133914-THUMBS_UP-1,494.287,396.74,480.907,344.512,452.653,278.648,445.608,227.368,452.696,183.348,454.81,287.894,371.444,295.448,391.699,308.761,417.163,307.338,457.242,325.25,371.351,335.377,394.56,342.691,420.342,344.333,456.577,364.291,380.374,370.274,400.401,376.029,425.037,376.123,453.62,399.315,391.558,401.221,410.949,404.464,435.327,404.544
THUMBS UP,261009-133914-THUMBS_UP-1,484.042,389.935,450.323,336.906,438.086,268.895,447.512,221.428,457.618,183.967,472.309,281.371,399.388,293.441,418.562,305.462,439.479,299.31,484.261,319.208,399.066,322.763,422.775,327.183,445.807,324.667,484.686,356.408,408.98,356.555,422.763,359.984,446.78,358.698,481.137,386.869,421.75,380.567,432.205,386.603,453.283,390.277
THUMBS UP,261009-133914-THUMBS_UP-1,481.97,376.542,453.687,316.006,444.657,265.767,449.786,225.09,453.227,184.178,486.834,281.352,414.377,292.092,426.041,301.034,447.752,297.121,495.616,320.949,411.572,320.115,429.045,324.458,453.751,320.657,495.78,357.083,419.006,352.369,432.479,353.625,457.141,354.921,490.665,386.746,429.4,378.875,441.512,377.606,466.696,379.362
THUMBS UP,261009-133914-THUMBS_UP-1,465.92,380.319,440.982,324.33,442.783,270.318,450.648,230.673,454.556,189.351,508.761,281.133,440.734,291.532,432.57,305.644,449.79,304.763,520.841,323.747,431.831,328.851,431.412,332.951,451.84,328.989,518.534,364.903,432.391,365.011,432.967,365.211,452.764,364.173,507.168,399.076,442.491,395.055,441.685,389.885,460.083,386.773
THUMBS UP,261009-133914-THUMBS_UP-1,434.937,365.008,426.168,323.791,437.046,274.832,444.322,235.266,450.632,198.683,510.946,285.228,465.254,288.137,442.959,301.15,453.649,305.34,527.54,322.396,469.119,325.459,445.146,330.972,455.793,331.106,529.049,360.176,472.805,362.425,450.094,362.689,460.584,360.708,522.908,393.863,477.902,396.071,456.171,393.757,460.629,391.43
THUMBS UP,261009-133914-THUMBS_UP-1,437.119,385.218,423.51,335.997,433.484,282.145,440.93,240.97,445.252,203.635,515.963,288.665,469.848,286.362,449.799,306.795,461.618,315.667,535.258,323.126,478.552,321.328,455.845,331.325,468.625,334.657,537.036,360.32,484.785,359.12,463.275,361.581,475.007,362.239,530.294,394.952,487.459,394.782,466.484,392.351,470.452,390.064
THUMBS UP,261009-133914-THUMBS_UP-1,435.625,390.909,423.253,340.691,434.611,284.356,441.792,243.464,446.364,208.096,519.352,291.773,475.468,287.264,454.35,308.492,465.143,317.282,538.78,324.271,485.259,320.73,461.133,332.245,474.373,335.969,540.577,361.107,492.997,357.421,469.585,362.471,481.513,364.749,534.442,396.455,498.164,394.762,475.634,393.528,478.549,392.719
THUMBS UP,261009-133914-THUMBS_UP-1,437.746,393.055,435.455,338.652,443.364,286.941,451.727,247.459,452.633,214.935,507.5,292.665,529.071,304.64,514.705,313.574,497.864,312.983,523.317,326.353,536.878,339.228,518.338,343.572,502.037,343.199,529.451,363.996,541.221,372.884,522.119,376.634,505.809,376.652,528.817,401.305,538.253,406.843,519.246,407.757,505.229,405.567
THUMBS UP,261009-133914-THUMBS_UP-1,443.805,401.35,439.07,348.515,448.991,296.999,458.027,258.973,459.243,227.45,515.051,307.721,537.364,312.64,525.544,320.723,511.066,323.649,529.375,340.669,548.726,345.248,531.839,349.478,514.96,352.38,534.779,375.644,551.56,378.942,535.079,382.444,517.783,384.949,533.89,410.609,548.605,412.988,532.369,413.09,517.138,411.988
THUMBS UP,261009-133914-THUMBS_UP-1,445.253,401.927,442.3,351.336,453.656,301.792,462.111,265.385,463.188,235.654,530.493,314.39,525.366,316.61,503.382,326.28,496.585,328.501,546.604,347.276,536.401,351.394,510.877,355.82,504.495,355.786,550.226,382.322,541.672,386.698,518.925,388.039,512.228,386.895,546.057,415.4,542.278,419.565,521.511,417.876,513.255,415.276
THUMBS UP,261009-133914-THUMBS_UP-1,443.812,405.713,441.56,355.663,451.719,307.382,459.748,270.55,459.882,241.153,522.635,320.873,529.772,322.545,509.288,332.205,498.571,334.191,537.656,352.435,541.346,356.742,517.857,361.186,507.337,360.64,541.639,385.578,544.35,390.773,522.324,392.512,510.664,390.988,539.024,416.896,543.693,421.586,522.858,420.363,511.368,417.098
THUMBS UP,261009-133914-THUMBS_UP-1,437.66,407.276,437.355,357.378,449.429,308.801,457.416,272.588,457.226,243.943,525.095,320.941,522.188,324.295,496.606,335.755,488.861,337.82,540.887,351.823,532.11,357.41,502.522,363.523,495.337,362.497,544.3,384.408,534.428,390.451,507.46,392.319,499.019,389.568,540.94,414.909,535.137,419.362,510.66,418.105,501.516,414.505
THUMBS UP,261009-133914-THUMBS_UP-1,438.316,405.412,436.66,357.807,450.658,308.912,459.424,274.465,458.058,246.731,526.255,324.468,520.007,322.872,491.791,336.055,481.879,343.064,541.212,355.179,528.133,355.784,496.111,362.943,488.524,364.532,543.823,387.219,529.715,388.381,500.098,390.844,492.493,389.977,539.968,417.284,531.613,418.007,506.29,416.048,498.142,413.478
THUMBS UP,261009-133914-THUMBS_UP-1,439.549,406.035,437.983,358.052,450.896,310.271,460.017,275.848,459.419,248.244,525.333,327.32,522.014,324.64,494.493,336.653,484.569,342.935,539.776,358.21,528.759,357.784,498.011,364.203,490.303,365.826,542.309,389.865,530.417,389.921,502.274,392.125,494.187,391.609,538.569,419.194,533.671,418.995,508.961,416.957,499.728,414.647
THUMBS UP,261009-133914-THUMBS_UP-1,436.316,408.116,435.441,360.648,449.348,312.253,459.251,277.521,458.204,250.07,520.349,328.951,523.045,324.881,491.817,339.588,478.684,348.037,534.944,359.876,529.753,356.788,492.861,365.677,482.754,368.337,538.363,390.927,532.091,389.365,497.074,392.44,485.576,392.165,535.281,419.656,532.741,418.312,503.821,415.697,492.434,412.78
THUMBS UP,261009-133914-THUMBS_UP-1,433.383,407.248,432.78,361.88,447.796,313.358,457.515,278.944,456.924,251.565,518.037,330.331,520.732,324.669,490.455,339.437,477.795,348.625,532.557,361.089,527.259,356.169,490.983,365.715,481.28,368.909,535.69,392.01,528.801,388.475,494.272,392.635,484.113,392.667,532.341,421.005,528.183,418.047,499.841,415.844,489.535,412.861
THUMBS UP,261009-133914-THUMBS_UP-1,434.408,410.394,433.315,363.425,446.198,315.622,455.8,280.159,455.11,252.546,515.234,331.766,519.762,325.272,489.692,340.704,474.561,350.29,529.664,361.599,526.569,355.992,490.987,365.935,478.983,368.966,533.446,391.69,527.98,387.549,494.67,392.01,482.19,392.221,530.567,419.553,528.01,415.833,500.581,413.857,488.26,411.287
THUMBS UP,261009-133914-THUMBS_UP-1,432.658,406.053,432.146,360.596,445.611,313.549,454.848,278.782,454.135,250.981,518.152,329.049,517.279,325.374,487.617,339.253,475.934,346.677,532.676,359.594,523.84,356.269,489.582,363.819,481.716,365.595,535.141,390.517,525.221,388.02,493.249,390.413,484.618,389.757,531.2,419.051,525.921,416.913,498.921,413.81,489.223,410.625
THUMBS UP,261009-133914-THUMBS_UP-1,435.32,403.527,433.739,357.602,447.007,310.173,455.181,276.741,453.705,249.312,517.292,327.23,516.197,323.491,487.68,337.586,474.748,346.449,531.67,357.541,522.261,354.542,489.164,363.522,479.74,367.319,534.673,388.307,524.863,386.063,494.055,389.9,484.885,390.699,531.607,417.13,526.891,415.036,501.179,413.282,491.993,411.355
THUMBS UP,261009-133914-THUMBS_UP-1,433.084,405.53,432.614,360.403,447.992,311.356,456.701,276.828,455.155,249.485,518.459,328.238,517.943,322.596,487.477,337.24,477.092,345.711,533.132,358.591,524.151,354.29,489.062,362.783,482.388,365.711,535.684,389.63,525.391,387.059,492.594,390.23,485.675,390.306,532.128,418.725,526.222,416.318,498.744,413.574,490.067,410.806
THUMBS UP,261009-133914-THUMBS_UP-1,434.818,406.697,434.952,359.209,447.73,312.213,456.262,277.647,456.008,249.586,520.151,327.717,514.818,326.525,487.989,338.151,479.838,342.923,534.688,358.594,524.024,358.336,494.155,363.866,487.155,365.184,536.677,390.237,526.491,390.227,499.982,392.091,492.997,392.068,532.071,419.236,525.881,419.514,503.005,417.812,496.163,416.404
THUMBS UP,261009-133914-THUMBS_UP-1,440.283,403.79,440.532,356.408,453.544,308.954,460.343,273.996,460.919,245.38,532.793,328.131,511.018,326.396,485.301,338.487,479.984,344.686,546.513,360.097,517.397,357.239,489.211,362.526,485.37,366.672,545.843,392.757,520.569,389.714,496.302,389.843,493.984,391.37,538.409,422.634,523.761,421.396,503.993,417.744,500.515,416.972
THUMBS UP,261009-133914-THUMBS_UP-1,450.554,398.749,449.832,351.935,460.341,304.7,467.266,268.237,467.402,238.583,534.965,319.476,528.456,324.123,508.91,332.552,501.311,333.701,548.822,352.203,529.49,356.222,505.789,360.056,500.611,360.325,549.964,386.218,532.728,388.512,511.11,389.216,506.552,388.299,544.244,418.035,533.887,419.773,513.567,417.724,507.386,415.395
THUMBS UP,261009-133914-THUMBS_UP-1,457.915,392.774,455.187,347.309,467.673,299.247,474.583,262.292,477.529,230.756,553.245,319.815,518.031,314.081,494.662,327.183,500.952,332.94,566.964,352.448,519.434,345.033,495.368,350.617,504.643,354.337,564.88,386.29,521.628,378.4,499.887,379.846,509.593,382.372,555.675,417.222,524.486,412.97,505.328,411.037,510.1,412.022
THUMBS UP,261009-133914-THUMBS_UP-1,469.486,394.023,461.898,349.725,474.022,298.211,481.416,258.524,486.15,223.404,557.123,315.809,514.386,307.804,491.035,326.337,496.846,337.179,573.339,348.599,521.178,341.072,496.31,349.344,503.441,355.572,572.208,383.006,525.15,376.934,503.53,379.381,511.175,383.064,563.354,414.962,528.19,413.084,508.548,411.684,511.047,412.509
THUMBS UP,261009-133914-THUMBS_UP-1,474.815,386.486,466.997,343.913,481.038,293.57,490.006,253.805,495.979,217.135,561.164,308.322,518.149,304.541,492.018,324.401,495.916,336.148,578.433,344.718,524.488,339.764,497.082,347.741,502.911,353.074,577.597,381.482,529.29,377.514,505.364,378.479,511.085,380.485,568.617,414.646,531.032,413.542,508.789,409.511,508.552,407.081
THUMBS UP,261009-133914-THUMBS_UP-1,479.79,376.623,472.258,336.582,482.845,286.964,489.034,246.039,494.334,210.318,563.092,298.982,519.441,306.041,494.509,320.136,499.292,325.464,581.168,335.806,526.823,341.082,500.014,345.957,506.527,347.337,583.145,373.408,534.884,377.292,509.538,378.12,514.683,377.788,577.026,408.209,542.394,412.81,516.547,408.68,514.019,404.32
THUMBS UP,261009-133914-THUMBS_UP-1,502.324,387.301,481.409,342.311,484.304,283.602,482.968,238.375,482.116,199.277,571.027,282.076,521.566,300.438,499.665,318.951,511.949,319.873,595.404,317.674,535.956,336.259,509.523,346.742,522.083,343.869,603.315,357.441,549.815,371.946,524.453,378.157,536.338,374.239,603.165,394.924,565.291,406.978,540.386,409.397,544.1,405.662
THUMBS UP,261009-133914-THUMBS_UP-1,519.356,384.448,489.412,341.963,482.835,281.88,476.809,237.503,471.144,197.33,571.19,271.815,523.526,301.849,503.994,320.261,514.916,316.616,601.475,306.94,544.625,338.037,520.624,346.948,531.346,338.099,616.041,346.359,563.31,372.044,539.546,378.196,550.002,368.905,621.626,383.591,583.919,404.001,559.653,407.788,562.137,399.766
THUMBS UP,261009-133914-THUMBS_UP-1,527.365,374.912,491.286,337.17,476.371,276.565,462.983,233.567,451.533,193.276,564.226,260.437,524.244,306.808,507.778,323.288,514.45,316.2,598.846,290.569,546.088,340.954,527.003,345.764,535.381,332.589,618.419,326.985,568.022,368.335,548.741,372.642,557.825,360.293,628.787,361.902,592.718,391.898,573.829,396.793,577.8,387.322
THUMBS UP,261009-133914-THUMBS_UP-1,523.758,368.887,482.863,331.125,461.538,274.129,445.449,233.426,428.946,196.643,551.226,254.082,519.437,298.498,506.832,309.761,513.775,298.908,587.06,280.088,540.97,332.452,526.575,335.204,535.331,321.415,608.58,313.147,562.182,359.292,547.21,361.254,556.922,346.49,621.261,345.886,586.775,380.305,572.051,383.803,577.625,371.647
THUMBS UP,261009-133914-THUMBS_UP-1,513.406,363.392,469.516,329.67,441.867,276.048,422.282,238.107,403.582,202.687,527.407,252.258,499.621,299.405,489.556,306.813,495.753,292.979,564.612,275.639,521.815,332.85,511.125,330.813,519.458,314.048,588.001,306.2,544.234,356.218,532.258,355.026,541.559,338.707,602.489,336.524,570.314,373.287,558.641,373.985,564.461,359.742
THUMBS UP,261009-133914-THUMBS_UP-1,509.295,365.515,462.771,332.872,432.457,278.769,410.899,241.228,389.564,208.138,513.531,251.024,485.893,294.454,477.4,306.799,483.12,296.85,550.649,273.17,509.999,326.114,499.227,328.922,505.028,315.049,575.198,303.043,533.598,349.354,521.206,352.771,527.569,339.087,590.7,332.705,560.831,366.652,547.158,371.049,548.979,360.389
THUMBS UP,261009-133914-THUMBS_UP-1,505.085,364.698,458.549,334.942,425.438,282.135,401.381,246.067,380.122,212.883,502.19,251.355,476.223,299.984,468.676,312.906,473.596,302.22,540.36,271.937,502.678,329.69,492.183,332.02,496.443,316.708,566.632,300.819,527.932,350.664,515.678,354.641,521.002,340.795,583.861,329.794,556.502,365.732,542.482,371.287,543.252,361.473
THUMBS UP,261009-133914-THUMBS_UP-1,504.227,368.244,455.881,338.991,423.111,284.768,400.26,248.206,378.707,214.087,499.998,255.019,473.24,304.629,465.589,316.997,470.604,305.699,539.033,275.302,499.844,334.732,490.338,334.932,495.409,317.879,565.535,304.018,525.589,354.99,514.732,356.902,521.148,341.457,582.739,332.988,554.382,369.032,542.402,372.503,545.225,360.966
THUMBS UP,261009-133914-THUMBS_UP-1,505.066,372.581,456.09,341.118,422.932,286.124,399.995,249.196,378.231,214.456,499.243,258.64,469.296,310.696,460.738,322.362,465.363,311.135,539.271,279.151,495.395,342.661,485.72,341.041,489.931,323.797,566.521,308.429,521.103,363.033,509.946,364.65,515.682,350.353,584.272,338.204,550.343,377.342,537.716,380.552,539.552,370.035
THUMBS UP,261009-133914-THUMBS_UP-1,497.473,369.063,452.373,336.11,423.181,280.393,402.434,239.792,383.529,201.655,499.002,255.918,465.628,303.483,459.695,311.777,466.711,301.068,537.288,279.443,490.182,339.225,483.589,335.046,489.433,318.256,562.711,311.754,514.533,363.195,505.15,361.759,511.837,346.752,578.195,344.321,542.821,381.114,532.346,381.128,535.486,368.973
THUMBS UP,261009-133914-THUMBS_UP-1,481.463,360.24,442.561,324.209,420.764,271.139,405.314,231.555,390.68,192.19,500.908,255.428,456.116,303.392,449.724,309.097,459.157,298.329,535.551,281.717,478.389,340.902,472.538,333.699,481.198,316.533,556.998,315.496,500.405,365.663,491.467,359.727,501.187,342.637,568.498,349.462,526.651,385.367,516.689,382.147,523.914,367.592
THUMBS UP,261009-133914-THUMBS_UP-1,475.541,352.553,441.723,312.57,424.903,261.131,412.179,221.518,400.684,179.839,503.171,255.588,441.038,300.365,436.887,302.765,450.253,293.196,532.402,287.718,458.015,338.352,459.255,330.544,472.71,317.518,548.674,325.008,480.241,364.927,479.056,358.07,493.687,344.378,555.876,362.148,509.853,387.514,503.973,382.24,514.094,371.398
THUMBS UP,261009-133914-THUMBS_UP-1,453.657,362.869,429.402,319.388,422.593,263.77,413.555,219.353,404.589,175.586,488.035,263.639,416.507,303.564,414.151,307.954,429.154,300.779,512.239,298.357,433.373,339.499,436.578,337.273,450.748,329.477,524.088,335.597,452.827,369.517,452.434,368.458,466.93,359.992,528.288,372.832,479.236,396.675,471.676,394.496,479.684,386.919
THUMBS UP,261009-133914-THUMBS_UP-1,435.541,363.862,418.93,314.451,419.679,258.825,414.696,215.351,408.158,174.873,474.093,274.349,401.2,298.682,400.619,301.487,414.05,297.936,494.485,311.745,418.998,334.983,422.764,335.146,434.061,332.624,504.97,349.472,437.466,369.528,437.352,370.234,449.765,366.423,508.492,386.723,464.075,400.98,455.423,400.91,459.759,398.562
THUMBS UP,261009-133914-THUMBS_UP-1,462.076,366.783,443.128,321.82,431.039,262.512,419.348,219.95,412.652,176.973,465.041,280.49,373.49,294.713,385.011,300.53,412.359,297.575,479.787,322.648,370.819,343.124,399.774,341.622,434.504,335.329,484.506,365.167,385.598,382.474,412.245,376.848,444.178,367.875,483.569,405.595,411.41,415.928,426.95,406.715,454.834,396.627
THUMBS UP,261009-133914-THUMBS_UP-1,508.763,391.473,478.95,331.772,444.66,266.246,426.702,215.933,422.477,170.376,444.969,283.57,358.188,307.575,381.866,314.979,409.426,306.051,453.719,328.846,359.583,350.159,386.704,348.613,415.942,345.124,460.549,372.207,373.448,386.57,397.98,384.626,425.448,380.917,463.909,411.412,391.773,416.188,412.748,412.522,440.37,409.434
THUMBS UP,261009-133914-THUMBS_UP-1,516.951,392.75,497.654,334.861,462.138,266.851,444.09,217.677,440.707,171.763,452.485,282.309,356.76,296.414,378.394,305.124,408.896,302.842,457.057,327.267,356.479,340.535,382.981,343.073,414.748,342.708,460.32,373.764,367.97,379.24,394.383,380.158,425.371,379.07,460.716,417.681,386.37,416.649,408.562,412.614,437.018,410.378
THUMBS UP,261009-133914-THUMBS_UP-1,520.477,405.866,505.44,340.542,474.866,268.106,461.974,215.475,460.57,170.428,462.068,287.337,367.366,289.472,387.705,297.19,418.391,297.832,460.326,335.201,363.269,334.494,388.648,338.519,420.213,340.865,457.458,381.961,368.826,376.057,393.352,378.227,424.066,379.637,453.188,425.721,381.391,415.237,401.937,412.996,430.019,414.497
THUMBS UP,261009-133914-THUMBS_UP-1,523.523,414.147,512.629,346.82,484.448,272.172,473.184,217.214,475.938,171.195,464.048,290.168,371.694,289.124,391.502,298.995,421.61,300.383,459.239,339.125,364.765,333.832,389.746,341.044,421.181,344.449,454.19,386.573,368.704,375.331,392.104,380.189,422.608,383.14,448.164,430.933,378.895,415.34,399.288,415.532,427.301,419.258
THUMBS UP,261009-133914-THUMBS_UP-1,525.195,421.817,516.862,353.707,490.579,276.36,483.151,219.284,489.175,174.5,470.245,297.056,373.684,290.41,393.03,300.893,423.236,304.238,462.965,347.727,362.707,333.524,388.215,341.123,420.615,346.754,454.952,394.711,365.396,374.049,390.57,379.22,422.015,384.519,445.808,437.916,377.76,413.741,399.353,415.614,426.379,423.177
THUMBS UP,261009-133914-THUMBS_UP-1,523.068,429.643,515.898,360.237,490.893,282.2,485.651,224.72,492.037,179.983,465.991,301.897,368.72,291.22,388.08,302.673,419.408,306.981,455.457,352.83,357.117,333.594,380.202,342.339,411.879,347.374,444.685,400.136,357.452,372.747,379.097,380.14,410.326,386.735,433.345,442.928,365.651,410.648,382.908,413.596,409.614,423.715
THUMBS UP,261009-133914-THUMBS_UP-1,513.577,427.522,505.75,355.77,483.087,281.631,479.435,225.445,487.424,181.45,453.687,299.797,359.07,290.044,376.439,302.503,406.544,307.742,442.713,350.06,346.202,332.178,368.064,341.677,399.812,347.411,432.261,397.063,346.983,370.433,367.072,377.462,396.686,384.396,421.954,439.942,357.759,410.063,376.307,412.577,402.352,421.993
THUMBS UP,261009-133914-THUMBS_UP-1,502.557,427.054,495.935,355.467,475.758,281.968,473.551,224.693,482.527,179.838,440.258,297.625,348.411,289.061,364.0,304.389,393.742,311.115,427.717,346.685,335.103,330.246,356.503,342.884,388.828,348.94,416.888,393.407,335.166,369.536,355.566,379.42,386.035,386.904,407.131,437.069,346.434,410.076,366.1,414.05,393.193,422.706
THUMBS UP,261009-133914-THUMBS_UP-1,500.164,427.904,494.9,356.289,476.577,283.48,473.498,226.889,482.882,183.057,438.55,300.32,349.353,290.276,364.54,304.667,393.525,311.401,425.122,348.706,334.66,329.436,355.422,342.109,387.161,349.71,413.858,394.499,333.259,369.185,353.759,379.357,383.501,387.787,404.253,437.417,344.176,410.053,364.627,415.174,391.189,424.018
THUMBS UP,261009-133914-THUMBS_UP-1,497.968,423.732,494.175,351.696,476.999,281.054,474.259,225.225,483.214,183.332,437.57,302.73,350.119,289.793,367.119,302.461,397.056,308.389,423.455,352.459,335.949,329.477,357.682,340.712,390.326,348.786,411.489,397.648,334.371,368.142,355.146,377.625,385.04,386.74,401.974,438.248,345.406,408.697,365.052,413.988,390.452,423.575
THUMBS UP,261009-133914-THUMBS_UP-1,493.832,422.11,491.02,347.919,474.579,278.335,471.258,222.917,477.231,181.03,430.658,299.647,347.394,285.897,364.045,296.927,392.562,303.197,415.668,348.901,334.274,324.138,354.588,332.771,384.585,340.445,403.283,393.672,330.521,362.855,351.322,370.314,379.836,379.215,394.029,433.342,341.171,400.597,360.902,404.277,384.791,414.206
THUMBS UP,261009-133914-THUMBS_UP-1,483.222,413.668,480.283,342.058,466.964,274.613,463.7,220.9,469.126,180.2,415.955,295.146,340.018,282.936,355.614,292.726,381.875,299.71,402.102,342.763,326.151,319.54,344.708,327.919,372.339,336.361,391.935,386.096,325.892,358.314,344.022,364.393,370.241,372.423,384.551,425.135,332.896,396.197,350.214,398.753,372.257,407.344
THUMBS UP,261009-133914-THUMBS_UP-1,476.215,414.006,471.557,341.202,458.163,274.31,454.631,219.783,460.199,178.66,406.169,292.52,333.652,283.307,349.243,292.836,374.828,299.06,390.67,339.396,318.535,317.725,335.968,327.059,362.635,335.792,378.73,382.294,315.382,354.515,332.046,361.422,357.403,370.089,369.776,420.13,319.537,390.345,335.802,393.394,357.301,402.079
THUMBS UP,261009-133914-THUMBS_UP-1,474.561,412.877,469.064,339.682,454.288,272.387,448.791,217.682,452.928,175.336,400.928,290.324,326.278,285.053,343.01,294.834,368.44,300.291,386.266,338.684,313.183,318.84,331.782,328.319,358.519,336.79,375.334,382.646,312.064,355.127,329.604,362.749,354.79,371.577,367.335,421.801,317.914,391.65,335.794,395.661,357.067,404.48
THUMBS UP,261009-133914-THUMBS_UP-1,478.789,414.08,473.864,344.973,457.302,274.086,449.05,217.733,450.029,174.335,405.888,289.505,328.824,288.79,345.51,297.701,372.056,303.819,392.798,337.096,314.363,324.505,334.429,332.308,364.126,340.45,383.529,381.32,315.356,362.554,333.66,368.582,360.432,376.722,376.513,422.064,324.308,399.767,343.924,403.666,366.781,411.39
THUMBS UP,261009-133914-THUMBS_UP-1,481.772,423.461,477.55,356.545,456.081,285.628,443.987,227.298,442.011,183.668,398.726,298.361,320.945,307.03,336.677,317.233,363.821,321.845,387.778,346.171,308.547,349.06,330.496,356.867,361.96,360.35,382.11,391.721,312.932,386.265,333.833,392.839,362.509,397.686,378.836,434.359,326.663,422.169,348.349,427.29,372.456,433.052
THUMBS UP,261009-133914-THUMBS_UP-1,482.667,433.015,471.711,366.468,448.369,297.972,436.371,242.136,436.475,198.05,399.599,318.258,318.257,319.269,330.956,329.447,356.837,336.125,391.201,366.926,301.59,364.211,320.827,372.845,351.875,376.461,386.035,411.548,310.112,404.122,327.823,408.752,355.058,411.57,382.773,451.691,323.883,439.117,342.438,441.167,365.491,444.756
THUMBS UP,261009-133914-THUMBS_UP-1,484.61,435.258,472.802,370.583,447.194,302.273,432.831,247.66,432.464,205.049,407.103,320.707,319.287,322.903,336.2,330.573,365.019,333.954,400.634,369.362,305.522,364.074,326.223,369.565,357.072,373.418,395.901,414.109,314.392,403.657,333.742,406.324,361.36,409.777,391.705,455.507,326.535,439.778,346.232,440.082,371.224,444.694
THUMBS UP,261009-133914-THUMBS_UP-1,492.125,431.328,479.275,370.917,445.176,302.913,426.063,249.734,423.421,206.637,419.637,318.063,324.422,326.105,340.978,335.198,369.732,336.322,418.143,366.317,313.587,367.426,336.339,373.238,368.814,375.452,416.001,411.409,323.587,406.536,346.835,410.011,377.838,412.275,411.622,453.504,337.759,442.922,359.508,443.851,387.959,447.605
THUMBS UP,261009-133914-THUMBS_UP-1,513.184,434.563,491.184,378.146,448.18,311.201,426.405,259.261,421.743,215.544,434.06,311.222,343.512,323.42,343.253,350.011,364.213,357.769,437.281,355.439,338.533,367.545,325.655,388.408,333.02,394.536,440.398,403.191,349.393,408.784,338.456,423.86,345.995,426.815,440.721,448.388,366.877,451.656,366.876,459.005,380.691,459.925
THUMBS UP,261009-133914-THUMBS_UP-1,518.288,426.3,497.368,372.01,453.146,308.309,431.262,259.098,427.562,215.369,451.329,306.437,360.769,319.792,377.993,333.218,404.743,332.142,455.646,348.638,359.119,365.958,380.909,374.401,409.111,373.156,456.865,395.194,369.935,404.486,391.337,411.618,418.394,411.398,454.678,440.313,382.981,443.461,402.098,446.227,426.616,446.834
THUMBS UP,261009-133914-THUMBS_UP-1,512.501,410.832,486.754,360.714,453.565,301.421,439.619,255.241,438.976,211.388,465.776,294.861,375.896,314.931,398.212,329.506,425.98,325.928,477.584,336.572,380.295,360.063,407.275,365.957,434.648,363.297,483.453,381.776,394.324,400.618,417.842,404.547,445.413,402.25,483.828,424.782,408.902,432.284,428.607,432.376,455.657,430.725
THUMBS UP,261009-133914-THUMBS_UP-1,522.501,416.128,492.263,358.559,461.726,297.407,445.779,251.015,442.969,208.353,477.563,284.327,388.618,305.517,404.035,325.364,430.09,322.451,489.74,323.485,393.047,346.75,414.508,356.657,440.5,354.097,495.819,364.535,406.36,384.944,425.604,393.65,450.94,390.468,497.051,404.368,421.609,413.438,438.589,420.106,464.571,419.959
THUMBS UP,261009-133914-THUMBS_UP-1,524.363,416.398,489.667,354.937,458.646,294.657,443.292,252.034,442.719,212.025,487.381,275.018,401.783,302.587,417.852,321.995,444.828,317.424,502.579,313.317,409.035,342.685,432.792,351.024,459.27,345.69,512.372,355.586,423.972,381.197,445.571,387.657,471.707,380.637,518.149,398.072,443.487,410.359,459.94,414.845,485.868,412.436
THUMBS UP,261009-133914-THUMBS_UP-1,519.484,422.14,478.78,360.835,455.901,296.281,449.098,250.248,450.465,211.285,498.856,278.087,416.409,307.746,426.739,327.317,449.589,324.275,513.798,315.626,420.225,346.481,435.509,356.173,458.122,352.115,519.9,356.413,431.505,382.768,445.454,391.803,469.016,387.958,519.583,396.926,447.681,413.906,459.24,419.813,482.678,416.868
THUMBS UP,261009-133914-THUMBS_UP-1,488.27,468.528,479.934,405.323,477.741,339.153,473.898,286.588,474.197,243.249,506.507,363.368,438.552,357.775,437.919,377.34,452.962,387.835,508.364,408.948,425.75,395.953,435.484,408.741,457.623,418.254,503.962,446.495,426.945,431.504,435.843,444.439,458.067,454.712,496.476,480.721,439.003,467.812,442.295,478.729,458.237,490.068
THUMBS UP,261009-133914-THUMBS_UP-1,544.792,496.104,516.691,441.801,479.649,366.728,469.034,305.064,477.306,254.73,496.591,364.228,408.847,370.036,421.913,389.263,445.5,391.219,503.801,402.694,401.723,404.04,421.994,418.186,450.936,421.141,502.0,442.399,408.342,437.75,425.225,452.404,453.021,456.045,493.825,478.722,417.655,466.925,431.954,479.852,456.555,488.076
THUMBS UP,261009-133914-THUMBS_UP-1,543.221,488.782,526.869,431.18,489.49,360.407,467.382,302.362,466.827,253.522,502.273,366.807,420.555,370.393,436.99,382.727,461.977,385.166,507.812,410.439,418.662,411.369,437.934,417.292,465.029,419.204,505.998,454.194,428.402,452.021,441.404,460.88,466.805,462.541,500.263,491.857,435.832,487.017,451.128,495.955,474.363,500.535
THUMBS UP,261009-133914-THUMBS_UP-1,525.403,475.611,519.743,410.873,494.95,364.362,465.76,325.768,449.625,288.763,434.578,385.933,412.0,381.684,409.858,382.856,409.635,384.625,427.076,421.984,426.123,421.498,443.067,425.985,456.368,430.974,429.387,457.872,433.492,453.083,446.864,456.256,458.014,459.181,440.555,484.471,438.146,482.619,450.3,485.718,459.21,489.84
THUMBS UP,261009-133914-THUMBS_UP-2,138.379,414.826,154.653,359.158,192.43,294.221,214.009,246.894,220.013,208.427,212.266,310.627,287.586,324.793,268.479,332.936,242.822,328.677,209.772,351.205,288.365,361.41,264.86,365.237,236.71,361.277,207.742,392.713,278.546,397.041,255.059,398.385,227.599,394.737,206.416,432.477,263.724,428.894,244.097,428.375,218.834,426.385
THUMBS UP,261009-133914-THUMBS_UP-2,139.047,416.18,154.675,360.177,192.835,295.401,213.943,248.803,219.417,209.736,212.092,312.28,287.746,327.001,268.5,335.11,242.09,330.953,208.587,352.737,288.305,364.721,264.503,368.098,235.852,364.005,205.874,394.138,278.651,400.348,255.093,401.638,227.112,398.324,203.984,433.695,263.737,432.086,244.358,431.103,218.416,428.922
THUMBS UP,261009-133914-THUMBS_UP-2,138.196,418.214,153.787,361.994,192.2,296.467,213.715,249.364,219.49,210.342,211.31,312.715,286.935,327.329,268.033,335.72,242.395,331.556,208.523,353.556,288.1,364.906,264.363,368.351,235.361,364.187,206.436,395.209,278.852,400.263,255.225,401.785,226.974,398.683,205.145,434.923,264.809,432.04,245.403,431.339,219.241,429.526
THUMBS UP,261009-133914-THUMBS_UP-2,138.474,417.927,154.002,361.556,191.913,295.996,213.934,248.273,220.005,209.492,210.79,312.161,285.961,326.589,267.233,334.998,241.738,330.915,208.103,352.627,286.614,364.61,263.356,368.369,235.359,363.893,206.143,394.2,278.11,400.396,254.568,402.021,226.772,398.176,204.926,434.093,263.663,432.161,244.289,431.768,218.827,429.118
THUMBS UP,261009-133914-THUMBS_UP-2,133.789,418.365,149.256,362.666,189.687,296.403,212.094,249.208,218.666,209.797,206.075,311.388,283.05,325.743,263.15,334.328,236.742,330.275,202.689,351.522,283.858,364.521,260.178,368.168,231.9,363.221,199.851,393.309,273.327,400.077,249.619,402.055,222.171,398.146,198.151,433.819,259.103,431.015,239.397,430.598,213.18,428.258
THUMBS UP,261009-133914-THUMBS_UP-2,131.119,417.744,151.429,361.511,192.073,298.703,215.959,255.156,225.653,214.735,195.088,307.655,275.017,325.725,256.137,333.868,229.089,329.777,186.454,347.421,275.914,366.086,251.519,367.767,221.781,364.555,182.326,388.783,263.351,402.91,239.299,400.982,210.78,396.271,180.755,427.283,246.551,432.919,227.032,429.635,199.591,425.365
THUMBS UP,261009-133914-THUMBS_UP-2,127.529,422.088,162.112,360.046,198.405,294.898,214.853,249.254,222.983,207.327,176.321,297.467,254.978,316.681,236.677,330.019,210.5,321.605,162.932,337.952,254.706,354.812,232.334,361.201,205.806,355.096,156.351,378.539,241.173,393.981,220.109,396.617,196.218,389.916,153.035,416.483,220.859,427.171,204.957,425.881,180.708,419.608
THUMBS UP,261009-133914-THUMBS_UP-2,141.829,441.772,178.694,369.713,197.885,297.754,205.165,247.533,215.236,203.864,155.667,292.266,232.897,314.073,221.297,336.456,193.67,331.434,139.144,329.836,225.787,349.249,213.049,361.735,188.062,355.145,130.596,370.056,211.947,385.906,204.158,396.088,183.465,389.969,131.335,407.472,196.731,421.937,194.655,423.967,175.161,417.528
THUMBS UP,261009-133914-THUMBS_UP-2,152.544,457.824,185.72,380.201,196.451,304.732,201.41,252.669,209.027,206.137,138.151,292.367,217.841,306.539,212.274,338.015,184.499,339.394,122.438,329.147,214.385,344.805,202.542,366.118,174.04,364.151,117.308,371.468,202.901,381.849,195.313,399.768,171.152,398.801,121.185,411.66,188.664,417.328,184.97,425.469,161.427,424.731
THUMBS UP,261009-133914-THUMBS_UP-2,162.628,410.029,200.231,347.26,203.782,295.975,207.047,255.082,210.236,210.657,128.179,300.025,194.66,297.046,212.499,322.749,202.68,337.619,117.981,338.411,197.771,331.668,205.979,349.962,191.261,361.991,120.419,379.729,185.91,377.006,194.248,387.5,181.377,390.024,126.261,416.688,164.878,425.701,167.432,428.421,153.966,427.167
THUMBS UP,261009-133914-THUMBS_UP-2,191.157,403.012,215.96,345.856,209.22,289.796,204.094,248.598,208.187,210.683,124.066,287.502,176.942,294.433,201.555,321.441,191.991,330.956,101.443,324.078,170.447,332.036,196.142,351.61,183.695,354.616,95.092,362.305,157.66,370.814,184.88,379.782,177.672,378.395,95.297,399.301,144.287,405.341,172.268,405.393,175.057,400.974
THUMBS UP,261009-133914-THUMBS_UP-2,202.048,396.284,216.33,342.134,205.762,287.618,205.251,248.398,210.527,214.395,115.614,287.244,161.285,293.836,187.898,317.485,181.003,322.547,94.718,322.263,155.202,328.715,183.811,346.204,172.793,347.184,89.096,359.766,144.379,366.84,173.058,374.787,164.764,371.534,91.051,395.9,135.068,399.843,161.943,401.467,161.619,398.043
THUMBS UP,261009-133914-THUMBS_UP-2,206.29,396.932,221.15,342.419,211.133,288.264,209.229,248.827,214.453,216.69,121.756,289.684,159.436,288.615,186.246,310.734,180.925,316.613,101.182,323.601,156.669,325.057,186.47,342.547,176.659,345.251,95.515,359.53,146.33,362.52,175.704,371.116,168.947,370.121,97.207,394.127,137.693,396.417,164.705,398.4,165.886,396.248
THUMBS UP,261009-133914-THUMBS_UP-2,210.729,401.209,226.045,343.287,218.569,285.709,216.125,246.175,221.227,215.261,125.947,287.979,163.345,282.438,189.369,306.735,184.662,315.257,106.291,319.67,158.823,314.968,189.031,336.086,180.489,342.542,100.044,353.841,149.821,351.094,179.283,362.826,171.957,365.107,100.85,386.628,141.055,381.862,167.009,385.955,166.032,387.279
THUMBS UP,261009-133914-THUMBS_UP-2,215.93,390.231,230.084,335.772,223.748,281.089,222.67,241.565,227.917,211.478,133.149,282.793,165.046,275.204,190.795,297.583,187.444,306.148,113.389,313.001,161.651,308.804,190.255,328.351,182.461,334.63,106.79,346.46,153.6,344.195,181.061,355.517,174.65,358.175,107.192,378.957,144.6,375.835,169.506,379.119,170.142,380.034
THUMBS UP,261009-133914-THUMBS_UP-2,216.894,385.367,232.566,332.786,229.554,279.369,228.588,240.528,231.742,210.642,141.265,278.321,169.161,272.002,196.812,294.356,197.866,305.492,120.198,308.017,163.039,304.58,193.594,323.452,189.638,330.442,112.668,341.329,155.899,339.626,183.992,351.278,179.77,355.401,112.69,373.732,147.104,371.676,172.333,375.576,173.87,378.002
THUMBS UP,261009-133914-THUMBS_UP-2,215.461,384.272,231.291,332.545,227.867,280.374,226.671,242.313,230.177,212.889,140.982,279.28,167.025,272.841,194.225,294.964,193.851,305.206,119.976,308.726,159.853,305.831,190.826,324.111,186.052,329.821,112.784,342.043,153.495,341.667,181.74,352.183,176.777,355.328,113.038,374.12,146.645,374.352,171.298,377.023,171.58,378.315
THUMBS UP,261009-133914-THUMBS_UP-2,212.432,384.862,226.917,334.782,222.552,282.675,221.351,244.47,225.332,215.368,138.578,280.633,162.663,276.466,190.077,298.7,191.881,309.218,117.437,309.157,153.338,308.374,184.534,326.382,183.5,332.567,109.374,341.732,147.07,343.368,176.178,353.571,174.724,356.61,108.458,373.425,139.758,374.733,164.97,376.909,167.433,377.255
THUMBS UP,261009-133914-THUMBS_UP-2,210.524,383.373,224.484,333.751,219.961,282.212,218.186,244.204,221.334,215.982,136.487,281.618,159.149,277.686,185.778,298.858,186.844,308.936,115.812,310.217,150.668,309.605,181.478,326.437,179.543,331.818,108.027,342.553,144.992,343.934,174.066,353.519,172.434,356.183,107.036,374.142,137.686,375.284,163.007,377.233,165.584,377.563
THUMBS UP,261009-133914-THUMBS_UP-2,210.943,384.404,224.954,335.0,220.702,282.851,219.437,244.97,222.804,217.408,138.111,282.221,158.404,276.907,184.868,298.105,186.252,308.535,117.165,308.77,150.466,308.659,181.512,325.617,179.433,330.467,109.107,339.892,143.655,341.039,173.111,351.371,171.511,354.631,107.81,370.534,137.108,371.997,161.773,374.597,163.632,375.58
THUMBS UP,261009-133914-THUMBS_UP-2,209.946,383.811,224.776,335.104,220.922,282.915,219.738,245.072,223.45,217.594,139.43,282.246,158.47,278.25,185.014,299.482,186.429,308.989,118.12,308.34,149.357,308.459,180.484,325.942,178.256,330.323,109.479,338.993,144.297,340.679,173.394,351.321,171.28,353.934,107.202,369.128,136.689,371.004,161.43,373.407,163.031,373.648
THUMBS UP,261009-133914-THUMBS_UP-2,210.056,381.375,224.116,333.903,219.404,282.632,217.492,244.843,221.062,217.511,138.488,280.828,156.837,278.616,184.006,299.701,187.354,309.293,117.312,307.264,147.513,309.44,179.349,326.495,179.643,330.947,108.611,337.981,141.358,340.964,171.227,351.375,171.432,353.639,106.331,368.361,134.197,371.162,159.329,373.612,162.383,373.22
THUMBS UP,261009-133914-THUMBS_UP-2,205.199,375.44,219.435,328.209,215.31,277.996,213.629,241.181,218.081,213.71,134.342,275.526,152.915,274.925,179.451,295.249,182.014,303.977,113.274,302.62,144.752,305.935,175.966,321.738,176.366,325.725,104.583,334.074,139.392,338.173,168.124,347.421,168.123,349.171,102.394,364.969,132.877,368.895,157.457,369.862,160.506,368.196
THUMBS UP,261009-133914-THUMBS_UP-2,203.456,376.918,217.323,328.642,213.737,279.098,212.462,242.033,216.02,214.272,130.797,277.495,151.781,272.477,178.186,293.625,182.038,304.585,109.76,304.92,143.951,303.679,173.886,320.964,174.642,327.646,101.402,335.933,137.882,336.384,165.137,346.574,164.564,350.313,99.95,366.382,130.383,365.974,154.335,368.528,157.187,369.621
THUMBS UP,261009-133914-THUMBS_UP-2,202.82,381.49,217.407,330.344,213.869,278.672,212.579,240.815,215.887,212.24,129.465,277.756,152.746,272.709,179.957,293.95,180.672,304.21,108.957,306.71,144.257,304.748,175.545,322.243,172.608,328.186,101.769,339.514,137.483,339.549,166.442,349.608,163.379,352.641,101.766,371.294,130.907,371.582,155.685,373.732,157.296,374.203
THUMBS UP,261009-133914-THUMBS_UP-2,202.891,381.517,218.902,332.067,214.401,279.613,213.198,241.57,216.236,211.934,130.05,277.958,156.722,275.877,183.697,296.593,181.623,304.841,108.695,308.481,149.479,309.444,180.375,326.391,173.694,330.018,101.216,342.666,142.494,344.891,170.759,354.109,164.685,354.529,100.627,375.427,134.594,377.319,160.031,379.22,160.639,378.008
THUMBS UP,261009-133914-THUMBS_UP-2,197.301,382.389,212.736,333.301,204.887,280.543,203.398,243.049,207.663,211.276,117.962,282.242,160.585,289.489,184.981,308.828,177.039,311.793,97.696,315.996,153.579,323.006,180.681,337.013,169.677,336.746,92.301,351.782,142.947,359.311,169.876,365.56,162.421,361.941,94.187,385.455,135.617,391.892,160.431,392.709,160.261,388.422
THUMBS UP,261009-133914-THUMBS_UP-2,185.092,385.478,201.606,331.657,195.528,281.254,194.629,244.024,198.852,208.862,112.269,285.137,160.124,291.563,185.539,310.953,175.169,315.365,93.518,322.215,153.971,326.157,181.845,340.311,168.924,341.327,90.0,359.327,146.21,364.684,172.826,369.231,162.69,364.569,94.048,393.641,137.992,397.625,163.368,395.741,162.354,389.768
THUMBS UP,261009-133914-THUMBS_UP-2,152.428,391.35,187.845,329.827,188.105,283.503,186.596,247.679,189.111,206.031,112.216,285.434,159.211,281.297,180.582,308.486,173.901,318.034,96.269,321.176,155.427,317.43,177.104,342.205,164.369,343.034,93.056,358.067,147.699,358.431,169.576,369.68,158.506,366.594,94.411,390.748,134.643,399.798,155.121,397.792,152.61,391.118
THUMBS UP,261009-133914-THUMBS_UP-2,146.623,397.309,179.241,333.559,182.487,287.291,184.715,251.024,187.258,206.72,115.842,287.288,167.608,280.148,182.778,306.701,175.564,318.453,104.685,322.507,164.133,312.903,178.463,341.579,166.014,347.373,102.427,359.918,155.696,353.854,169.349,370.255,156.505,372.047,103.517,391.963,137.909,397.296,151.546,398.994,145.718,396.183
THUMBS UP,261009-133914-THUMBS_UP-2,148.288,402.396,180.703,337.064,185.537,293.202,189.19,256.103,190.24,209.826,124.351,290.845,182.559,281.391,194.59,311.255,185.758,330.267,116.418,325.534,179.537,311.178,187.779,343.448,174.095,357.174,116.973,365.332,170.397,358.753,178.85,377.179,166.854,382.456,118.418,400.633,152.487,411.561,157.642,419.359,146.561,419.761
THUMBS UP,261009-133914-THUMBS_UP-2,161.234,403.513,183.643,336.207,189.895,290.338,194.936,257.696,195.732,209.116,132.52,289.366,200.328,280.497,211.635,309.721,196.885,326.682,126.634,326.757,201.762,315.231,203.817,344.828,182.875,357.559,127.744,366.036,196.412,356.566,196.364,378.891,175.057,387.468,132.195,398.468,173.883,399.455,176.725,406.9,162.407,411.132
THUMBS UP,261009-133914-THUMBS_UP-2,161.717,405.82,186.91,338.772,196.831,292.272,205.432,259.501,205.3,207.225,152.424,289.964,222.346,280.756,228.821,308.594,209.831,323.48,151.14,327.248,225.915,317.067,220.198,344.908,195.869,354.413,153.551,367.357,220.925,357.628,212.618,380.026,188.887,385.886,158.674,399.382,199.072,396.648,198.798,401.812,185.294,403.673
THUMBS UP,261009-133914-THUMBS_UP-2,164.81,411.937,190.613,347.009,206.335,286.322,214.064,244.261,220.261,200.606,167.048,282.042,249.28,286.343,244.784,309.932,219.607,310.863,161.555,321.242,253.972,324.337,241.035,341.571,215.527,340.801,164.332,362.668,249.434,362.208,238.191,376.613,217.318,377.834,171.029,400.3,238.078,395.553,231.199,398.866,209.444,399.877
THUMBS UP,261009-133914-THUMBS_UP-2,167.874,407.183,191.103,342.9,211.148,278.823,219.936,237.078,226.366,197.931,184.778,279.695,266.246,280.576,254.727,302.904,231.727,300.026,183.118,319.384,275.348,316.224,254.961,332.002,230.98,330.448,188.015,360.148,270.802,356.278,250.078,368.386,229.229,367.3,195.509,396.855,260.342,392.765,244.687,396.389,222.153,396.1
THUMBS UP,261009-133914-THUMBS_UP-2,173.548,408.64,192.664,346.651,219.639,284.057,232.657,239.053,237.008,198.517,210.41,284.595,291.271,285.608,283.416,306.205,262.801,309.793,208.903,323.172,298.134,322.037,281.918,334.892,257.825,336.151,211.764,364.045,293.542,361.467,273.934,370.795,250.396,370.372,217.275,401.503,284.971,398.487,269.687,400.968,245.502,400.604
THUMBS UP,261009-133914-THUMBS_UP-2,202.287,399.115,211.543,342.22,238.129,280.438,255.554,237.843,262.407,200.846,257.745,290.233,335.033,297.096,321.964,307.361,296.547,306.684,258.265,328.911,340.278,332.379,321.722,339.313,294.072,340.323,260.243,369.283,335.147,369.334,315.25,373.679,287.601,374.099,263.125,407.626,325.177,405.423,308.029,405.85,280.629,405.649
THUMBS UP,261009-133914-THUMBS_UP-2,216.758,396.044,224.834,339.715,248.007,279.46,264.553,234.925,270.289,198.341,281.38,287.06,352.888,299.689,337.096,311.822,313.187,309.201,285.228,324.932,357.463,332.489,336.896,340.535,310.505,337.955,287.927,364.78,352.648,366.672,331.866,373.173,306.459,372.415,290.557,403.746,343.162,399.114,324.33,402.258,299.654,401.664
THUMBS UP,261009-133914-THUMBS_UP-2,215.742,394.203,223.381,336.489,246.018,278.069,262.189,234.186,267.886,198.768,294.29,282.694,361.934,298.61,345.62,312.523,320.907,311.966,299.813,320.641,363.7,332.525,343.013,341.709,317.943,340.133,302.201,362.114,357.37,366.72,336.31,374.457,312.584,374.522,302.415,402.628,347.113,398.326,327.03,402.625,304.784,402.565
THUMBS UP,261009-133914-THUMBS_UP-2,211.03,389.349,217.715,329.62,239.813,272.113,256.017,229.911,258.27,195.799,297.421,278.777,356.381,298.247,337.668,311.727,314.63,309.475,303.776,314.268,357.91,331.409,336.237,339.975,313.813,337.237,305.725,353.506,352.209,363.89,330.564,371.197,308.616,370.4,304.154,391.744,342.437,392.676,321.376,396.867,301.178,395.959
THUMBS UP,261009-133914-THUMBS_UP-2,198.116,382.918,207.778,322.041,229.96,266.505,244.377,225.23,245.186,191.731,289.067,274.313,343.549,293.019,325.681,305.715,303.809,303.584,296.183,310.202,345.123,325.837,324.399,334.253,302.882,332.396,298.263,349.495,339.38,358.102,318.718,365.428,297.439,365.625,296.347,387.036,329.466,386.035,309.477,390.631,291.261,391.613
THUMBS UP,261009-133914-THUMBS_UP-2,184.876,378.849,193.664,317.156,214.518,264.469,229.978,223.467,232.69,190.696,277.465,273.961,327.476,290.499,310.508,302.123,290.143,300.504,285.136,310.036,328.046,322.494,308.866,330.366,288.872,330.474,286.713,348.673,322.757,353.161,303.969,360.174,283.998,362.137,284.506,385.241,313.719,380.929,295.216,385.116,278.082,387.523
THUMBS UP,261009-133914-THUMBS_UP-2,170.483,376.519,179.356,315.553,200.6,263.284,215.981,223.019,217.882,191.128,265.696,271.918,311.65,289.534,294.809,300.377,274.307,298.859,272.831,307.357,312.096,321.101,293.746,328.57,274.132,328.692,273.474,345.702,307.677,351.318,289.657,357.977,269.77,359.95,270.308,381.817,298.698,378.408,280.863,381.752,263.472,383.864
THUMBS UP,261009-133914-THUMBS_UP-2,165.064,371.867,172.696,311.982,192.535,259.722,207.09,219.628,208.106,188.116,257.125,267.641,302.288,284.406,286.299,295.944,265.982,294.356,265.294,303.028,303.105,315.474,286.252,323.514,267.089,323.685,267.212,340.665,298.791,345.467,282.575,352.563,263.374,354.508,265.228,375.993,290.918,372.311,274.527,376.182,258.086,378.524
THUMBS UP,261009-133914-THUMBS_UP-2,164.104,370.755,170.127,310.435,188.947,258.219,203.236,218.805,205.577,188.488,256.256,268.063,298.544,283.073,284.122,293.86,265.138,293.479,264.301,302.818,300.317,315.146,283.621,322.083,264.57,322.655,265.645,339.596,296.663,343.861,280.998,349.975,261.888,351.999,262.882,373.88,288.321,370.382,272.607,373.437,256.001,375.241
THUMBS UP,261009-133914-THUMBS_UP-2,163.204,370.411,170.059,310.375,188.671,258.037,202.634,219.188,205.644,189.016,255.891,268.341,297.576,283.742,283.612,294.22,263.889,294.36,263.723,303.826,299.251,315.742,282.647,322.588,262.768,323.43,264.79,340.876,296.547,344.038,280.896,350.287,260.818,352.651,261.528,375.469,287.943,370.89,272.327,373.809,254.771,375.737
THUMBS UP,261009-133914-THUMBS_UP-2,163.865,371.031,172.672,311.222,192.482,259.726,206.779,220.874,209.361,189.971,257.481,269.072,300.756,286.873,285.13,297.64,265.17,296.723,264.655,304.791,301.214,318.742,284.067,325.879,264.571,326.108,265.459,342.357,296.72,347.792,280.627,354.195,261.271,355.819,262.19,377.018,288.602,373.906,272.563,377.272,255.689,378.962
THUMBS UP,261009-133914-THUMBS_UP-2,163.852,370.237,172.613,311.747,193.848,261.189,210.363,222.718,214.674,191.634,254.842,268.174,301.986,287.144,286.188,297.936,266.243,295.798,261.147,303.39,302.128,318.989,284.462,326.136,264.692,325.138,261.813,340.994,297.652,347.937,280.082,354.611,260.488,355.784,258.844,376.281,289.394,374.103,271.542,377.726,253.836,379.207
THUMBS UP,261009-133914-THUMBS_UP-2,167.672,369.332,179.747,316.456,204.938,265.52,223.628,228.865,230.215,198.294,253.528,268.669,308.197,295.795,291.919,307.649,270.395,304.111,255.095,300.615,308.143,325.901,288.052,333.036,266.118,327.875,252.826,336.505,300.08,355.817,279.186,360.557,257.602,355.474,248.585,372.457,287.396,381.932,267.992,383.908,248.217,379.086
THUMBS UP,261009-133914-THUMBS_UP-2,167.824,368.428,180.59,318.365,208.738,266.913,229.477,230.119,238.701,199.837,247.768,269.026,306.492,295.199,290.762,305.197,269.671,300.132,246.7,300.98,305.877,324.464,286.286,330.276,264.702,323.469,243.628,335.833,296.342,354.901,276.295,358.794,255.404,352.262,239.977,370.759,283.886,381.379,265.69,383.038,245.918,377.73
THUMBS UP,261009-133914-THUMBS_UP-2,158.695,368.148,175.238,320.339,207.916,270.978,229.782,235.072,241.354,203.727,232.378,269.973,297.967,294.536,283.193,304.604,260.992,299.928,226.883,300.883,294.775,325.253,275.286,332.468,251.737,327.309,221.296,336.137,283.484,356.894,263.071,361.302,239.587,355.479,216.352,371.469,268.19,385.528,250.254,386.086,227.175,379.898
THUMBS UP,261009-133914-THUMBS_UP-2,147.089,378.144,172.027,329.415,211.187,280.315,233.047,244.996,243.81,211.705,214.253,278.701,285.976,301.688,270.004,312.236,244.598,305.591,203.319,311.127,282.303,337.289,262.03,341.466,236.111,334.705,195.752,347.549,267.661,370.852,246.548,371.048,221.896,362.932,190.521,383.026,249.135,397.061,232.501,394.77,208.888,387.213
THUMBS UP,261009-133914-THUMBS_UP-2,136.862,381.929,171.011,333.325,210.586,283.905,231.476,247.247,244.452,211.501,195.67,278.374,266.122,303.97,255.568,317.987,237.228,312.991,181.855,314.572,263.083,341.591,244.802,347.171,221.433,340.994,173.698,353.464,248.555,375.834,227.246,376.53,204.12,368.614,169.711,389.553,228.496,403.572,212.29,400.891,189.904,392.955
THUMBS UP,261009-133914-THUMBS_UP-2,134.047,386.605,178.043,333.332,215.776,283.511,236.462,247.456,253.568,211.297,186.269,271.846,254.083,305.687,242.674,322.547,223.813,313.924,163.847,305.476,241.595,344.527,228.147,350.751,209.682,339.979,147.297,342.765,218.6,375.738,208.136,378.91,194.385,368.912,135.652,377.517,190.051,401.736,192.731,399.85,184.813,391.413
THUMBS UP,261009-133914-THUMBS_UP-2,123.994,382.529,168.776,328.865,207.343,277.265,230.121,237.721,253.103,202.102,177.448,260.682,247.899,301.478,229.971,316.075,206.46,302.355,153.196,292.578,233.908,335.514,212.186,339.643,189.781,325.746,135.176,329.126,210.227,366.962,191.094,369.639,172.207,357.424,123.843,364.539,185.072,392.053,176.578,389.361,157.381,377.086
THUMBS UP,261009-133914-THUMBS_UP-2,113.801,369.305,160.126,317.391,201.01,267.719,226.292,229.303,250.108,191.88,168.363,256.866,235.59,301.984,217.734,314.15,194.722,299.989,140.843,288.848,219.421,334.757,197.028,335.323,175.229,321.215,120.164,324.757,194.048,366.237,174.338,364.934,156.18,350.957,108.179,358.999,167.197,389.499,156.438,383.371,135.97,369.877
THUMBS UP,261009-133914-THUMBS_UP-2,106.31,366.932,156.396,319.023,197.793,268.898,223.817,229.391,248.689,189.907,164.548,251.99,228.884,302.5,212.14,315.357,189.94,299.937,134.771,281.155,210.478,336.528,190.211,338.015,168.714,320.936,112.021,316.601,183.05,366.4,167.123,366.415,150.087,350.136,97.585,351.805,154.956,388.953,148.786,384.419,130.773,369.66
THUMBS UP,261009-133914-THUMBS_UP-2,114.104,347.314,164.777,303.972,202.875,261.527,228.833,225.536,251.979,184.269,162.117,249.855,224.71,304.296,210.366,312.747,187.001,298.121,131.82,281.017,209.112,334.798,187.564,334.012,162.483,314.752,111.793,316.128,182.014,363.802,164.417,360.213,144.089,343.621,98.596,348.634,152.296,383.383,144.576,375.504,124.345,360.477
THUMBS UP,261009-133914-THUMBS_UP-2,119.948,358.855,167.578,313.095,204.911,263.226,229.108,224.935,252.506,185.938,164.34,249.861,227.47,298.882,214.409,309.995,191.991,296.922,134.365,280.293,210.019,333.222,193.094,332.499,170.629,316.68,113.683,315.831,184.905,362.009,171.261,360.232,152.498,345.598,100.72,349.471,158.826,382.446,153.153,376.516,133.361,363.792
THUMBS UP,261009-133914-THUMBS_UP-2,119.99,348.891,174.451,301.105,209.095,261.097,232.944,228.358,254.75,186.127,167.853,252.977,225.912,300.009,217.84,308.861,198.11,299.807,138.578,286.962,214.571,332.605,197.355,333.501,173.463,315.367,119.593,322.388,188.797,362.214,175.647,358.303,156.471,342.495,107.101,353.914,157.439,384.316,154.478,374.904,137.265,360.02
THUMBS UP,261009-133914-THUMBS_UP-2,122.843,352.823,173.572,305.874,209.053,261.426,233.438,226.533,253.775,185.798,165.572,253.119,227.268,297.566,219.139,308.944,198.929,299.249,136.37,285.903,214.542,332.341,198.651,333.89,176.005,316.559,117.642,321.36,189.943,362.584,176.847,359.167,157.735,343.735,105.625,353.841,162.157,385.198,157.672,377.111,139.116,362.816
THUMBS UP,261009-133914-THUMBS_UP-2,127.613,370.693,172.867,315.269,204.68,262.143,224.318,222.6,243.142,183.589,162.866,250.171,228.662,286.774,224.433,303.087,207.156,296.436,138.25,283.085,212.948,320.648,208.606,325.127,193.581,314.076,121.734,320.325,190.591,351.546,191.378,354.092,182.495,343.675,113.45,355.522,167.301,379.648,173.247,376.861,165.307,367.996
THUMBS UP,261009-133914-THUMBS_UP-2,131.15,379.834,170.665,322.963,199.455,265.838,215.731,223.52,232.158,182.606,162.002,255.839,233.5,286.095,223.847,305.352,201.021,298.931,144.549,291.436,225.199,322.012,212.345,331.33,190.625,322.532,134.44,330.443,208.989,357.21,199.348,364.07,181.362,355.123,130.751,366.673,190.688,387.634,185.651,387.582,165.948,379.177
THUMBS UP,261009-133914-THUMBS_UP-2,135.604,393.728,171.994,328.956,198.77,268.546,211.851,226.045,225.686,186.896,166.983,266.565,243.592,288.487,230.548,304.962,207.938,295.379,154.69,305.295,240.214,323.535,222.646,331.936,202.027,323.065,148.818,344.681,227.488,359.254,211.666,364.645,194.474,357.15,147.57,380.068,209.664,391.283,200.674,388.238,183.154,380.182
THUMBS UP,261009-133914-THUMBS_UP-2,139.428,395.27,166.297,334.171,191.481,270.157,202.466,226.993,209.041,187.483,165.214,272.64,245.572,282.127,233.972,298.983,211.616,292.867,157.988,312.945,248.391,317.12,231.551,327.815,208.67,324.071,157.288,353.585,240.386,353.495,224.572,361.989,205.019,360.72,160.612,389.242,223.869,388.246,215.343,388.954,197.493,387.226
THUMBS UP,261009-133914-THUMBS_UP-2,141.251,394.43,162.124,334.553,185.713,269.638,197.143,226.43,203.055,188.468,166.173,272.935,242.932,275.14,231.125,292.121,209.933,289.493,163.301,311.786,250.156,308.235,231.225,319.013,208.512,319.57,166.438,349.99,244.5,346.731,223.245,353.62,201.597,352.596,172.342,384.139,232.238,380.097,216.118,382.36,193.837,381.877
THUMBS UP,261009-133914-THUMBS_UP-2,144.951,387.43,154.343,330.906,176.884,264.412,189.069,221.307,193.359,186.124,166.882,268.175,243.583,264.017,226.399,283.496,203.614,282.25,168.622,304.602,254.499,296.381,230.377,309.886,206.329,312.169,174.885,340.656,251.718,333.918,226.544,342.951,203.208,343.045,183.914,374.617,243.111,365.387,223.283,371.228,199.877,372.045
THUMBS UP,261009-133914-THUMBS_UP-2,149.18,377.922,153.314,322.449,172.258,257.878,183.416,216.367,188.982,183.431,159.992,258.585,237.941,250.047,226.412,269.294,205.005,269.559,162.748,293.686,249.531,282.575,230.572,296.516,207.048,299.155,170.606,329.346,250.009,317.646,228.538,327.7,204.742,328.805,180.779,362.304,242.009,348.398,225.051,354.912,200.405,357.885
THUMBS UP,261009-133914-THUMBS_UP-2,153.343,379.06,158.096,324.711,172.369,261.499,179.517,220.437,177.656,186.89,156.354,258.507,234.329,244.501,225.973,268.563,202.907,274.408,160.826,291.269,246.39,276.748,229.998,294.534,205.491,299.532,170.506,325.416,246.344,312.124,229.114,325.762,206.647,328.375,182.661,357.432,243.57,342.479,229.308,351.199,206.203,355.6
THUMBS UP,261009-133914-THUMBS_UP-2,154.976,377.594,158.535,323.71,171.869,263.377,176.805,224.172,173.278,192.049,162.619,259.626,236.801,247.439,227.396,271.327,203.888,275.156,166.071,291.583,248.971,279.192,231.087,296.559,206.523,300.012,174.106,325.24,248.854,313.826,230.214,327.247,207.904,329.191,184.839,357.408,245.298,343.13,230.256,350.782,207.092,354.449
THUMBS UP,261009-133914-THUMBS_UP-2,154.409,379.263,157.777,326.826,172.129,266.451,178.371,226.368,175.868,193.889,163.823,262.392,238.22,248.861,229.165,272.963,205.727,277.712,167.875,293.844,250.394,281.598,233.474,299.899,208.892,302.968,176.393,326.976,250.15,316.737,232.442,330.22,209.614,331.344,187.276,358.839,246.677,345.744,232.037,354.201,208.898,357.51
THUMBS UP,261009-133914-THUMBS_UP-2,153.908,380.022,156.654,327.248,171.785,265.725,179.043,226.894,177.711,194.193,165.673,267.138,238.994,255.422,231.361,275.626,208.773,278.209,169.381,301.103,250.746,286.577,236.043,301.699,211.873,305.568,177.423,335.701,250.565,321.356,234.357,333.098,211.17,335.291,187.784,367.913,245.719,352.304,232.29,359.301,208.898,363.66
THUMBS UP,261009-133914-THUMBS_UP-2,152.021,394.625,153.425,341.769,169.19,276.538,177.311,234.165,175.971,198.508,159.988,280.006,238.948,267.385,227.953,289.613,203.386,290.308,166.403,315.3,250.587,299.231,232.493,315.957,207.542,318.619,177.503,350.367,250.614,336.565,230.925,349.628,206.742,351.068,190.36,382.776,247.718,367.502,230.806,376.501,205.949,380.657
THUMBS UP,261009-133914-THUMBS_UP-2,143.493,406.202,145.579,350.864,162.691,283.185,169.51,239.138,166.225,200.513,161.567,294.043,243.773,280.286,230.429,301.219,204.135,305.789,167.393,332.613,255.193,316.837,235.03,331.019,207.777,336.495,177.946,370.315,254.782,355.018,233.183,364.73,206.65,368.343,189.839,404.559,252.327,387.042,234.008,393.157,206.886,398.838
THUMBS UP,261009-133914-THUMBS_UP-2,141.048,418.459,141.887,358.854,156.145,287.374,158.804,241.061,151.821,200.353,156.045,305.698,243.327,288.586,228.916,308.183,200.953,315.098,162.345,347.525,254.666,327.423,234.317,340.279,205.529,347.4,174.828,386.918,255.601,365.889,233.967,374.771,206.433,380.864,189.372,421.505,252.608,398.811,234.664,404.116,208.344,411.705
THUMBS UP,261009-133914-THUMBS_UP-2,137.379,425.062,137.365,363.814,149.835,291.214,151.551,243.226,142.856,201.945,152.689,312.532,237.619,293.36,223.226,312.056,196.237,318.927,161.937,355.249,251.59,330.95,230.433,343.596,202.647,351.766,176.728,393.921,254.63,369.264,232.153,378.392,205.783,385.697,193.206,427.366,253.077,401.947,234.204,407.724,209.043,416.371
THUMBS UP,261009-133914-THUMBS_UP-2,134.866,427.556,131.171,365.855,141.113,291.421,141.21,243.409,128.446,202.657,146.337,311.782,231.57,289.783,219.675,310.557,192.689,320.214,156.51,354.702,246.977,327.757,227.327,341.974,198.227,351.659,172.224,394.679,251.008,365.91,230.118,375.716,203.295,384.656,189.481,429.319,250.249,399.011,233.307,404.438,208.516,414.754
THUMBS UP,261009-133914-THUMBS_UP-2,137.014,425.966,131.5,363.487,138.6,289.325,136.772,241.742,122.796,201.472,147.02,308.91,231.349,283.968,218.891,304.278,190.634,314.522,157.657,350.548,246.986,320.601,227.829,335.783,199.584,347.477,173.109,389.439,252.567,357.66,232.034,368.378,205.022,379.409,189.696,423.593,251.151,391.487,234.383,397.086,209.082,408.349
THUMBS UP,261009-133914-THUMBS_UP-2,137.55,420.133,130.942,358.918,136.273,285.695,132.666,238.14,117.47,198.428,143.022,301.042,228.564,276.226,218.574,296.701,190.55,306.318,154.988,342.022,244.017,311.167,227.319,326.811,199.647,339.044,171.965,380.57,250.741,348.509,231.359,360.273,204.661,371.98,190.689,414.871,250.68,383.833,234.717,390.735,209.737,402.21
THUMBS UP,261009-133914-THUMBS_UP-2,139.103,416.656,133.013,356.148,137.985,283.381,134.699,235.573,120.453,195.559,144.018,298.431,227.791,274.456,217.127,293.335,190.976,302.639,155.867,339.424,244.766,309.797,226.803,323.607,199.354,335.401,173.003,377.769,251.66,346.993,231.235,357.419,205.178,368.567,191.553,411.634,252.012,381.304,235.457,387.101,210.97,398.206
THUMBS UP,261009-133914-THUMBS_UP-2,138.994,414.437,133.758,354.479,138.284,282.501,135.171,234.513,121.462,194.438,145.763,296.407,229.267,273.86,218.365,291.925,191.331,301.238,157.429,337.097,244.663,309.374,226.868,323.058,199.053,334.573,173.84,375.551,250.597,345.872,231.429,356.359,205.571,367.458,191.365,409.539,250.889,380.634,235.551,385.915,211.557,396.206
THUMBS UP,261009-133914-THUMBS_UP-2,140.448,413.808,134.435,354.125,139.828,283.238,137.114,236.381,124.513,196.247,147.431,296.944,230.285,274.374,219.144,294.2,191.592,302.538,158.079,336.922,244.939,309.008,227.698,324.231,200.434,335.526,173.751,375.368,250.171,346.768,231.397,358.346,205.64,368.934,190.837,409.866,250.242,381.491,234.616,387.358,210.294,397.216
THUMBS UP,261009-133914-THUMBS_UP-2,143.046,411.15,137.764,350.128,145.207,279.056,142.377,233.04,127.465,194.794,148.187,294.566,232.456,273.645,221.833,294.198,195.014,302.271,158.669,335.066,246.062,309.192,228.925,324.62,202.544,334.993,174.7,373.358,252.242,345.559,232.852,357.079,207.234,367.47,192.296,407.235,250.825,379.599,234.531,386.348,210.329,396.224
THUMBS UP,261009-133914-THUMBS_UP-2,139.631,405.241,137.467,345.063,147.536,273.417,148.312,227.729,138.255,189.006,148.955,286.432,234.392,266.863,222.181,287.002,194.714,295.515,157.592,326.409,247.788,302.966,229.558,316.511,202.245,326.207,171.589,364.889,251.153,340.851,231.033,350.643,204.925,359.275,187.315,399.717,249.519,374.427,232.836,380.432,207.536,390.132
UNKNOWN,261009-133914-UNKNOWN-1,159.834,410.892,206.761,400.695,254.808,378.055,286.609,357.368,279.357,333.71,249.563,299.865,281.217,285.43,280.157,314.777,268.105,342.106,222.137,277.552,250.024,222.53,267.15,187.099,280.735,152.135,186.875,272.835,196.881,215.116,203.109,178.971,210.979,145.432,148.988,284.252,132.677,240.818,120.383,213.4,111.857,186.317
UNKNOWN,261009-133914-UNKNOWN-1,160.692,410.749,209.022,400.939,257.958,378.292,288.808,356.41,278.064,334.289,248.99,298.524,278.742,283.936,276.448,310.522,263.052,334.267,220.874,276.568,248.035,221.451,264.908,185.915,277.805,151.34,185.836,272.144,195.27,215.376,201.486,178.837,209.283,145.136,148.415,283.785,131.471,241.45,117.372,214.765,107.506,188.474
UNKNOWN,261009-133914-UNKNOWN-1,159.708,410.091,207.315,400.044,256.306,377.467,287.814,355.661,276.829,332.824,247.498,297.742,278.757,283.546,276.34,309.154,262.278,333.362,219.669,275.902,247.37,221.673,264.535,186.473,277.75,152.166,184.908,271.589,194.92,214.931,201.523,178.68,209.53,145.363,147.822,283.494,131.493,241.482,118.235,214.579,108.862,188.134
UNKNOWN,261009-133914-UNKNOWN-1,159.115,410.037,206.182,400.965,255.328,377.927,287.026,356.719,277.126,334.078,247.921,299.228,279.176,284.065,277.27,312.934,264.697,339.674,220.384,276.883,247.824,221.911,265.474,186.203,279.399,151.15,185.332,272.225,195.164,215.27,201.536,179.189,209.69,145.371,147.985,283.811,131.16,241.365,117.198,214.733,107.406,188.072
UNKNOWN,261009-133914-UNKNOWN-1,158.327,408.281,204.915,399.311,253.89,377.034,286.424,356.533,279.303,333.72,247.521,299.259,278.502,284.596,277.039,311.835,264.919,337.386,220.403,276.877,248.517,221.842,265.731,186.004,278.882,151.443,185.448,272.104,195.875,214.455,202.475,177.971,210.567,144.335,147.964,283.361,130.957,240.724,116.747,214.274,106.693,188.002
UNKNOWN,261009-133914-UNKNOWN-1,162.318,410.169,211.667,398.118,261.648,374.94,295.875,353.967,286.569,331.778,247.91,297.532,280.179,283.275,282.701,308.011,273.707,332.411,219.486,275.79,245.546,220.898,262.659,184.47,275.809,149.909,184.662,272.188,193.449,214.085,198.879,176.467,206.174,142.81,147.985,285.061,128.941,242.535,113.917,214.894,103.953,188.577
UNKNOWN,261009-133914-UNKNOWN-1,173.446,405.914,219.482,387.586,261.119,365.011,294.92,346.969,298.024,321.783,238.093,289.824,276.302,278.692,288.322,304.9,286.968,331.109,216.032,272.857,244.65,216.889,262.059,179.311,273.119,144.292,186.966,272.491,193.868,211.499,197.162,171.367,200.494,137.058,156.952,287.836,130.136,245.138,110.761,216.52,96.757,189.337
UNKNOWN,261009-133914-UNKNOWN-1,181.154,400.329,228.104,371.922,266.821,348.019,298.147,327.79,302.277,302.838,235.495,279.46,272.433,268.046,289.106,297.25,293.084,325.316,216.414,266.121,240.133,209.166,257.483,171.497,267.476,137.065,193.069,269.319,191.457,205.659,191.623,165.931,192.248,132.232,170.984,287.923,142.333,247.432,122.647,218.147,107.479,190.3
UNKNOWN,261009-133914-UNKNOWN-1,182.381,389.56,229.774,363.465,267.47,337.56,297.481,318.935,304.971,293.346,237.308,273.039,271.192,263.057,286.407,289.392,289.636,313.638,220.133,260.645,239.507,205.138,254.709,166.418,263.197,130.73,199.188,265.391,193.223,203.251,191.595,164.08,191.16,129.39,181.968,285.372,153.55,246.512,135.846,216.568,122.783,187.388
UNKNOWN,261009-133914-UNKNOWN-1,183.618,381.109,229.872,355.063,263.949,329.706,293.424,311.682,302.249,287.435,233.642,266.489,266.559,256.833,282.717,279.428,287.058,301.857,219.316,256.364,236.954,200.4,252.174,160.277,260.353,124.199,201.863,262.166,193.331,201.744,192.18,162.109,191.467,127.501,187.484,282.087,161.081,243.584,146.614,212.992,135.705,184.043
UNKNOWN,261009-133914-UNKNOWN-1,181.831,369.625,228.695,344.178,257.44,323.707,284.898,307.643,296.482,285.825,229.224,262.754,262.978,255.653,279.805,272.377,287.188,290.891,219.058,254.157,235.947,197.477,251.156,157.399,259.887,124.593,205.78,260.887,195.829,201.582,195.003,161.455,194.84,126.284,195.177,280.186,171.604,241.684,160.383,212.769,152.265,184.862
UNKNOWN,261009-133914-UNKNOWN-1,182.053,368.612,228.107,345.265,258.411,323.228,286.028,308.214,297.851,286.139,229.925,260.084,263.386,255.045,279.566,274.788,285.769,294.709,218.679,251.309,237.04,197.132,253.347,158.229,262.742,125.351,204.351,257.877,197.374,199.314,197.291,160.363,197.424,126.137,193.481,277.884,170.148,242.557,158.285,213.299,149.719,185.254
UNKNOWN,261009-133914-UNKNOWN-1,176.301,385.48,223.22,363.213,263.457,341.419,296.145,323.22,300.344,295.061,235.141,270.679,271.771,261.045,284.466,288.799,284.728,313.869,219.657,256.182,244.87,203.766,263.47,167.581,274.887,133.948,198.827,258.384,196.895,197.829,197.737,158.993,199.621,125.245,179.375,276.412,152.53,236.618,136.102,205.64,124.372,175.672
UNKNOWN,261009-133914-UNKNOWN-1,166.413,388.135,213.708,376.024,258.262,358.12,294.218,340.278,295.155,312.154,241.33,281.078,276.358,277.874,281.945,304.21,275.823,327.771,221.801,261.62,257.001,213.913,276.892,180.192,292.194,146.897,194.423,257.423,204.513,198.126,207.571,158.641,211.821,125.302,164.115,268.886,142.663,224.326,127.425,194.096,117.309,166.142
UNKNOWN,261009-133914-UNKNOWN-1,154.543,383.217,202.693,376.052,250.659,357.806,283.743,337.759,275.569,314.904,245.258,285.207,275.401,275.99,273.205,294.812,261.479,312.069,220.772,262.022,256.244,215.162,275.741,181.344,292.841,147.552,188.272,255.019,199.032,197.741,203.225,158.978,209.905,125.212,152.711,264.854,135.19,220.545,122.375,191.792,114.536,165.127
UNKNOWN,261009-133914-UNKNOWN-1,148.468,382.178,194.039,376.71,240.607,357.883,265.39,334.884,247.807,320.287,235.409,282.694,263.936,269.882,261.236,290.754,249.24,308.401,210.079,259.65,245.481,211.228,267.459,177.202,287.024,143.139,176.722,253.106,187.338,194.559,193.119,156.884,201.791,123.71,139.9,263.051,125.732,217.742,113.595,190.669,105.532,165.243
UNKNOWN,261009-133914-UNKNOWN-1,144.254,380.129,186.15,375.354,229.173,354.917,246.951,330.052,229.143,307.69,225.585,278.867,246.846,265.12,239.524,285.287,225.502,300.88,201.041,256.443,234.531,206.856,254.933,171.438,273.259,135.07,168.35,250.758,178.394,192.248,182.238,156.682,188.778,123.531,132.445,260.991,119.473,218.383,107.622,193.15,98.573,167.636
UNKNOWN,261009-133914-UNKNOWN-1,141.367,379.098,183.545,374.236,221.288,350.403,230.416,323.39,211.14,301.333,217.27,273.719,233.678,257.87,222.752,278.711,206.481,294.995,191.828,251.674,221.522,200.829,240.107,163.706,255.431,128.23,158.993,246.487,167.419,191.156,172.618,154.935,179.927,121.661,124.142,257.131,110.643,218.02,100.989,193.083,93.988,168.102
UNKNOWN,261009-133914-UNKNOWN-1,134.573,381.063,174.005,373.956,210.476,346.878,214.46,317.435,188.592,293.983,210.584,270.536,223.109,253.8,209.042,274.625,193.055,291.878,182.985,248.928,207.801,195.498,222.586,156.794,237.43,119.815,148.893,246.004,154.731,189.333,157.701,153.204,165.011,118.935,113.521,258.89,100.872,219.248,92.119,194.258,86.187,168.553
UNKNOWN,261009-133914-UNKNOWN-1,130.413,379.679,167.321,369.975,199.586,340.719,201.114,311.144,173.115,293.297,198.834,264.333,211.315,247.656,200.046,269.146,185.524,287.739,170.821,244.906,192.577,191.395,205.512,152.167,218.536,113.716,137.017,244.157,140.658,188.465,142.017,151.239,147.267,116.338,102.312,259.062,89.031,221.239,79.303,196.49,71.892,171.443
UNKNOWN,261009-133914-UNKNOWN-1,128.013,380.237,164.629,370.024,195.311,341.164,195.296,312.859,167.902,293.685,192.405,263.172,204.338,245.42,196.067,267.283,184.467,286.407,164.714,244.393,183.875,188.458,195.518,148.595,207.154,109.903,131.526,244.415,133.202,188.074,134.528,150.512,139.647,115.107,97.759,259.741,84.863,221.899,75.238,197.383,67.424,172.593
UNKNOWN,261009-133914-UNKNOWN-1,125.932,381.295,162.106,371.477,192.775,343.039,194.574,315.796,166.151,297.344,190.709,262.403,201.214,246.381,191.971,270.282,179.663,290.895,161.795,243.472,179.241,187.151,189.773,146.806,200.578,107.188,127.998,243.925,129.275,186.607,129.569,149.249,134.017,113.032,94.388,259.927,81.454,221.468,71.8,197.209,64.294,172.212
UNKNOWN,261009-133914-UNKNOWN-1,130.211,380.234,167.684,372.223,198.982,344.649,202.393,316.114,174.326,295.796,196.536,263.185,207.879,246.918,198.506,268.115,186.041,288.21,167.538,244.273,187.04,188.584,197.171,148.866,208.473,107.736,134.029,243.943,135.617,186.863,135.484,149.021,139.76,113.174,99.177,258.734,85.088,220.316,74.544,195.554,66.262,171.02
UNKNOWN,261009-133914-UNKNOWN-1,138.851,378.742,181.35,366.635,219.542,340.923,232.596,313.26,208.428,296.887,206.626,268.107,224.615,248.912,221.086,261.757,213.201,274.788,177.639,248.145,201.31,192.776,214.155,153.408,225.977,115.621,143.082,246.385,146.84,187.002,148.135,148.149,152.687,112.856,107.133,261.078,89.438,220.547,75.936,194.942,65.387,169.861
UNKNOWN,261009-133914-UNKNOWN-1,146.556,379.419,188.631,367.204,230.308,343.484,256.433,321.324,243.395,300.426,219.82,269.078,245.082,252.728,240.989,277.185,229.805,298.286,191.358,248.937,219.442,195.995,234.747,158.878,247.522,121.952,156.388,246.745,160.764,186.879,160.521,149.406,164.058,114.088,121.508,262.047,100.271,220.308,83.429,196.113,71.061,172.124
UNKNOWN,261009-133914-UNKNOWN-1,154.897,378.432,200.451,363.455,242.437,341.325,272.632,320.661,262.35,301.29,224.301,268.494,255.556,256.291,262.919,276.954,259.575,298.256,198.387,249.872,227.084,197.236,243.688,160.064,256.434,123.483,165.851,248.353,171.055,187.913,172.107,149.185,175.439,115.665,131.551,263.161,107.107,220.549,87.993,194.626,74.582,170.321
UNKNOWN,261009-133914-UNKNOWN-1,162.629,382.948,206.425,362.041,246.175,339.354,277.371,320.92,279.051,298.518,223.197,267.803,259.227,256.671,272.111,279.746,274.28,303.699,202.015,252.919,229.751,198.7,247.698,160.151,260.484,124.552,174.43,255.067,178.227,193.088,178.95,152.497,182.194,117.567,147.083,273.323,117.133,232.832,96.368,204.311,81.952,176.585
UNKNOWN,261009-133914-UNKNOWN-1,162.952,384.963,208.538,358.998,251.167,330.759,283.149,309.132,278.284,290.459,219.825,263.862,256.265,254.671,268.883,284.333,269.849,310.672,198.744,251.013,224.947,198.604,241.943,160.145,253.442,123.343,172.186,255.167,174.51,193.648,175.541,153.55,178.412,117.482,148.539,275.348,117.849,238.196,95.491,210.812,78.922,182.84
UNKNOWN,261009-133914-UNKNOWN-1,158.592,384.813,204.753,358.169,247.172,329.437,278.749,306.689,272.584,288.994,214.773,263.158,251.879,251.698,264.537,281.096,264.98,307.884,192.8,250.645,217.543,196.218,233.489,157.3,243.208,120.109,166.381,255.617,166.524,193.464,166.113,152.475,167.335,115.28,142.962,276.589,110.547,239.335,87.062,212.494,69.395,184.919
UNKNOWN,261009-133914-UNKNOWN-1,160.356,385.659,201.781,359.718,241.269,328.966,270.803,306.379,270.75,285.379,210.314,262.563,246.83,248.649,260.597,276.38,262.501,303.44,187.26,249.947,212.966,195.878,229.331,156.475,240.014,120.671,159.34,254.516,159.572,192.283,158.545,150.92,159.791,114.832,134.303,275.63,102.52,238.073,80.734,210.704,64.689,183.178
UNKNOWN,261009-133914-UNKNOWN-1,156.734,382.837,198.138,359.828,239.313,329.129,269.432,306.249,265.773,285.222,213.19,261.342,245.489,246.158,254.076,273.733,253.083,300.84,188.54,247.279,213.623,194.72,229.395,156.736,241.425,121.825,158.31,250.343,160.532,188.544,160.36,148.304,163.573,112.311,130.573,270.068,99.853,230.729,78.765,203.301,63.492,175.413
UNKNOWN,261009-133914-UNKNOWN-1,154.417,378.498,198.028,360.186,238.808,333.78,268.775,309.739,264.444,283.555,215.162,264.109,246.012,247.329,253.065,270.842,250.816,294.792,189.947,247.753,217.835,196.712,234.279,159.661,247.099,124.106,159.239,247.465,164.305,187.811,166.012,149.179,170.772,115.21,129.23,263.4,101.45,223.238,82.755,196.181,70.067,170.118
UNKNOWN,261009-133914-UNKNOWN-1,151.265,378.841,196.99,359.996,238.792,329.673,267.645,302.395,262.566,275.759,215.645,264.442,248.158,244.515,250.889,272.479,244.487,300.524,189.266,249.121,217.46,200.517,235.626,167.943,251.563,137.66,157.215,248.19,169.182,195.91,180.772,161.995,194.648,132.417,125.025,261.261,101.649,223.456,86.139,197.373,76.572,171.656
UNKNOWN,261009-133914-UNKNOWN-1,155.575,373.973,200.071,356.471,238.587,324.244,263.287,290.999,254.168,262.45,218.493,260.338,239.848,233.325,245.876,243.543,245.014,265.589,190.043,247.387,205.525,201.139,221.96,198.591,234.689,214.308,158.745,246.113,169.123,198.902,183.506,199.836,197.696,212.766,126.046,257.879,107.625,220.815,98.789,193.744,95.789,171.604
UNKNOWN,261009-133914-UNKNOWN-1,154.712,375.595,198.396,355.493,235.694,323.092,258.932,288.101,253.12,256.698,220.96,260.419,240.778,232.185,245.013,243.701,244.935,262.143,193.364,249.401,212.823,197.403,217.724,224.778,217.621,255.833,163.288,247.717,178.064,205.967,186.818,231.786,190.892,256.357,131.266,255.647,116.659,212.707,114.607,186.826,115.986,161.984
UNKNOWN,261009-133914-UNKNOWN-1,153.417,371.594,200.287,355.049,238.06,319.656,260.487,283.3,252.078,251.247,219.447,262.74,235.83,240.045,240.742,249.745,243.039,260.275,196.694,250.912,208.272,208.658,229.349,186.141,248.158,167.217,169.064,248.771,179.843,218.452,197.275,245.18,208.803,270.066,137.733,252.678,126.584,211.597,118.11,180.622,112.213,152.742
UNKNOWN,261009-133914-UNKNOWN-1,154.219,366.511,200.599,356.679,237.107,322.388,261.603,288.868,254.566,257.259,221.64,264.413,240.938,240.111,241.84,256.205,238.784,268.223,199.57,251.744,218.605,203.595,239.732,171.434,255.128,141.323,173.093,249.497,187.528,222.675,205.311,254.192,215.482,279.067,143.661,253.345,132.802,213.906,123.747,182.848,116.165,153.08
UNKNOWN,261009-133914-UNKNOWN-1,153.743,370.498,200.189,360.879,239.411,327.612,265.727,295.324,257.541,264.002,225.059,265.472,247.814,239.799,245.101,265.291,236.351,283.961,202.403,252.252,223.722,204.098,244.839,172.304,259.682,142.348,174.874,249.89,189.166,225.192,205.473,260.353,215.126,287.541,144.773,253.552,135.119,214.553,125.17,184.067,116.863,154.285
UNKNOWN,261009-133914-UNKNOWN-1,152.357,372.385,199.01,362.889,239.139,328.441,266.186,295.948,256.743,265.032,225.124,266.039,248.347,238.789,244.225,266.569,234.602,285.91,201.766,253.182,222.532,204.161,243.318,172.81,257.971,142.635,173.772,251.593,187.584,224.302,204.114,258.937,214.351,285.63,143.289,256.093,133.036,217.144,122.11,186.69,112.993,156.824
UNKNOWN,261009-133914-UNKNOWN-1,152.994,372.925,199.506,363.364,238.466,328.543,265.398,296.042,256.767,265.027,225.031,265.316,247.447,239.894,243.98,266.415,234.788,284.748,201.774,252.526,221.818,204.098,243.019,172.518,257.722,142.156,173.924,251.169,187.532,224.994,205.6,260.284,216.665,287.34,143.511,256.114,132.506,217.484,120.428,186.975,110.0,156.708
UNKNOWN,261009-133914-UNKNOWN-1,152.079,372.264,199.172,362.989,238.675,329.236,265.117,296.76,256.21,265.199,223.649,264.702,245.925,238.381,244.599,262.818,237.943,279.99,200.372,252.404,220.728,203.348,242.189,172.53,257.238,143.49,172.751,251.469,185.586,224.975,203.573,257.442,214.862,282.757,142.725,256.757,130.827,217.307,119.245,186.337,109.386,156.387
UNKNOWN,261009-133914-UNKNOWN-1,151.917,371.876,199.827,362.364,238.149,329.16,264.329,297.234,255.556,266.555,223.397,264.615,245.617,241.889,241.5,269.633,230.622,288.307,199.815,251.829,219.982,205.088,240.6,172.992,254.543,143.067,171.82,250.572,185.527,227.045,203.323,261.394,214.14,288.198,141.141,255.92,129.802,218.486,117.732,188.067,107.336,158.303
UNKNOWN,261009-133914-UNKNOWN-1,151.19,371.884,198.427,362.882,237.192,328.995,263.659,296.226,255.952,265.457,221.414,266.73,242.871,241.975,241.689,264.003,235.257,278.549,198.395,254.367,218.3,205.395,239.597,173.317,254.548,143.52,170.868,252.872,184.075,226.323,203.427,257.413,215.695,281.923,140.88,257.336,129.474,218.168,117.788,187.568,107.42,157.864
UNKNOWN,261009-133914-UNKNOWN-1,153.428,370.28,199.232,356.946,236.158,323.346,257.94,289.454,252.436,259.565,217.256,265.267,236.896,239.725,238.942,256.573,236.409,268.438,194.208,253.601,211.903,203.241,232.089,170.021,246.232,139.942,166.525,252.077,177.915,224.425,199.273,252.512,213.359,275.536,136.034,256.244,123.772,216.679,111.802,188.001,100.66,160.105
UNKNOWN,261009-133914-UNKNOWN-1,151.51,368.315,196.15,351.456,231.971,311.59,247.805,271.564,230.658,246.5,206.758,260.46,221.119,228.733,223.623,244.72,223.385,256.295,182.666,250.408,195.31,197.984,211.963,164.02,223.52,131.952,154.106,250.79,159.58,219.276,180.765,246.563,195.627,269.728,122.763,256.431,105.926,215.972,90.913,188.842,76.852,162.745
UNKNOWN,261009-133914-UNKNOWN-1,143.097,367.691,187.679,351.682,220.596,313.92,232.685,274.275,217.484,245.57,207.658,260.449,217.369,226.172,215.104,242.791,211.759,259.172,180.354,249.614,188.933,198.792,201.223,164.783,211.977,131.375,150.467,250.99,147.758,216.383,162.995,239.597,176.573,260.675,117.243,258.816,99.563,219.692,85.836,192.448,75.029,167.645
UNKNOWN,261009-133914-UNKNOWN-1,140.505,369.442,184.119,349.8,214.422,312.756,223.632,271.134,204.721,240.143,208.825,261.644,215.391,225.382,208.601,236.594,200.25,253.794,179.721,251.094,186.741,201.028,194.022,167.394,202.061,129.247,149.923,251.842,143.81,218.784,153.17,238.11,162.297,255.859,116.782,258.152,100.038,219.96,86.478,192.054,76.099,168.049
UNKNOWN,261009-133914-UNKNOWN-1,137.481,369.475,181.347,349.041,211.291,310.283,218.68,267.419,200.125,236.056,205.694,259.568,210.441,222.991,203.206,234.529,195.143,253.069,176.347,249.963,182.134,198.977,187.997,166.013,196.174,127.667,146.747,251.659,141.459,217.229,149.516,233.297,157.9,250.297,113.648,258.688,98.501,220.578,84.039,191.599,72.33,168.147
UNKNOWN,261009-133914-UNKNOWN-1,137.765,369.651,180.725,348.381,210.015,310.016,217.711,267.905,199.587,235.453,206.158,258.297,211.957,222.838,205.062,232.089,197.031,249.607,176.117,249.673,181.924,198.243,187.067,165.257,194.495,127.059,145.704,252.089,139.552,218.646,149.277,235.581,159.211,253.005,112.972,259.51,97.171,221.477,82.452,193.123,70.732,169.609
UNKNOWN,261009-133914-UNKNOWN-1,139.617,371.717,182.491,353.902,215.338,312.347,225.024,268.843,203.592,241.817,203.938,261.211,210.478,224.448,204.847,240.342,198.345,258.941,174.724,250.417,179.429,201.491,188.077,168.754,196.366,132.591,145.135,252.158,139.224,217.811,151.361,241.014,162.116,261.079,112.363,260.521,94.412,222.002,79.604,193.44,67.778,167.675
UNKNOWN,261009-133914-UNKNOWN-1,141.982,372.192,185.476,353.821,216.728,312.754,227.756,273.228,210.44,246.19,201.577,257.605,208.686,224.043,203.729,247.958,197.683,268.802,173.394,247.883,177.973,200.768,189.755,167.711,199.811,133.206,142.916,250.396,140.283,219.445,157.881,247.348,172.914,270.445,110.066,258.845,92.289,221.697,77.316,195.24,65.387,169.247
UNKNOWN,261009-133914-UNKNOWN-1,141.126,372.656,185.45,352.747,216.798,311.324,233.307,269.43,218.193,238.644,198.644,260.951,207.09,225.826,205.713,241.055,201.513,257.233,172.299,251.673,178.897,205.659,190.958,173.877,199.698,142.032,143.763,252.977,141.177,223.471,159.418,251.739,173.947,274.847,111.555,260.229,93.547,222.29,78.804,194.621,66.858,167.938
UNKNOWN,261009-133914-UNKNOWN-1,141.37,373.057,184.798,353.891,214.448,316.205,232.658,277.957,241.378,247.409,204.484,261.859,213.481,218.838,209.783,235.552,203.025,254.998,176.208,250.964,183.42,201.825,195.589,173.67,204.344,141.171,146.979,252.056,143.698,213.371,157.738,245.563,168.296,271.334,112.132,261.481,94.398,222.86,80.957,194.468,70.734,166.63
UNKNOWN,261009-133914-UNKNOWN-1,138.221,370.793,189.663,349.232,218.264,313.386,231.95,282.738,243.767,251.147,205.428,258.942,212.772,229.627,217.508,214.332,223.122,197.631,176.019,251.869,185.663,198.03,197.8,161.61,209.589,127.779,143.665,254.425,151.784,207.122,161.925,235.112,171.963,261.492,111.003,262.181,109.341,226.159,110.669,208.316,116.267,190.651
UNKNOWN,261009-133914-UNKNOWN-1,139.244,376.931,185.997,352.514,215.559,315.719,225.126,278.795,231.844,246.1,201.852,263.568,214.067,222.373,220.636,198.712,225.148,174.335,174.593,254.14,190.17,194.909,199.835,159.414,206.83,126.976,143.85,259.331,149.224,214.652,162.624,244.85,174.086,273.608,112.024,275.342,121.728,253.411,141.076,265.898,157.867,279.399
UNKNOWN,261009-133914-UNKNOWN-1,141.814,376.205,194.725,355.134,232.147,310.497,262.732,277.983,280.954,266.728,204.622,254.019,216.463,203.533,221.716,206.696,221.697,221.846,174.981,249.997,187.942,190.831,198.604,152.753,205.174,122.129,143.815,259.265,150.106,229.161,166.114,264.951,176.673,294.643,112.676,276.962,127.112,264.487,145.111,288.028,157.895,307.945
UNKNOWN,261009-133914-UNKNOWN-1,141.706,379.458,197.046,360.914,243.977,324.913,289.561,306.9,321.386,300.17,209.636,257.841,223.651,207.101,224.041,215.039,221.111,231.409,179.148,252.966,193.174,194.518,202.218,157.54,208.354,126.021,146.663,261.688,149.383,231.904,161.806,269.843,171.811,301.596,114.517,278.338,123.013,265.878,140.168,289.89,154.374,310.367
UNKNOWN,261009-133914-UNKNOWN-1,143.394,381.228,199.514,366.01,246.78,334.0,291.934,317.176,324.638,310.085,211.093,260.731,227.107,209.882,225.716,216.637,220.319,232.356,180.0,254.764,193.744,195.228,201.734,158.236,206.568,127.417,147.385,263.389,149.884,233.117,162.954,271.955,173.792,303.9,114.635,280.965,122.448,265.215,139.976,290.066,154.563,311.562
UNKNOWN,261009-133914-UNKNOWN-1,144.437,381.577,201.801,366.126,247.754,334.392,291.908,318.079,323.245,310.421,210.7,260.774,227.091,210.194,225.421,219.161,220.388,236.373,179.598,254.248,192.036,196.041,199.708,159.541,204.576,128.331,147.005,262.97,148.823,234.219,161.511,272.949,171.911,303.907,114.683,280.858,122.289,266.752,139.287,291.226,153.417,311.941
UNKNOWN,261009-133914-UNKNOWN-1,145.315,380.525,202.844,366.175,248.32,334.077,291.032,317.412,321.2,308.792,210.442,260.392,227.117,209.778,225.097,220.583,219.534,238.978,179.229,253.816,191.437,195.382,199.584,158.765,204.706,126.717,146.697,262.662,148.597,233.922,161.374,272.77,171.606,303.245,114.525,281.047,121.796,264.968,138.825,289.446,152.71,310.523
UNKNOWN,261009-133914-UNKNOWN-1,144.57,379.908,201.746,365.406,247.463,332.957,291.175,315.76,321.959,307.373,210.324,261.787,226.959,210.285,223.003,222.342,216.028,242.271,178.962,254.686,190.532,194.881,197.833,157.877,202.317,126.165,146.237,262.743,148.322,233.622,160.479,273.051,169.187,304.22,114.67,279.591,123.363,264.617,139.481,291.408,151.068,313.38
UNKNOWN,261009-133914-UNKNOWN-1,145.54,380.471,201.547,365.135,246.959,331.99,290.903,314.59,322.258,305.794,209.212,261.554,225.553,211.46,223.07,223.418,216.99,242.518,178.199,254.753,190.029,196.192,196.86,159.938,200.433,127.845,145.688,263.124,146.659,233.633,159.866,272.9,170.133,303.703,113.475,280.835,120.686,264.759,137.534,291.305,150.404,313.822
UNKNOWN,261009-133914-UNKNOWN-1,143.571,380.501,200.401,365.066,246.016,332.268,290.095,314.13,321.156,303.99,208.808,261.723,225.205,210.957,220.936,223.559,213.752,243.543,177.978,255.121,188.408,196.025,195.127,159.583,199.065,127.222,145.547,263.655,146.828,231.802,159.448,270.672,168.887,301.639,113.451,281.217,120.844,263.308,136.772,289.362,148.379,311.784
UNKNOWN,261009-133914-UNKNOWN-1,143.543,378.755,200.438,363.433,245.364,330.416,289.475,312.2,319.989,302.348,208.539,261.198,225.221,210.182,221.842,223.225,215.081,243.363,177.983,254.254,188.29,195.069,194.73,158.748,198.102,126.366,145.826,262.669,146.263,231.744,159.264,270.454,169.066,300.929,113.733,280.18,120.951,263.243,137.198,289.407,149.215,311.899
UNKNOWN,261009-133914-UNKNOWN-1,143.773,378.911,200.506,363.688,245.4,330.506,289.53,311.648,319.871,300.698,208.074,262.515,224.774,211.596,220.762,226.394,213.742,247.446,177.732,255.373,187.911,195.727,194.502,159.261,198.397,126.762,145.468,263.307,147.133,232.114,159.365,271.32,168.259,302.004,113.274,280.281,121.473,263.033,137.14,289.784,148.244,312.376
UNKNOWN,261009-133914-UNKNOWN-1,144.571,379.331,200.025,363.832,245.388,331.017,289.802,312.598,320.779,301.579,208.24,262.927,225.165,212.236,221.57,224.746,215.057,243.671,177.421,255.726,187.783,196.767,193.396,160.078,196.137,127.073,144.936,263.86,146.273,233.008,160.288,271.66,171.174,302.311,112.608,281.235,120.266,264.198,137.735,289.281,151.061,311.153
UNKNOWN,261009-133914-UNKNOWN-1,145.509,379.263,200.318,363.442,245.409,330.877,289.336,312.772,319.524,300.817,208.51,262.396,225.198,211.831,222.802,224.194,216.693,242.972,178.012,255.113,189.448,196.362,195.499,159.98,198.079,127.217,145.655,263.131,147.174,230.753,160.849,268.969,171.314,299.553,113.271,280.689,121.743,263.596,138.953,288.727,151.821,311.147
UNKNOWN,261009-133914-UNKNOWN-1,148.36,378.696,201.32,364.124,246.227,331.422,289.345,312.316,320.162,299.256,208.468,261.24,226.638,209.617,224.652,224.579,217.877,245.573,178.022,254.192,190.807,195.232,198.43,160.094,201.958,127.461,145.665,262.043,149.828,229.166,163.404,267.116,173.274,296.92,113.686,279.578,123.415,260.724,141.63,283.546,155.47,304.154
UNKNOWN,261009-133914-UNKNOWN-1,142.023,377.958,197.198,361.623,243.238,328.126,279.546,299.451,303.42,281.423,212.208,268.651,230.198,224.731,224.495,245.918,216.403,263.938,182.099,256.201,199.529,204.667,210.235,177.694,219.879,151.661,150.575,253.975,160.763,209.997,165.229,239.32,168.169,267.949,118.283,258.278,117.706,217.448,117.894,190.744,120.525,166.462
UNKNOWN,261009-133914-UNKNOWN-1,145.929,368.784,195.203,352.951,236.868,316.718,252.835,278.495,257.877,247.402,223.108,259.467,235.761,226.065,232.679,251.829,226.592,278.724,191.51,251.186,205.058,218.294,203.455,255.263,198.299,286.442,159.596,248.966,169.694,211.044,174.954,241.6,176.261,270.435,127.432,253.414,122.3,209.827,124.108,183.409,127.879,158.084
UNKNOWN,261009-133914-UNKNOWN-1,144.503,370.657,196.606,353.58,231.64,319.248,233.273,276.153,218.032,241.789,228.399,262.966,240.011,236.496,232.871,255.155,224.654,278.515,195.701,256.379,208.277,225.366,205.555,265.106,203.001,292.732,164.173,251.858,172.689,222.932,180.548,257.198,181.465,288.321,133.869,251.584,121.507,211.148,112.598,183.856,104.062,156.974
UNKNOWN,261009-133914-UNKNOWN-1,143.097,375.241,190.755,360.411,230.629,327.972,234.579,282.419,218.467,248.408,229.575,269.611,242.341,239.945,236.227,250.622,227.587,271.8,197.501,259.912,209.487,230.16,206.394,265.842,202.22,294.31,166.525,254.721,173.903,224.943,179.797,257.977,179.57,288.254,135.594,255.014,122.974,213.575,114.243,186.024,106.285,158.962
UNKNOWN,261009-133914-UNKNOWN-1,145.07,377.344,192.493,361.067,230.878,327.616,234.903,282.57,218.842,248.407,228.728,269.758,241.475,240.787,235.311,254.645,227.144,276.619,197.156,260.848,209.767,231.776,207.692,267.472,204.007,294.811,166.396,255.877,174.573,225.336,181.289,259.386,181.291,290.276,135.817,256.484,123.633,215.258,115.264,187.539,107.407,160.177
UNKNOWN,261009-133914-UNKNOWN-1,142.65,377.043,192.784,360.263,230.997,327.837,234.489,283.308,217.604,248.396,228.221,269.257,240.575,241.87,235.305,254.988,226.839,276.098,196.459,261.108,208.757,231.983,207.691,268.713,204.773,296.992,165.194,255.776,172.873,227.204,180.894,260.533,181.38,291.512,134.012,255.323,122.424,213.434,114.442,185.711,106.746,159.298
UNKNOWN,261009-133914-UNKNOWN-1,142.564,372.836,195.554,356.46,230.471,324.654,234.156,283.587,215.82,249.257,227.233,267.714,240.54,243.028,234.338,259.972,225.475,280.648,195.025,261.435,208.229,232.569,207.096,269.989,205.362,296.473,163.192,255.866,172.443,230.358,181.204,263.92,181.95,294.469,132.675,254.113,123.065,212.821,115.223,185.02,107.068,159.355
UNKNOWN,261009-133914-UNKNOWN-1,140.982,372.277,196.412,354.86,230.467,323.825,233.993,284.476,215.641,249.145,225.729,267.731,240.297,242.696,236.344,258.283,228.295,279.262,193.347,262.828,209.038,232.232,208.046,269.8,206.307,296.795,162.093,257.139,172.877,232.597,181.516,265.959,181.552,296.007,132.188,254.335,123.978,212.677,116.555,184.241,108.342,158.78
UNKNOWN,261009-133914-UNKNOWN-1,140.215,373.187,196.254,355.106,229.727,323.143,233.314,284.536,216.666,248.806,221.973,267.655,235.993,243.278,237.423,250.198,232.317,267.605,190.325,262.728,206.905,232.806,209.207,268.635,209.256,297.599,159.938,257.041,171.189,232.685,182.259,264.58,183.962,295.417,130.36,254.914,123.08,213.074,115.477,183.886,106.622,159.034
UNKNOWN,261009-133914-UNKNOWN-1,140.615,370.872,197.247,352.754,228.975,322.328,231.717,286.529,215.284,249.82,223.85,264.949,238.479,242.043,237.147,252.667,229.208,272.432,190.371,261.145,208.357,232.103,208.001,269.948,206.245,297.766,159.281,255.819,171.097,234.003,181.326,266.734,182.628,295.739,129.928,252.953,122.474,211.85,114.157,183.913,104.983,159.003
UNKNOWN,261009-133914-UNKNOWN-1,139.925,370.829,198.495,351.438,230.19,319.964,233.258,284.414,217.433,248.205,221.605,264.325,235.717,241.682,234.26,257.361,226.851,279.347,187.855,262.053,207.358,231.767,206.643,271.625,204.22,300.239,157.381,257.487,170.812,235.433,179.782,271.265,179.872,300.696,129.027,254.373,122.617,212.116,114.993,184.034,106.296,158.195
UNKNOWN,261009-133914-UNKNOWN-1,141.524,375.78,193.858,358.758,228.749,326.753,234.211,285.673,218.235,250.055,222.731,268.456,237.611,243.046,235.23,254.937,227.731,275.413,191.3,262.266,207.284,231.977,206.543,272.099,204.058,300.864,160.652,258.042,171.529,232.125,180.968,266.809,181.799,297.86,130.512,257.926,120.117,214.543,113.184,184.946,105.959,157.606
UNKNOWN,261009-133914-UNKNOWN-1,140.336,373.368,195.754,355.989,231.131,324.256,234.277,284.205,216.14,249.814,222.984,266.292,239.046,241.192,236.615,255.801,229.227,276.762,190.488,261.342,208.574,230.525,208.176,270.312,205.699,298.767,159.692,256.965,172.751,235.36,181.689,270.071,181.442,299.024,129.872,255.32,121.167,212.32,113.879,183.953,105.964,157.629
UNKNOWN,261009-133914-UNKNOWN-1,150.293,379.979,194.547,362.59,238.819,328.559,246.812,283.846,226.761,254.317,218.849,268.938,236.078,235.384,235.803,252.884,232.764,275.997,192.266,261.491,208.991,225.985,214.327,259.262,213.619,289.293,163.553,258.658,175.781,224.948,184.606,260.786,185.461,292.299,133.471,260.621,118.919,216.64,109.889,187.453,101.285,158.843
UNKNOWN,261009-133914-UNKNOWN-1,156.509,374.092,200.732,356.999,241.49,320.847,251.985,278.058,230.699,255.731,217.255,263.603,236.765,233.672,235.005,261.441,228.712,288.884,191.916,256.306,209.304,226.367,214.9,264.175,212.703,296.379,163.261,254.34,178.861,225.295,192.147,260.596,194.013,291.727,134.25,256.848,118.798,213.607,109.064,186.073,98.564,159.57
UNKNOWN,261009-133914-UNKNOWN-1,157.578,374.756,202.372,353.553,238.902,319.406,251.046,280.204,234.863,255.093,216.244,265.037,235.155,236.982,233.899,265.649,228.037,293.602,192.705,257.81,209.991,228.048,216.276,267.299,215.629,300.429,164.698,254.701,181.27,227.221,195.593,261.949,198.436,292.968,134.637,255.964,119.683,211.682,110.249,183.76,100.606,157.673
UNKNOWN,261009-133914-UNKNOWN-3,447.122,423.351,407.383,415.488,371.655,392.839,352.458,372.024,357.824,346.124,385.846,320.14,363.171,297.906,361.592,319.733,368.959,341.041,411.477,302.562,393.634,252.345,382.884,218.879,374.014,186.139,441.892,302.143,441.978,251.171,442.703,216.904,440.319,184.655,473.646,316.551,496.112,280.562,512.499,255.603,524.938,231.577
UNKNOWN,261009-133914-UNKNOWN-3,447.348,423.325,407.809,414.85,372.534,392.943,353.682,372.332,358.245,346.071,387.092,320.061,362.877,298.045,359.898,317.589,367.022,337.26,412.205,302.689,393.48,252.138,382.651,218.522,374.079,185.948,442.313,302.396,442.153,251.116,442.834,216.63,440.601,184.292,473.651,317.053,496.034,281.146,512.231,255.734,524.568,231.284
UNKNOWN,261009-133914-UNKNOWN-3,446.196,422.592,407.059,414.676,371.475,393.112,353.15,371.791,357.355,345.075,384.978,319.539,361.754,297.599,360.488,316.368,368.61,335.797,410.44,302.067,391.861,251.597,381.449,218.686,373.143,186.921,440.979,301.872,440.507,250.425,441.16,216.215,438.82,183.927,472.937,316.763,494.657,280.73,510.517,255.629,522.409,231.126
UNKNOWN,261009-133914-UNKNOWN-3,445.912,422.182,405.697,413.996,370.235,391.774,352.238,370.556,357.526,344.734,384.51,319.321,361.462,297.386,360.193,317.645,368.352,338.109,410.119,302.042,391.362,252.339,380.935,219.342,372.242,186.414,440.631,301.818,439.93,251.145,440.85,217.033,438.497,184.527,472.467,316.315,494.035,280.419,509.992,255.351,522.02,230.931
UNKNOWN,261009-133914-UNKNOWN-3,445.863,421.62,406.132,413.975,370.72,391.613,352.397,370.244,357.743,344.092,385.162,318.633,362.232,296.782,360.886,318.122,368.634,339.038,410.47,300.979,392.508,251.462,381.676,218.716,372.596,186.537,440.645,300.579,440.931,249.953,441.537,215.87,439.017,183.72,472.076,315.107,494.126,279.448,510.041,254.468,522.017,230.31
UNKNOWN,261009-133914-UNKNOWN-3,445.902,421.954,406.051,413.783,371.03,391.441,353.275,370.06,356.971,343.678,385.385,318.397,362.768,296.043,359.884,314.796,366.478,334.566,410.561,301.025,392.235,251.41,381.416,218.794,372.521,187.355,440.709,300.697,440.594,249.639,441.182,215.533,438.471,183.663,472.259,315.358,493.868,279.259,509.233,254.05,520.671,229.86
UNKNOWN,261009-133914-UNKNOWN-3,445.392,421.254,406.053,412.606,371.2,390.966,353.861,370.0,358.085,343.634,385.401,318.2,363.02,295.782,361.179,314.006,368.804,333.493,410.657,300.946,392.426,251.288,381.945,218.536,373.4,186.649,440.797,300.657,440.709,249.447,441.539,215.228,439.093,183.195,472.449,315.238,494.202,279.051,509.793,253.838,521.45,229.594
UNKNOWN,261009-133914-UNKNOWN-3,445.842,421.397,406.597,412.793,371.674,389.934,354.304,368.784,358.9,342.889,386.282,317.819,364.624,294.934,363.146,312.585,370.329,331.782,411.443,300.735,392.957,250.851,382.979,218.003,374.927,186.314,441.534,300.611,441.567,249.578,443.03,215.424,441.042,183.131,473.212,315.256,494.973,279.232,510.696,254.28,522.347,230.052
UNKNOWN,261009-133914-UNKNOWN-3,446.035,421.574,406.396,411.676,371.882,388.722,355.687,367.086,359.219,340.977,385.722,317.317,362.636,293.724,362.647,311.251,371.712,330.329,411.326,300.354,392.978,250.475,383.008,217.322,374.786,185.477,441.438,300.092,441.865,249.114,443.256,214.667,441.352,182.399,472.785,314.639,494.248,278.076,509.529,252.565,520.992,228.058
UNKNOWN,261009-133914-UNKNOWN-3,446.361,419.51,406.399,410.043,371.477,386.184,354.473,363.965,357.896,337.48,385.869,315.722,363.549,290.72,362.225,307.099,369.421,325.711,411.103,298.636,392.777,248.309,382.78,215.47,374.465,184.181,441.227,298.235,440.662,247.259,441.993,213.212,440.003,181.214,472.85,312.4,493.441,276.019,508.274,250.749,519.343,226.392
UNKNOWN,261009-133914-UNKNOWN-3,445.619,416.529,406.058,406.969,371.328,381.931,353.805,357.475,359.349,330.439,385.935,312.707,365.868,285.64,366.339,301.177,374.651,320.009,410.792,296.431,393.548,246.29,383.818,214.124,375.709,183.277,440.43,296.194,439.367,246.001,440.012,212.382,437.803,180.714,471.833,310.043,491.869,273.455,506.693,248.135,518.006,223.718
UNKNOWN,261009-133914-UNKNOWN-3,446.057,415.243,405.578,401.37,371.6,370.962,356.927,341.403,364.864,313.211,389.798,308.357,371.065,277.433,367.873,286.344,371.858,302.716,414.953,294.361,398.526,244.464,388.762,213.488,380.293,185.86,444.538,294.614,439.562,246.776,434.675,215.335,428.092,186.374,475.266,307.07,491.088,268.833,503.735,243.351,513.466,219.208
UNKNOWN,261009-133914-UNKNOWN-3,446.39,409.48,405.133,398.89,372.843,364.812,361.25,331.082,375.56,303.292,391.446,306.439,375.098,272.497,371.379,279.438,372.959,290.375,415.198,294.658,403.169,246.972,388.082,217.749,377.821,193.587,442.701,295.421,444.062,248.413,432.455,262.553,422.518,279.238,471.605,305.005,486.934,265.538,497.629,239.078,505.504,213.674
UNKNOWN,261009-133914-UNKNOWN-3,446.88,411.158,406.612,399.887,373.721,364.667,365.408,329.063,378.536,299.644,390.897,307.293,375.773,271.308,373.852,276.351,375.816,284.434,413.094,296.144,400.354,247.221,387.528,218.291,380.509,191.961,439.092,296.641,439.456,249.376,426.41,269.697,416.239,290.789,467.302,304.656,480.512,265.016,490.262,238.709,497.615,213.144
UNKNOWN,261009-133914-UNKNOWN-3,446.56,409.487,408.074,399.181,376.11,366.829,365.787,332.166,380.068,303.399,389.245,307.773,374.608,274.454,377.008,283.426,383.033,295.037,411.155,296.975,398.692,248.855,386.936,218.981,380.665,192.114,436.475,297.405,436.466,253.658,423.24,270.39,412.79,288.594,464.008,304.545,477.186,266.298,487.537,241.318,495.298,217.648
UNKNOWN,261009-133914-UNKNOWN-3,445.48,410.951,407.849,400.214,375.357,368.917,364.738,334.451,380.844,306.321,388.427,308.849,373.993,275.228,378.152,286.204,385.834,299.368,410.833,297.923,398.108,249.994,386.599,220.173,380.657,193.201,436.445,298.689,436.185,254.854,423.997,272.895,414.472,291.735,464.501,306.469,478.734,268.45,490.44,243.76,499.605,220.082
UNKNOWN,261009-133914-UNKNOWN-3,446.081,412.025,408.715,402.211,375.364,369.158,366.345,333.554,383.36,306.509,389.386,310.292,374.696,276.555,379.135,287.657,386.547,300.679,411.902,298.964,398.798,251.119,387.319,220.774,381.356,193.727,437.579,299.637,436.871,256.558,423.984,272.695,413.633,290.206,465.431,307.262,480.233,269.288,492.613,244.112,502.559,220.346
UNKNOWN,261009-133914-UNKNOWN-3,446.629,412.358,408.722,401.479,376.595,370.074,367.356,335.844,382.881,307.543,389.743,311.134,375.466,277.603,378.705,287.845,385.099,300.105,412.299,299.779,399.821,251.809,388.755,221.621,383.37,194.313,438.092,300.288,438.344,256.542,425.929,273.696,416.122,291.993,466.183,307.86,481.267,270.242,493.786,245.191,503.882,221.325
UNKNOWN,261009-133914-UNKNOWN-3,446.795,412.051,409.437,402.329,376.919,371.088,366.991,336.714,382.6,308.506,389.934,311.853,375.46,278.2,378.082,288.053,384.21,300.515,412.281,300.417,399.329,252.437,387.157,222.631,380.528,195.771,437.878,300.819,437.956,256.792,424.594,273.116,413.92,290.876,465.74,308.359,480.378,270.482,492.723,245.214,502.782,221.358
UNKNOWN,261009-133914-UNKNOWN-3,446.296,412.113,408.315,401.832,376.088,369.431,367.855,334.538,384.112,307.217,389.702,310.882,374.951,277.68,375.933,285.651,380.498,296.584,411.738,299.399,398.734,252.201,386.443,222.336,380.187,195.937,437.122,300.027,437.719,256.416,424.816,273.578,414.68,292.231,464.908,307.728,479.808,269.773,491.682,244.436,500.974,220.509
UNKNOWN,261009-133914-UNKNOWN-3,446.678,412.95,408.817,402.932,376.152,370.457,368.053,335.169,384.5,307.633,389.351,311.561,375.127,278.316,377.374,286.677,382.916,297.616,411.629,300.114,397.981,253.395,385.71,223.972,379.364,197.992,437.413,300.516,436.993,257.213,424.024,273.721,413.808,291.951,465.674,307.762,479.93,269.759,491.308,244.701,500.091,221.103
UNKNOWN,261009-133914-UNKNOWN-3,447.013,413.682,408.864,402.896,375.518,370.718,367.114,335.41,383.124,307.82,388.697,312.285,373.631,279.083,375.888,287.427,381.579,298.152,410.576,300.884,396.436,254.259,384.182,225.306,377.898,199.793,436.353,300.946,435.846,257.972,422.728,274.1,412.635,292.503,464.372,308.189,478.818,270.112,489.814,244.935,498.36,221.463
UNKNOWN,261009-133914-UNKNOWN-3,446.484,413.587,408.667,404.06,375.142,371.263,365.042,336.188,382.161,309.19,388.148,311.242,373.404,278.234,376.978,287.935,383.685,299.863,410.539,299.851,396.466,253.649,383.942,224.765,377.382,199.599,436.398,300.414,435.201,257.367,422.046,274.498,411.817,293.23,464.651,307.917,478.655,269.731,489.793,244.396,498.322,220.235
UNKNOWN,261009-133914-UNKNOWN-3,446.944,413.192,407.285,403.413,374.594,365.94,368.178,327.872,388.636,303.413,394.647,312.99,380.069,280.468,380.502,281.884,384.934,289.505,416.689,301.708,406.239,261.46,391.42,238.334,382.101,221.003,441.249,301.485,439.94,256.875,426.228,274.043,415.956,292.861,468.151,307.737,483.038,269.787,494.242,243.325,502.65,218.293
UNKNOWN,261009-133914-UNKNOWN-3,445.235,414.054,403.921,398.39,374.556,364.55,366.707,329.703,381.281,301.805,389.679,311.338,379.524,278.37,378.081,274.825,379.792,283.956,414.182,301.618,411.141,254.869,405.516,253.47,404.76,267.246,440.557,300.672,437.146,262.637,419.699,281.822,408.407,306.393,467.36,307.134,480.352,269.114,487.572,242.235,491.996,218.579
UNKNOWN,261009-133914-UNKNOWN-3,445.266,412.415,404.431,397.65,374.891,363.373,368.391,327.348,387.043,302.017,390.502,311.602,378.811,279.221,376.992,274.282,378.747,281.858,415.027,301.852,411.972,256.804,407.174,256.55,406.815,270.567,440.899,300.599,436.965,262.864,422.007,285.333,412.918,311.937,467.457,306.105,480.57,268.964,487.515,241.671,491.017,217.256
UNKNOWN,261009-133914-UNKNOWN-3,446.239,413.398,407.141,400.469,376.233,364.64,369.775,327.104,391.003,305.293,389.883,312.731,379.149,278.938,377.131,276.963,379.816,288.786,414.715,303.318,411.521,258.091,405.805,263.72,405.653,282.397,441.118,302.235,437.514,264.71,422.775,289.335,414.008,317.094,468.042,307.866,481.516,270.791,489.587,243.819,494.492,218.953
UNKNOWN,261009-133914-UNKNOWN-3,447.973,416.58,408.635,404.161,377.621,369.217,371.218,332.135,390.741,307.52,390.718,317.14,379.949,283.669,377.464,282.692,379.448,293.976,414.947,306.877,410.562,263.966,405.098,265.93,405.436,279.776,441.291,305.525,436.881,269.904,423.19,295.553,416.137,323.448,468.392,310.777,483.497,274.255,493.89,247.491,501.723,222.763
UNKNOWN,261009-133914-UNKNOWN-3,446.721,416.325,408.388,404.026,378.76,371.483,369.763,336.659,388.108,309.956,389.199,319.143,378.496,288.074,377.782,284.35,380.52,293.822,413.796,308.264,410.834,266.857,405.286,262.327,404.92,270.771,440.354,306.98,436.94,272.071,422.379,296.992,413.663,324.199,468.011,312.277,482.487,276.003,493.629,249.354,501.793,225.333
UNKNOWN,261009-133914-UNKNOWN-3,447.241,416.917,408.838,404.164,379.035,371.522,370.2,336.357,388.699,309.61,389.433,318.755,378.443,288.012,378.116,285.888,381.778,295.478,414.004,308.087,410.237,267.132,404.948,264.007,405.316,272.586,440.624,306.79,437.08,271.57,423.146,296.17,415.357,322.983,468.335,312.174,483.066,275.892,494.192,249.51,502.37,225.538
UNKNOWN,261009-133914-UNKNOWN-3,447.452,416.955,408.941,405.416,378.43,372.168,370.79,336.826,389.827,311.173,389.861,318.423,380.459,286.785,379.287,286.045,381.944,296.369,414.549,308.156,410.749,265.945,405.341,266.109,405.745,277.62,441.284,307.101,437.443,271.82,423.418,297.657,415.412,325.171,468.888,312.816,484.242,276.518,495.868,250.374,504.435,226.195
UNKNOWN,261009-133914-UNKNOWN-3,447.934,416.152,408.739,405.211,378.148,372.057,370.416,336.335,389.663,310.574,390.419,318.923,379.99,288.236,379.671,286.177,383.208,295.41,414.855,308.136,410.608,267.209,405.459,263.375,406.189,271.643,441.087,307.03,437.391,272.102,423.491,297.238,415.767,324.337,468.527,312.547,483.812,276.604,495.556,250.429,504.28,226.356
UNKNOWN,261009-133914-UNKNOWN-3,447.27,415.129,408.701,403.551,378.996,371.946,369.732,336.945,387.716,310.186,389.46,318.388,378.967,288.098,378.125,285.278,381.218,294.325,414.16,307.503,410.032,265.918,404.594,263.262,404.959,272.911,440.729,306.234,436.989,271.588,423.182,296.402,415.46,323.223,468.469,311.752,483.505,275.748,495.111,249.616,503.635,225.838
UNKNOWN,261009-133914-UNKNOWN-3,447.286,414.335,407.76,403.664,376.765,371.503,368.805,336.664,387.101,310.453,388.849,317.662,378.72,288.051,377.653,283.918,380.278,291.771,413.616,306.479,409.745,264.866,404.337,260.226,404.782,269.19,440.079,305.172,435.928,270.729,421.802,296.316,413.902,323.86,467.701,310.704,482.803,274.735,494.1,248.631,502.205,224.663
UNKNOWN,261009-133914-UNKNOWN-3,446.487,417.866,406.931,402.068,374.969,373.607,365.462,338.968,378.478,311.183,387.249,316.997,377.496,285.741,373.821,279.583,376.701,288.956,412.082,306.712,402.116,261.203,396.723,264.598,399.059,286.213,437.63,305.214,433.11,267.566,423.993,277.669,418.959,299.151,465.207,310.818,468.139,277.62,461.701,264.308,452.789,261.523
UNKNOWN,261009-133914-UNKNOWN-3,447.58,414.244,406.361,402.64,372.65,369.163,365.99,331.347,379.743,302.232,392.079,315.773,377.519,278.157,374.627,281.461,376.49,290.782,417.205,308.252,404.136,256.913,390.516,233.011,381.611,212.825,443.633,312.95,433.588,267.221,421.762,296.658,415.473,323.49,471.347,324.851,452.854,305.791,441.224,332.317,436.204,355.991
UNKNOWN,261009-133914-UNKNOWN-3,449.201,413.922,408.05,402.433,373.927,370.56,365.711,333.46,379.48,304.706,394.852,314.214,380.626,276.669,375.154,281.633,375.442,292.078,418.866,307.86,404.203,251.793,391.131,223.53,384.744,199.054,445.0,313.948,435.996,268.03,421.424,296.198,413.495,322.723,472.249,327.853,453.477,306.474,441.005,332.226,435.6,356.433
UNKNOWN,261009-133914-UNKNOWN-3,448.968,414.401,408.737,403.697,374.787,372.271,367.067,336.23,381.686,308.093,394.697,314.632,381.121,275.716,378.717,287.167,382.483,302.855,419.187,308.419,404.596,251.364,393.074,223.033,388.11,197.693,445.736,314.345,438.75,268.522,424.3,298.926,415.858,327.136,473.42,327.739,455.388,308.523,443.221,335.204,437.634,359.263
UNKNOWN,261009-133914-UNKNOWN-3,448.913,417.615,408.457,405.43,375.001,374.12,368.813,338.525,383.661,310.997,395.24,315.606,382.306,280.237,378.247,289.424,380.148,301.487,418.996,310.584,402.84,255.974,389.495,226.623,382.97,200.27,445.295,317.585,435.394,275.453,418.983,304.132,409.93,330.938,471.781,332.008,448.698,312.821,432.746,338.57,424.724,362.622
UNKNOWN,261009-133914-UNKNOWN-3,448.036,417.792,406.916,404.095,375.244,372.643,370.63,336.223,387.578,308.377,396.097,316.771,384.413,282.897,382.763,293.748,385.641,306.032,419.266,311.823,403.934,255.564,390.294,225.453,383.787,198.382,445.257,318.941,434.177,277.389,414.615,307.516,404.466,335.317,470.903,333.659,446.482,312.982,428.742,337.999,419.96,361.508
UNKNOWN,261009-133914-UNKNOWN-3,448.227,418.414,407.434,404.615,376.107,373.795,370.112,338.407,385.037,310.657,396.551,316.073,386.008,283.219,384.149,292.881,386.545,304.211,419.891,310.98,405.111,255.634,392.176,225.786,385.772,199.478,445.801,318.342,435.762,276.876,416.555,306.062,405.66,333.363,471.202,333.882,447.161,313.898,429.306,338.745,419.53,362.037
UNKNOWN,261009-133914-UNKNOWN-3,448.913,418.963,409.018,404.113,377.54,372.266,370.191,336.497,386.104,308.721,396.302,316.771,383.564,280.11,382.252,292.455,386.58,306.634,419.146,312.052,404.565,256.027,391.966,226.742,386.149,199.819,444.968,319.129,436.212,276.602,417.349,308.205,406.71,336.436,470.103,333.895,446.926,313.314,429.484,338.1,420.363,361.196
UNKNOWN,261009-133914-UNKNOWN-3,449.429,418.921,409.01,404.266,377.07,373.119,369.736,337.576,385.55,310.368,397.234,316.455,385.615,281.336,383.631,292.128,386.902,304.574,420.002,311.927,404.962,256.781,391.759,227.264,385.542,200.415,445.595,318.967,435.948,277.567,416.162,308.639,405.173,336.925,470.496,333.512,446.374,314.484,428.436,339.638,419.162,362.745
UNKNOWN,261009-133914-UNKNOWN-3,447.78,417.921,408.273,402.62,375.717,371.691,367.627,336.532,384.301,309.545,395.96,315.033,384.816,280.569,383.304,293.163,386.341,306.092,419.2,310.912,404.778,256.046,392.476,226.613,386.59,199.338,445.053,318.505,434.887,279.892,415.502,310.048,404.324,337.29,469.975,333.499,446.85,313.591,428.242,336.962,417.668,359.1
UNKNOWN,261009-133914-UNKNOWN-3,447.197,419.438,405.365,403.743,370.374,367.438,359.717,332.269,362.664,306.85,392.817,314.261,382.822,274.969,383.766,293.874,388.764,314.327,417.007,310.354,406.168,255.752,394.079,227.401,387.321,201.38,442.482,317.596,436.618,277.461,417.446,305.728,404.19,331.795,467.405,332.28,448.631,312.47,429.85,334.446,417.89,355.535
UNKNOWN,261009-133914-UNKNOWN-3,443.987,417.873,396.785,400.674,353.852,364.289,324.696,334.903,300.207,319.17,395.107,310.26,387.375,272.546,389.41,293.469,395.735,313.602,419.864,306.984,411.457,255.581,403.121,228.094,400.161,201.416,445.119,315.12,438.565,279.024,421.025,306.348,410.442,331.189,470.58,330.501,453.652,309.877,435.982,333.106,426.216,355.881
UNKNOWN,261009-133914-UNKNOWN-3,444.024,416.496,397.25,399.865,353.248,365.935,321.164,343.788,295.081,335.994,396.722,310.383,388.728,272.505,388.776,289.183,393.28,306.154,420.728,307.255,411.155,254.61,401.625,227.181,397.581,201.076,445.963,315.11,438.154,276.56,421.946,305.443,412.665,330.948,471.424,330.294,452.889,308.297,436.03,332.704,427.655,355.916
UNKNOWN,261009-133914-UNKNOWN-3,444.131,418.06,399.175,400.256,355.872,367.051,323.597,346.324,296.523,341.332,398.193,309.658,393.103,271.283,393.73,284.532,397.535,298.028,423.115,307.002,416.309,252.025,407.79,222.731,404.47,195.237,449.279,315.908,443.542,274.912,425.729,302.808,415.347,328.473,475.33,332.698,460.111,308.08,442.482,331.028,432.767,354.212
UNKNOWN,261009-133914-UNKNOWN-3,445.827,418.612,401.025,403.983,357.43,370.874,325.403,351.078,299.616,347.06,400.123,311.244,396.383,269.594,399.06,284.454,404.002,300.389,425.841,308.679,419.918,253.85,413.593,224.259,411.198,196.769,452.398,317.769,449.556,278.009,434.034,304.663,423.761,329.51,478.409,334.694,464.42,312.769,447.38,335.666,437.268,358.789
UNKNOWN,261009-133914-UNKNOWN-3,448.964,419.225,403.119,405.245,358.642,371.998,325.461,352.088,299.494,348.334,401.619,312.411,399.777,269.286,401.512,284.118,404.692,300.676,428.383,309.975,425.218,253.59,419.278,223.293,416.565,196.236,455.307,319.124,453.202,279.027,437.179,305.393,426.68,330.302,481.013,335.688,466.259,315.107,449.018,339.07,439.027,362.411
UNKNOWN,261009-133914-UNKNOWN-3,449.427,420.346,403.09,404.971,358.676,372.226,326.042,352.684,299.43,348.865,402.072,313.198,399.633,270.604,401.175,284.582,404.55,300.197,428.624,310.438,424.011,253.346,417.725,223.096,415.502,195.306,455.626,319.366,450.034,282.93,434.498,314.31,425.492,341.489,481.254,336.156,464.725,315.608,447.443,340.299,438.303,363.625
UNKNOWN,261009-133914-UNKNOWN-3,448.613,420.737,403.071,404.68,359.076,372.413,326.495,352.496,299.69,347.557,402.562,312.192,400.098,270.196,402.303,286.128,406.323,302.728,429.07,310.139,424.325,253.063,418.164,222.869,415.83,194.712,455.883,319.773,449.741,281.839,433.87,312.183,424.446,338.627,481.594,337.149,464.9,315.588,447.296,339.974,437.716,363.067
UNKNOWN,261009-133914-UNKNOWN-3,449.043,421.335,403.172,406.424,358.274,373.279,325.696,353.551,298.829,349.059,401.895,312.873,400.313,269.745,400.278,285.074,401.984,302.229,428.453,310.44,425.2,252.756,418.768,222.497,415.804,195.196,455.279,320.11,449.182,283.224,433.533,313.183,424.177,339.358,480.892,337.587,464.536,317.489,446.162,341.723,435.929,364.461
UNKNOWN,261009-133914-UNKNOWN-3,448.934,421.383,402.815,405.305,357.872,372.587,323.476,352.545,295.221,347.393,400.78,312.519,400.376,267.893,401.33,279.798,403.367,294.753,427.46,310.422,425.062,252.061,418.819,221.234,416.323,193.616,454.522,319.931,449.496,282.98,432.337,311.65,421.816,337.33,480.13,336.976,464.119,316.981,446.272,340.552,436.451,363.065
UNKNOWN,261009-133914-UNKNOWN-3,448.166,421.303,401.991,405.184,356.983,371.849,322.714,352.549,294.315,347.304,400.574,311.511,399.038,269.299,400.06,282.141,402.52,297.049,427.505,309.6,424.621,252.87,418.136,222.151,415.318,194.457,454.638,319.618,448.445,283.18,432.05,311.792,422.339,337.299,479.921,337.443,462.675,317.828,444.597,342.032,434.82,364.768
UNKNOWN,261009-133914-UNKNOWN-3,447.738,423.471,401.39,406.4,356.105,372.657,321.845,352.492,293.279,345.715,400.353,312.101,398.15,268.376,398.14,283.469,399.823,300.342,426.693,310.513,423.815,253.189,416.961,222.615,413.52,194.504,453.585,320.821,447.973,282.598,431.252,310.239,420.773,335.266,479.049,339.003,463.475,317.254,445.306,340.423,434.768,363.24
UNKNOWN,261009-133914-UNKNOWN-3,447.681,423.585,401.272,406.343,355.666,372.205,321.096,351.614,292.433,344.61,400.071,311.593,398.059,268.688,397.437,284.479,398.768,301.471,426.238,309.699,422.678,253.186,415.5,223.526,411.973,195.674,453.174,319.825,446.096,282.922,429.909,312.774,420.31,338.79,479.154,338.021,462.828,317.006,444.92,341.302,435.109,364.423
UNKNOWN,261009-133914-UNKNOWN-3,446.539,423.07,400.082,405.726,354.578,372.347,319.89,352.504,291.068,345.772,398.839,311.668,396.329,268.693,396.661,285.673,398.989,303.5,425.32,309.464,421.309,253.212,414.022,223.72,410.176,195.833,452.381,319.209,444.924,282.31,428.436,311.797,418.246,337.56,478.434,337.147,462.029,317.348,444.208,341.686,434.302,364.653
UNKNOWN,261009-133914-UNKNOWN-3,447.52,422.4,399.435,405.073,353.21,373.042,318.166,353.926,290.274,346.798,397.992,311.824,396.002,268.921,395.654,283.358,396.72,299.185,424.846,309.664,421.099,253.715,413.801,223.852,409.789,195.775,451.98,319.019,444.028,285.049,428.359,315.399,419.012,341.483,477.701,336.141,460.305,318.097,442.518,343.009,432.718,365.903
UNKNOWN,261009-133914-UNKNOWN-3,446.027,422.934,398.814,405.577,353.009,372.317,317.974,353.401,289.964,346.148,398.617,310.736,395.092,269.145,392.931,283.55,393.185,299.201,424.671,308.641,420.145,253.658,411.987,224.618,407.606,197.345,451.552,318.393,442.68,283.859,427.503,314.259,419.095,340.411,477.43,336.181,460.154,317.238,442.327,341.315,432.755,364.071
UNKNOWN,261009-133914-UNKNOWN-3,445.714,423.44,398.389,406.288,352.403,373.081,317.219,353.898,288.959,347.364,397.231,311.849,393.501,270.12,393.243,285.13,395.061,300.88,423.455,309.705,418.766,254.086,410.884,224.698,406.558,196.532,450.314,319.254,442.597,284.035,426.613,315.31,417.021,341.785,476.187,336.794,459.954,316.776,441.874,341.309,431.48,364.385
UNKNOWN,261009-133914-UNKNOWN-3,445.544,423.055,397.937,405.956,351.834,372.704,316.309,353.432,288.155,346.719,396.629,312.034,393.913,269.215,394.06,287.081,396.323,305.063,423.351,310.148,419.185,253.832,411.058,225.064,406.482,197.104,450.364,319.939,443.348,282.357,426.68,312.938,416.344,338.75,476.478,337.48,460.588,316.486,442.389,341.253,432.117,364.227
UNKNOWN,261009-133914-UNKNOWN-3,444.448,423.572,397.804,406.572,352.353,373.498,317.568,353.866,289.606,347.738,396.304,312.716,393.13,269.945,394.046,285.943,396.658,302.14,422.784,310.677,418.241,254.241,410.692,225.145,406.44,197.034,449.869,320.432,442.951,283.808,427.689,315.531,418.2,342.157,476.298,338.325,462.059,316.545,444.143,340.975,433.239,364.226
UNKNOWN,261009-133914-UNKNOWN-3,446.416,424.525,398.555,407.735,352.758,374.452,317.017,355.414,288.555,348.045,396.565,313.566,394.038,270.419,393.902,283.906,395.164,298.691,423.043,311.367,418.566,256.107,410.957,226.875,406.546,198.946,449.976,320.813,443.415,284.057,428.632,315.842,419.211,343.093,476.186,338.045,461.466,317.83,443.505,342.592,432.239,366.159
UNKNOWN,261009-133914-UNKNOWN-3,446.275,423.384,398.6,407.024,352.562,374.272,317.479,354.939,289.151,347.626,397.19,313.482,393.377,271.311,393.37,287.93,395.592,304.862,423.852,311.04,418.738,254.991,411.007,225.972,406.853,198.035,450.812,320.261,442.696,283.86,427.785,314.673,418.903,341.057,476.778,337.343,459.662,318.925,441.937,344.482,431.924,367.815
UNKNOWN,261009-133914-UNKNOWN-3,446.087,423.257,399.423,407.521,352.728,373.995,317.269,355.157,288.604,349.367,396.388,314.024,393.481,271.78,393.09,289.259,394.387,307.175,423.431,311.536,419.205,254.801,411.395,225.904,406.734,198.486,450.748,321.09,442.128,286.338,427.58,317.881,419.035,344.209,477.012,338.464,459.901,320.781,441.641,345.991,431.201,368.5
UNKNOWN,261009-133914-UNKNOWN-3,446.101,423.798,399.386,408.545,352.492,374.123,317.378,354.944,289.259,349.61,396.706,314.01,393.664,273.195,393.887,290.034,395.481,306.908,423.83,311.13,419.249,255.098,411.538,226.168,406.511,198.948,451.306,320.458,442.321,286.213,427.898,317.203,419.023,343.184,477.633,337.776,460.341,320.552,441.934,345.494,431.016,368.0
UNKNOWN,261009-133914-UNKNOWN-3,444.819,424.06,398.637,407.698,352.377,374.475,317.064,355.371,288.752,348.81,397.184,313.288,392.788,270.628,392.285,287.57,394.406,305.132,423.185,311.036,417.755,255.028,409.718,226.146,405.273,198.487,450.124,320.414,442.365,283.672,427.517,313.24,418.481,339.006,476.332,337.635,460.369,318.42,442.771,342.684,432.59,365.477
UNKNOWN,261009-133914-UNKNOWN-3,444.684,424.498,398.22,408.185,351.991,374.2,317.133,354.789,289.292,348.472,396.63,313.272,391.911,270.609,390.327,286.377,391.074,303.028,423.122,311.174,417.004,254.797,408.221,225.774,403.195,198.322,450.456,321.363,441.664,284.763,425.972,315.247,416.592,341.346,477.019,339.56,460.548,319.931,441.701,343.975,430.728,366.46
UNKNOWN,261009-133914-UNKNOWN-3,445.753,425.61,398.79,407.996,352.61,374.19,317.842,354.741,288.883,348.658,396.07,313.043,390.701,271.211,389.992,289.036,391.673,307.447,422.498,310.324,416.181,254.326,408.112,225.277,403.648,197.202,449.668,319.626,440.967,286.26,425.971,318.287,416.889,345.022,476.0,336.847,460.583,318.057,442.692,342.934,432.198,365.754
UNKNOWN,261009-133914-UNKNOWN-3,444.404,425.272,398.476,407.689,353.191,374.753,318.635,354.932,289.596,347.942,396.06,312.895,390.577,270.371,389.62,289.651,391.696,309.007,422.372,310.6,416.231,253.394,408.003,224.562,403.955,196.424,449.577,320.611,441.781,285.074,426.169,316.417,416.814,342.677,476.083,338.836,461.02,318.106,443.343,342.77,433.155,365.603
UNKNOWN,261009-133914-UNKNOWN-3,444.596,425.537,398.125,408.564,352.678,374.404,317.832,354.354,288.688,348.375,396.079,312.988,391.023,270.28,391.204,287.21,393.732,304.357,422.411,310.633,415.866,254.342,407.751,225.611,403.203,197.708,449.657,320.372,441.58,285.081,426.689,317.303,417.477,344.262,476.063,338.051,461.178,318.07,442.915,342.455,431.847,365.228
UNKNOWN,261009-133914-UNKNOWN-3,444.586,425.056,397.681,407.459,352.376,374.007,317.965,354.347,289.458,347.73,395.612,312.876,390.491,270.927,389.434,289.045,390.767,307.025,421.865,310.332,415.646,254.561,407.789,225.655,403.546,197.201,448.986,319.852,440.699,286.105,426.223,318.401,417.42,345.174,475.63,337.24,460.411,318.611,442.355,343.176,431.45,365.707
UNKNOWN,261009-133914-UNKNOWN-3,445.104,425.413,398.517,408.072,353.17,373.525,318.237,353.96,288.794,347.735,395.321,313.485,389.743,271.668,389.693,288.197,392.091,305.769,421.772,310.608,414.611,255.567,407.094,226.27,403.275,197.899,449.198,320.042,441.27,286.403,426.842,317.961,417.854,344.445,475.832,337.462,460.862,319.26,442.497,344.104,431.166,367.091
UNKNOWN,261009-133914-UNKNOWN-3,445.682,425.478,399.247,408.524,353.945,374.673,319.269,354.834,290.391,347.813,395.408,314.036,391.007,271.487,390.491,288.265,392.017,305.762,422.059,311.302,415.972,254.722,408.205,225.222,403.782,196.861,449.609,320.94,441.191,286.512,426.853,317.653,418.026,343.934,476.404,338.47,460.986,319.377,443.065,343.39,432.189,365.868
UNKNOWN,261009-133914-UNKNOWN-3,445.4,425.402,397.984,407.351,353.233,373.223,318.775,353.282,289.944,346.906,396.028,313.682,390.98,271.462,390.915,287.13,392.923,303.732,422.363,311.186,416.009,255.817,408.156,226.62,403.784,198.256,449.503,320.944,441.835,286.223,427.659,317.926,419.057,344.435,475.921,338.629,461.222,319.191,442.69,343.074,431.339,365.544
UNKNOWN,261009-133914-UNKNOWN-3,446.68,425.34,399.41,408.121,353.667,373.924,319.185,353.6,290.191,347.087,396.534,313.1,391.892,270.908,391.804,286.582,393.516,303.188,422.771,310.548,416.417,254.466,408.655,225.062,404.279,196.653,449.988,320.265,441.62,287.185,427.603,320.024,419.351,347.248,476.45,337.951,461.582,318.776,443.262,342.823,431.991,365.191
UNKNOWN,261009-133914-UNKNOWN-3,446.806,424.428,399.961,407.924,354.317,374.42,319.443,354.122,291.031,346.725,396.488,313.782,391.985,270.844,392.57,287.341,394.907,304.335,422.887,311.355,416.725,254.078,409.396,224.733,405.248,196.319,450.284,321.272,442.361,286.059,428.718,318.303,420.472,345.11,476.887,339.149,461.887,319.23,443.706,343.303,432.312,365.603
UNKNOWN,261009-133914-UNKNOWN-3,445.901,425.534,399.291,407.352,353.809,373.648,319.343,353.761,290.872,346.514,396.83,312.719,390.809,270.994,390.297,288.738,392.343,306.873,423.323,310.214,415.9,254.267,408.054,225.205,403.791,196.784,450.779,320.098,441.112,286.892,427.021,319.149,418.812,345.687,477.719,338.048,462.509,318.097,444.23,341.819,433.224,364.098
UNKNOWN,261009-133914-UNKNOWN-3,445.707,424.425,399.437,407.69,353.867,374.471,319.33,354.285,290.825,346.536,396.856,312.477,390.731,270.28,390.695,288.001,393.022,305.782,423.268,310.171,415.64,253.292,407.536,224.051,403.177,195.414,450.745,320.277,441.509,285.239,426.556,316.661,417.549,342.695,477.519,338.497,460.741,319.166,442.135,343.322,430.924,365.608
UNKNOWN,261009-133914-UNKNOWN-3,445.626,423.582,398.866,406.384,352.775,372.485,318.408,352.596,289.86,345.542,396.101,310.897,389.781,270.017,390.161,289.92,393.191,309.88,422.53,308.196,414.564,253.443,407.164,224.684,403.483,195.981,449.922,317.94,440.285,286.257,426.914,319.161,419.253,345.765,476.945,335.692,460.96,317.868,442.804,342.622,432.228,364.882
UNKNOWN,261009-133914-UNKNOWN-3,446.167,423.985,399.246,406.449,353.241,373.091,318.81,353.285,290.34,345.419,396.733,311.027,389.416,270.572,388.556,289.946,390.606,309.164,422.925,308.577,414.664,253.531,406.627,224.621,402.473,195.829,450.179,318.663,440.146,285.881,426.123,318.63,418.243,345.44,476.984,336.805,460.739,317.943,442.487,342.152,431.715,364.54
UNKNOWN,261009-133914-UNKNOWN-3,444.957,423.43,398.112,406.084,352.681,372.531,318.6,352.724,290.594,345.689,396.5,310.98,389.327,269.551,388.518,287.575,390.609,305.644,422.831,308.684,414.851,252.744,406.635,223.968,402.354,195.793,450.248,318.907,440.377,285.067,426.257,318.011,418.386,344.953,476.958,337.232,460.626,317.97,442.515,341.884,432.117,363.882
UNKNOWN,261009-133914-UNKNOWN-3,445.456,423.773,398.454,407.346,352.045,372.652,317.245,352.378,289.246,346.034,395.66,312.049,389.646,270.26,389.849,288.652,392.915,307.601,422.083,309.472,414.338,253.786,406.912,224.757,403.252,196.222,449.528,319.346,441.084,286.058,428.06,319.1,420.378,346.108,476.517,336.989,461.644,318.236,442.989,342.15,431.234,364.059
ROCK,261009-145659-ROCK-1,499.227,392.303,456.191,385.46,419.835,358.551,422.52,325.622,445.282,301.171,422.3,287.494,406.949,235.27,399.775,203.345,394.591,175.033,452.185,283.127,446.648,261.188,451.115,300.92,455.069,329.924,481.965,282.102,478.897,256.663,478.21,293.152,477.755,319.582,511.046,283.118,520.917,241.947,525.875,215.476,528.514,186.628
ROCK,261009-145659-ROCK-1,500.549,394.847,458.176,387.227,422.29,359.719,427.656,326.941,449.807,303.808,423.18,288.242,408.189,236.754,401.045,204.999,394.935,176.495,453.014,283.746,448.762,261.1,453.639,300.103,456.997,328.125,482.784,283.017,481.248,257.326,480.58,292.97,479.694,318.995,511.713,284.792,520.861,242.641,525.576,216.287,528.124,188.081
ROCK,261009-145659-ROCK-1,502.645,394.16,459.996,386.954,424.522,358.834,428.51,324.591,449.984,300.197,424.843,287.985,409.169,236.071,402.364,203.934,396.791,175.524,454.972,283.273,452.053,259.969,457.192,298.399,460.334,327.421,485.054,282.027,484.157,254.615,483.813,289.721,483.045,316.641,514.28,283.707,523.18,241.966,527.678,215.471,529.853,187.316
ROCK,261009-145659-ROCK-1,504.025,392.821,460.911,385.864,424.651,359.253,428.442,326.137,451.225,302.041,426.192,287.211,410.646,235.645,403.92,203.595,398.656,174.902,456.507,282.51,453.578,259.673,458.439,299.277,461.603,329.232,486.565,281.425,485.89,254.946,485.182,290.981,484.157,318.226,515.562,283.137,525.226,241.908,529.815,215.619,532.067,187.582
ROCK,261009-145659-ROCK-1,498.483,393.257,454.628,385.304,415.383,355.408,412.268,322.888,437.387,305.525,429.452,285.588,418.521,232.247,413.642,200.591,409.232,172.097,458.175,283.562,450.571,260.608,451.816,299.306,454.351,328.565,486.962,284.857,481.578,258.016,478.331,293.313,477.097,320.276,516.393,288.819,527.612,246.99,533.05,220.151,536.411,191.413
ROCK,261009-145659-ROCK-1,494.451,388.197,451.554,379.012,415.166,351.658,405.263,322.659,428.458,304.87,433.778,279.902,424.774,226.603,420.407,195.619,416.666,168.299,459.961,279.117,443.375,262.308,443.431,301.345,447.223,329.113,486.009,282.11,472.728,260.39,468.923,295.922,468.854,321.448,512.459,287.694,523.016,247.593,528.706,221.302,531.971,192.054
ROCK,261009-145659-ROCK-1,493.902,388.126,450.49,377.819,414.773,349.186,404.966,320.613,425.464,303.208,436.566,279.685,428.387,226.632,424.233,196.017,419.941,169.201,461.522,279.734,444.355,263.898,443.641,303.574,447.036,331.559,486.508,283.102,472.467,260.239,468.146,295.883,467.98,321.564,512.377,288.846,523.474,248.355,528.746,221.908,531.546,192.504
ROCK,261009-145659-ROCK-1,495.511,388.257,451.899,377.98,416.224,349.672,404.515,321.22,423.899,302.443,437.965,281.487,428.86,227.582,424.841,196.951,420.749,169.998,461.775,281.207,443.836,263.234,442.281,302.734,444.92,331.465,485.865,284.072,470.516,259.5,465.406,295.967,464.752,322.772,511.154,289.504,522.635,249.355,528.048,222.813,530.929,193.436
ROCK,261009-145659-ROCK-1,495.442,387.96,451.945,378.947,415.788,350.496,404.536,320.914,425.58,303.54,437.677,281.383,428.187,228.135,423.699,197.382,419.242,170.297,461.878,280.788,443.616,263.743,442.862,303.06,446.353,331.408,486.149,283.765,470.128,260.326,465.01,296.466,464.654,322.959,511.758,289.366,522.904,249.584,528.193,223.206,530.986,193.891
ROCK,261009-145659-ROCK-1,496.159,389.015,453.231,381.35,414.785,351.928,407.923,319.982,432.694,305.364,434.642,281.464,425.433,228.377,421.258,197.041,417.241,169.372,462.051,280.418,448.715,263.437,448.804,302.936,451.62,330.903,488.643,283.238,478.034,262.526,474.502,298.822,474.014,324.709,515.628,288.42,525.764,247.659,531.067,221.332,533.989,192.197
ROCK,261009-145659-ROCK-1,501.405,393.883,458.179,387.079,419.444,359.284,417.334,326.572,440.613,305.178,429.192,289.33,416.136,235.888,410.405,203.973,405.229,175.716,458.08,285.359,448.451,264.499,451.763,303.273,455.646,331.436,486.967,284.991,480.107,259.661,478.746,294.346,479.086,320.155,515.802,287.256,525.662,245.315,529.862,218.491,531.855,190.049
ROCK,261009-145659-ROCK-1,503.609,394.665,460.535,387.173,424.022,360.437,423.216,328.047,445.051,305.113,428.547,289.795,414.916,236.649,408.49,204.857,402.784,176.3,458.08,286.076,451.958,263.852,455.707,302.362,458.748,330.331,487.758,285.391,483.7,259.228,482.562,293.951,481.802,319.352,517.247,286.944,526.252,244.876,531.042,218.405,533.642,189.99
ROCK,261009-145659-ROCK-1,505.596,392.889,462.575,384.761,427.303,357.688,432.73,325.019,454.812,301.576,429.705,286.158,415.435,233.599,409.31,200.756,404.187,171.547,460.604,281.416,458.57,258.715,463.952,298.029,467.465,327.241,491.179,280.533,491.825,255.184,490.397,290.878,488.559,317.758,521.192,282.292,531.277,240.515,537.127,214.312,540.775,186.585
ROCK,261009-145659-ROCK-1,505.174,390.422,462.065,382.324,428.46,355.699,436.21,323.604,460.01,300.645,430.549,284.505,415.517,231.734,408.615,198.354,403.455,169.278,462.106,279.539,460.954,257.53,466.45,297.669,469.892,326.72,493.132,278.957,494.737,254.433,493.83,290.423,491.599,316.565,523.093,281.01,533.625,239.838,540.049,214.219,543.845,186.404
ROCK,261009-145659-ROCK-1,507.859,391.436,466.908,383.232,433.631,355.303,443.491,322.793,467.795,300.087,435.615,284.187,422.741,229.833,417.621,195.771,412.884,165.591,467.495,279.371,470.288,255.455,474.783,296.248,474.551,324.137,498.586,279.175,504.102,251.293,501.755,287.363,496.213,313.654,528.034,282.411,539.891,240.757,547.52,216.112,552.171,188.793
ROCK,261009-145659-ROCK-1,508.353,389.454,467.928,381.609,436.597,353.852,447.859,321.441,472.29,297.719,437.47,282.116,425.084,227.286,420.448,192.406,416.958,162.473,469.376,277.0,476.566,256.44,481.168,298.658,479.512,327.288,500.09,276.842,509.145,253.473,507.552,290.901,500.79,316.959,528.901,279.235,540.799,238.613,549.113,214.163,554.222,187.184
ROCK,261009-145659-ROCK-1,509.304,391.508,469.431,383.08,438.886,355.264,450.251,323.153,475.354,300.156,439.517,282.163,428.666,226.559,425.253,191.975,422.002,161.256,471.887,277.014,479.377,254.617,484.628,297.072,482.477,325.524,502.969,276.893,512.321,250.943,511.538,287.934,504.76,313.457,531.584,279.924,542.576,238.512,550.381,214.347,554.516,187.115
ROCK,261009-145659-ROCK-1,509.75,387.67,470.184,379.445,441.072,353.499,452.652,322.203,478.901,298.248,440.826,280.39,430.389,225.564,426.759,190.109,424.934,160.474,472.243,275.598,481.534,256.021,485.819,298.645,483.233,326.67,502.758,275.461,513.3,253.24,512.693,290.071,505.927,315.068,530.967,277.577,542.986,237.948,550.92,213.889,555.3,187.043
ROCK,261009-145659-ROCK-1,507.668,393.28,466.689,383.089,435.493,354.346,446.906,322.84,471.493,299.835,437.982,282.455,428.511,227.191,425.32,192.906,422.361,162.925,469.752,277.686,474.84,259.102,477.724,301.925,475.525,329.771,500.336,278.12,508.96,255.021,506.048,292.72,498.955,318.59,529.025,282.11,541.821,241.68,550.717,217.269,556.555,189.698
ROCK,261009-145659-ROCK-1,502.489,392.88,460.707,381.226,428.614,350.787,437.029,317.706,459.817,293.91,436.119,281.77,427.476,227.448,424.911,193.876,422.353,164.373,467.592,279.221,467.714,257.623,469.681,298.778,469.626,327.766,498.217,281.092,502.133,255.11,497.956,291.564,492.746,318.177,527.619,286.126,541.187,245.796,550.061,220.676,556.409,193.189
ROCK,261009-145659-ROCK-1,497.417,391.157,454.665,379.064,420.904,347.62,426.7,313.788,451.42,291.635,434.934,280.821,427.491,226.687,425.716,194.57,424.459,165.391,465.675,279.271,464.642,257.234,465.085,298.102,465.579,327.695,495.327,281.598,497.174,255.486,492.346,290.802,488.67,316.597,524.516,286.282,539.392,246.131,547.666,220.726,553.978,192.849
ROCK,261009-145659-ROCK-1,498.425,390.19,455.489,379.034,420.66,348.584,424.179,316.085,450.218,295.75,436.41,280.46,429.056,226.08,427.68,193.503,426.407,164.228,466.459,279.031,461.933,257.938,462.088,297.924,462.84,327.438,495.65,281.21,493.801,255.852,488.976,291.603,485.964,318.112,524.487,285.686,538.315,246.169,546.018,220.562,551.651,192.359
ROCK,261009-145659-ROCK-1,496.687,389.101,452.453,378.807,417.816,347.53,418.844,315.847,443.469,297.542,436.502,281.374,427.205,226.789,425.119,194.706,423.122,165.836,465.121,280.359,457.019,259.167,455.085,298.693,454.839,327.726,493.8,282.629,489.379,256.276,482.201,291.475,478.172,318.083,522.891,287.379,536.899,247.284,543.99,220.968,549.228,192.315
ROCK,261009-145659-ROCK-1,499.996,390.627,455.564,378.947,419.608,346.701,418.611,312.98,440.54,290.994,436.956,281.723,427.131,228.627,423.65,197.235,420.71,168.698,465.443,280.064,458.901,255.679,457.08,294.857,456.839,325.48,493.686,281.593,489.818,253.351,483.809,288.92,480.891,316.836,522.334,285.864,534.681,245.721,539.863,219.468,543.27,191.417
ROCK,261009-145659-ROCK-1,508.993,389.205,465.677,379.039,429.917,345.81,434.662,308.767,455.651,285.104,441.156,280.324,429.805,227.992,426.046,196.858,423.198,168.469,471.179,276.495,470.102,248.327,471.858,286.547,471.995,316.435,500.171,277.01,501.507,246.78,498.453,282.316,495.7,310.313,528.938,281.121,540.015,241.057,544.376,215.894,546.589,189.526
ROCK,261009-145659-ROCK-1,511.341,393.24,470.341,380.741,439.0,349.098,449.403,317.688,473.137,296.893,449.889,279.884,444.245,226.031,443.896,192.704,443.559,162.858,481.778,277.867,486.593,254.829,488.466,293.674,487.82,322.132,512.157,280.129,520.349,255.062,515.538,290.676,509.064,317.202,541.299,285.472,554.424,244.883,562.759,220.384,568.93,194.033
ROCK,261009-145659-ROCK-1,509.926,400.041,472.216,389.091,442.3,360.602,453.614,334.757,480.432,316.176,457.398,287.282,459.76,232.885,465.266,198.922,469.499,169.145,489.044,285.668,496.716,272.448,493.346,315.699,485.673,339.185,520.17,290.076,532.796,274.933,524.044,315.841,511.71,340.58,549.861,297.785,567.108,258.184,580.068,234.174,589.874,206.348
ROCK,261009-145659-ROCK-1,510.173,406.672,471.992,400.751,438.254,374.186,448.353,350.434,477.484,334.761,455.209,299.667,455.906,244.301,459.8,209.995,462.0,178.889,487.362,296.772,496.862,289.001,495.695,333.766,488.826,356.603,518.047,301.188,531.576,292.45,524.449,335.969,512.526,361.914,548.152,308.063,564.417,267.584,578.365,243.397,588.481,215.763
ROCK,261009-145659-ROCK-1,508.434,411.098,467.65,406.557,431.003,384.467,431.353,360.951,454.107,342.533,439.079,306.286,430.33,251.527,427.975,217.044,425.091,186.469,469.26,301.233,467.354,295.195,470.734,334.081,470.159,357.62,499.537,302.603,501.687,294.28,500.191,332.293,495.486,356.592,529.478,306.02,539.541,263.931,547.049,237.559,550.713,209.002
ROCK,261009-145659-ROCK-1,503.489,407.188,460.505,404.508,421.973,386.026,407.591,365.614,424.756,347.703,426.436,310.53,407.229,255.861,399.149,223.251,392.484,193.768,453.172,307.263,437.457,298.395,443.934,336.947,450.29,361.717,480.425,307.111,468.528,295.787,470.933,334.235,472.747,358.775,507.5,307.934,511.469,264.975,513.574,237.883,511.827,208.301
ROCK,261009-145659-ROCK-1,500.968,406.271,458.01,404.596,418.394,386.314,405.274,363.902,419.23,340.942,421.413,310.213,399.492,257.526,388.333,226.034,379.47,198.049,447.702,305.472,427.764,293.999,436.328,334.7,446.817,359.96,474.9,304.22,458.671,289.168,463.01,326.885,468.619,350.425,502.509,304.089,501.638,261.058,499.101,234.773,493.797,205.364
ROCK,261009-145659-ROCK-1,508.248,404.238,461.752,402.772,418.838,379.352,409.289,346.021,428.236,320.878,421.636,306.8,400.273,257.192,388.686,226.907,379.274,199.926,449.283,299.251,437.065,275.784,446.06,314.469,454.817,343.622,477.116,294.805,465.691,268.619,470.766,304.041,476.337,330.552,506.044,292.852,504.76,249.967,500.909,223.479,495.024,195.776
ROCK,261009-145659-ROCK-1,516.029,400.199,470.772,394.723,429.563,365.415,429.455,325.216,450.64,297.583,432.134,299.272,414.505,249.828,406.63,219.482,399.593,191.869,460.879,291.217,455.06,262.444,463.339,299.431,468.969,328.299,489.229,287.152,483.926,257.182,487.227,294.566,490.308,323.58,518.191,286.736,520.608,245.142,518.544,219.833,514.602,193.753
ROCK,261009-145659-ROCK-1,518.355,403.503,475.716,393.172,441.102,363.483,448.545,329.411,470.351,304.449,447.547,294.245,438.469,239.738,436.628,205.769,434.565,175.446,479.018,289.737,482.972,266.025,488.247,307.377,488.833,336.416,509.405,289.58,515.244,264.223,514.002,301.625,509.335,328.627,538.888,292.374,547.086,249.162,552.769,223.377,556.244,195.783
ROCK,261009-145659-ROCK-1,512.411,410.831,471.624,401.831,437.38,371.845,445.693,344.004,473.092,325.444,455.346,298.804,454.281,244.662,456.775,211.09,458.052,180.843,488.024,296.718,494.055,283.884,492.278,327.295,486.494,353.209,519.411,301.271,529.119,288.949,522.849,330.494,513.067,356.616,550.276,308.987,566.864,268.044,580.549,244.487,590.348,217.686
ROCK,261009-145659-ROCK-1,505.795,413.08,464.877,407.693,428.041,386.697,422.479,366.508,446.406,352.439,439.414,309.463,427.213,260.4,420.635,229.642,415.056,201.201,470.52,305.73,463.607,298.653,465.314,336.505,466.649,361.644,501.238,309.739,496.417,305.006,493.2,344.045,490.315,369.926,531.258,315.918,540.966,275.65,548.315,251.333,552.32,224.705
ROCK,261009-145659-ROCK-1,505.183,410.125,464.414,407.082,424.883,387.393,412.268,365.303,427.866,343.424,429.043,311.295,407.314,260.724,394.63,230.46,383.741,202.699,456.087,307.052,439.62,297.448,445.816,335.401,453.391,359.389,484.069,308.043,472.47,296.435,475.532,334.378,478.695,358.003,512.055,310.793,515.384,269.193,517.059,243.303,515.466,214.013
ROCK,261009-145659-ROCK-1,500.331,403.882,455.417,401.212,414.253,378.223,404.958,349.913,419.104,326.573,423.073,306.432,400.375,255.634,386.6,226.031,374.497,199.45,448.986,301.006,428.846,284.357,436.824,324.537,447.059,351.922,475.589,299.143,458.491,277.882,463.083,313.475,469.715,338.535,503.549,299.24,503.4,256.794,500.807,230.526,496.019,202.377
ROCK,261009-145659-ROCK-1,502.336,397.96,454.121,392.093,413.19,362.839,405.755,327.038,422.057,301.12,425.932,297.576,404.851,248.533,393.719,219.163,383.847,192.643,451.244,290.96,436.829,269.077,440.907,307.257,446.852,336.57,476.911,288.051,463.587,261.324,462.919,298.734,465.947,327.94,504.101,288.227,506.443,246.905,503.875,219.627,500.281,191.602
ROCK,261009-145659-ROCK-1,505.52,393.401,458.052,385.504,416.4,352.593,415.268,312.233,439.045,288.158,429.856,291.378,411.878,242.536,402.917,213.175,395.452,185.993,457.565,283.694,448.156,256.266,452.887,294.158,458.638,323.14,484.713,280.505,477.344,249.978,477.47,287.952,480.762,318.03,512.911,281.25,517.222,240.647,514.823,214.628,511.694,188.091
ROCK,261009-145659-ROCK-1,511.653,392.213,466.272,382.192,428.531,348.301,436.142,309.478,461.805,286.427,436.755,286.213,422.528,234.466,416.74,204.311,411.558,176.395,467.176,280.327,466.159,251.296,471.412,289.165,473.823,317.758,496.288,278.604,496.019,247.338,495.61,283.879,495.058,312.317,525.279,280.4,532.247,239.202,532.795,214.657,531.3,189.211
ROCK,261009-145659-ROCK-1,512.436,396.969,469.552,385.463,434.91,354.476,442.466,320.012,464.97,295.257,444.531,286.499,433.844,233.727,429.734,201.479,426.23,172.001,476.111,282.406,477.597,256.7,480.505,298.001,480.254,328.232,506.629,282.976,509.281,255.271,506.503,291.36,501.952,318.089,536.283,286.541,544.032,243.973,546.619,218.806,546.496,191.816
ROCK,261009-145659-ROCK-1,511.002,406.406,470.066,395.834,437.891,365.626,448.417,335.22,470.473,311.694,450.422,296.866,442.053,250.445,438.433,221.731,434.709,194.372,483.382,291.816,486.031,278.803,487.051,321.123,483.881,348.802,515.307,294.352,521.597,281.191,516.866,321.859,509.234,349.034,546.151,300.01,556.566,258.24,564.359,232.455,569.47,204.707
ROCK,261009-145659-ROCK-1,503.669,408.707,463.836,401.038,427.04,376.482,424.137,354.076,451.647,341.041,445.323,303.982,432.42,266.223,423.764,243.332,416.48,221.023,478.06,299.272,471.953,291.44,472.993,330.696,473.651,356.832,509.935,303.585,504.78,301.215,501.012,340.606,498.031,367.03,540.565,311.167,551.387,272.464,560.588,248.218,566.593,222.114
ROCK,261009-145659-ROCK-1,501.074,408.044,458.858,401.444,419.407,378.534,408.478,357.577,433.701,347.993,433.155,305.983,412.578,267.604,397.416,245.867,384.845,225.119,463.242,301.683,448.031,292.647,450.001,331.995,455.469,357.164,493.452,305.457,480.977,299.537,477.044,337.634,477.27,362.741,523.163,312.598,530.978,274.431,537.183,250.047,541.376,223.286
ROCK,261009-145659-ROCK-1,500.634,402.457,458.479,399.574,415.217,377.588,402.376,349.747,421.38,329.179,423.318,307.406,399.476,263.365,383.441,238.723,369.204,215.919,451.262,299.653,432.938,284.63,440.358,326.145,449.571,355.838,481.148,298.251,465.349,278.288,466.938,314.478,470.763,341.457,511.849,300.563,516.657,259.516,517.416,232.847,515.0,204.711
ROCK,261009-145659-ROCK-1,501.74,400.886,457.355,396.347,415.604,369.106,407.03,335.453,423.16,312.806,423.845,302.477,399.688,257.302,385.099,230.472,372.545,205.418,451.609,294.356,436.571,272.315,440.106,312.039,445.833,343.691,481.259,291.826,467.852,265.224,465.696,301.28,466.973,330.454,512.162,293.335,518.061,251.353,518.562,223.92,516.732,195.934
ROCK,261009-145659-ROCK-1,508.798,400.208,463.348,389.262,424.376,356.205,425.498,316.626,446.791,291.314,432.513,296.882,412.127,251.314,401.032,223.796,392.066,197.366,462.23,288.087,456.114,258.869,461.612,296.225,466.747,325.91,492.292,285.561,488.306,254.84,487.577,291.065,488.897,320.619,522.519,288.393,532.102,247.39,535.974,220.5,537.893,193.153
ROCK,261009-145659-ROCK-1,512.331,401.97,467.558,390.876,431.311,357.398,439.478,319.574,462.785,297.057,441.279,296.675,424.697,248.631,416.946,219.707,410.65,192.569,472.718,289.018,470.55,259.122,475.897,295.774,478.941,324.576,503.319,287.704,503.772,256.001,502.7,291.061,501.897,319.987,533.474,291.622,545.631,250.614,552.415,224.361,556.822,197.276
ROCK,261009-145659-ROCK-1,512.331,405.273,470.051,393.229,435.664,362.702,444.663,330.611,471.306,311.647,448.913,297.522,437.774,252.061,433.079,223.922,429.563,198.382,481.698,291.707,482.305,269.433,484.297,311.46,482.897,340.504,513.829,293.042,516.885,268.409,512.866,305.446,507.453,333.222,544.055,299.534,560.018,260.628,570.576,235.674,577.91,208.811
ROCK,261009-145659-ROCK-1,502.251,408.164,461.181,396.931,426.849,368.512,422.513,346.211,447.317,337.789,451.542,299.259,440.1,262.072,430.578,240.8,422.736,220.246,484.053,297.398,476.351,288.438,472.305,328.695,471.693,352.376,515.777,305.487,510.7,298.85,500.483,338.679,494.417,363.619,546.065,318.925,565.796,283.876,581.313,263.005,594.382,238.8
ROCK,261009-145659-ROCK-1,498.456,406.999,455.991,394.193,424.596,370.853,413.629,353.979,431.129,347.275,448.937,300.598,429.949,266.754,412.934,246.84,400.049,228.348,480.768,298.921,464.256,296.599,458.381,333.187,460.708,358.844,510.264,308.799,495.113,315.858,481.006,350.442,476.467,374.591,537.049,323.411,554.996,292.872,568.082,272.837,580.602,252.708
ROCK,261009-145659-ROCK-1,492.286,403.631,452.134,392.856,417.395,366.318,408.074,341.438,425.452,327.691,440.924,303.13,420.638,257.384,405.691,230.991,392.705,207.298,467.914,301.611,448.072,287.64,446.676,327.124,451.699,353.502,495.001,306.62,480.123,287.969,470.296,323.077,467.561,349.199,521.702,315.971,536.811,280.364,544.993,255.982,552.21,229.437
ROCK,261009-145659-ROCK-1,493.293,401.753,450.163,389.287,411.438,357.033,405.256,324.219,428.08,305.773,434.398,296.263,418.791,247.858,406.144,220.135,395.689,194.429,462.027,291.467,446.431,267.182,443.815,306.766,447.38,337.841,490.476,293.376,477.621,266.584,470.125,300.39,469.0,327.837,519.547,300.044,533.05,261.325,537.354,234.569,539.653,207.005
ROCK,261009-145659-ROCK-1,502.001,397.931,455.527,385.021,417.84,350.293,417.805,312.64,442.479,291.584,435.683,293.957,419.615,245.5,409.684,217.392,401.027,190.333,464.424,287.185,456.564,258.201,456.586,295.118,459.782,325.229,493.485,286.677,488.64,254.936,482.075,289.533,480.432,318.797,523.325,291.386,537.381,251.975,542.074,224.791,545.088,197.494
ROCK,261009-145659-ROCK-1,507.659,398.205,462.019,384.766,426.264,350.579,432.895,313.395,456.582,291.767,442.726,291.382,427.368,242.825,420.037,213.031,414.157,185.066,473.545,286.223,470.975,257.918,472.364,296.419,473.672,327.403,503.72,286.687,504.058,255.883,499.25,291.87,496.707,321.526,533.582,291.903,548.48,252.073,555.959,225.895,561.515,198.672
ROCK,261009-145659-ROCK-1,508.859,398.308,464.426,384.78,430.173,352.479,436.715,316.765,462.422,294.32,445.993,289.824,430.773,237.972,423.659,206.271,419.071,178.287,477.818,286.584,476.187,260.857,475.887,302.123,475.929,333.545,508.699,288.053,510.126,259.648,504.661,296.693,500.99,325.47,538.901,292.925,555.009,254.024,562.871,228.076,568.818,200.216
ROCK,261009-145659-ROCK-1,507.652,400.183,464.719,387.876,429.354,354.739,434.699,318.5,459.068,294.654,443.093,290.952,427.427,236.684,420.25,204.23,415.113,175.729,474.305,287.328,471.339,261.938,470.478,303.682,470.158,335.032,504.751,288.987,505.569,259.702,500.036,295.935,496.145,324.024,534.622,294.669,550.037,254.714,558.163,228.507,564.353,200.375
ROCK,261009-145659-ROCK-1,506.407,398.333,461.295,386.121,425.393,354.251,430.061,318.913,456.126,297.45,440.667,289.925,426.762,235.947,420.636,203.254,416.694,173.823,471.019,288.161,470.453,261.294,469.488,301.217,468.85,330.822,500.415,288.983,502.402,260.159,496.251,296.854,492.075,324.221,529.335,292.094,542.374,252.184,547.35,226.007,551.381,197.689
ROCK,261009-145659-ROCK-1,507.773,398.761,463.446,387.542,426.121,355.733,428.96,320.079,455.422,297.956,440.371,289.678,425.415,235.486,418.401,203.069,414.023,173.521,470.831,287.694,468.876,261.383,468.212,301.349,468.739,331.001,500.421,288.872,501.091,260.757,495.176,297.742,491.778,324.863,529.486,292.237,541.988,252.155,546.897,226.188,550.971,197.436
ROCK,261009-145659-ROCK-1,506.501,398.859,463.0,387.868,426.802,356.207,430.049,321.066,455.722,298.454,440.841,289.949,426.507,236.298,419.813,203.731,415.569,174.368,471.313,287.914,469.287,262.117,468.85,302.016,469.213,332.125,500.919,289.153,500.937,261.475,495.729,297.938,492.499,324.713,529.965,292.248,542.079,251.779,547.2,225.549,551.143,196.721
ROCK,261009-145659-ROCK-1,507.389,399.102,463.102,389.041,425.865,356.09,429.538,318.988,456.322,296.575,440.614,290.999,425.888,237.214,419.429,204.494,415.365,175.113,470.961,288.811,467.88,261.634,467.848,301.197,468.918,330.925,500.26,289.784,499.347,261.12,494.415,298.041,491.903,325.243,529.549,292.74,540.997,252.353,545.716,226.391,549.256,197.777
ROCK,261009-145659-ROCK-1,507.89,400.584,464.201,390.165,426.587,357.162,429.03,319.992,453.919,297.194,439.858,292.668,423.098,240.394,414.874,208.934,408.607,179.812,470.488,288.614,467.878,260.572,468.033,300.173,468.212,331.258,500.454,289.235,500.133,259.591,495.941,296.256,493.512,324.825,530.032,293.382,541.735,252.938,546.639,226.932,549.967,199.005
ROCK,261009-145659-ROCK-1,506.039,398.552,462.524,388.01,426.928,356.248,429.343,321.103,452.191,297.542,440.358,290.772,424.167,238.17,416.764,206.765,411.231,178.157,470.832,287.67,468.253,260.943,468.063,300.363,468.062,331.276,500.953,288.95,500.711,259.517,495.473,295.719,491.974,324.119,530.47,293.651,542.522,253.48,547.238,227.056,550.284,198.636
ROCK,261009-145659-ROCK-1,507.244,400.547,463.781,389.699,427.321,356.517,430.324,319.948,455.119,296.972,440.517,291.365,425.657,238.56,419.127,206.926,414.443,177.975,470.965,288.22,467.865,260.792,467.392,300.538,467.661,331.317,500.923,289.611,500.246,259.404,494.96,295.701,491.944,323.962,530.358,294.417,542.444,254.042,547.251,227.785,550.555,199.52
ROCK,261009-145659-ROCK-1,506.123,399.167,462.575,387.545,426.779,355.53,429.637,320.315,454.528,297.658,441.073,290.242,426.057,238.03,418.874,206.613,413.557,178.163,471.514,287.651,467.985,262.4,467.351,302.118,467.734,332.721,501.577,289.353,500.662,260.602,495.061,297.071,491.829,325.12,531.213,294.109,543.762,254.278,548.557,228.075,551.978,199.675
ROCK,261009-145659-ROCK-1,507.609,399.971,463.915,389.708,427.504,357.592,429.435,321.195,454.983,297.503,441.928,292.32,427.168,239.287,420.828,207.247,416.581,178.541,472.342,289.26,469.813,263.085,468.359,302.759,467.548,333.838,502.126,290.062,501.681,260.25,495.727,296.62,491.868,324.76,531.449,293.808,543.795,254.201,548.886,228.11,552.548,199.748
ROCK,261009-145659-ROCK-1,506.095,400.174,461.736,388.986,425.952,356.546,428.427,320.406,453.948,297.678,441.119,292.483,426.037,239.531,419.126,207.328,414.859,178.869,471.447,289.855,468.536,262.752,466.985,302.288,466.245,332.526,501.393,290.668,500.815,260.874,494.687,297.112,490.705,324.96,531.068,294.441,543.729,254.896,548.641,228.701,551.885,200.32
ROCK,261009-145659-ROCK-1,505.582,401.486,461.529,389.785,425.746,356.883,428.713,320.969,454.043,298.623,441.091,293.473,426.886,241.741,420.187,210.127,415.404,181.285,471.516,290.041,467.796,263.35,466.226,303.528,465.633,334.127,501.476,290.87,500.52,260.828,494.781,297.611,491.461,326.021,531.055,295.182,543.811,255.341,548.441,229.161,551.357,200.971
ROCK,261009-145659-ROCK-1,505.173,400.497,461.621,390.179,425.787,356.833,428.473,320.915,453.853,299.237,441.38,291.16,428.467,238.451,422.805,206.887,418.592,178.042,471.62,288.795,468.023,262.62,466.169,302.105,465.374,332.494,501.415,290.562,500.554,260.407,493.955,296.525,489.756,324.617,530.955,295.661,543.304,255.654,548.104,229.403,551.348,201.078
ROCK,261009-145659-ROCK-1,505.46,401.779,462.125,390.803,425.558,356.937,428.223,320.393,453.742,298.497,441.194,292.47,427.203,239.895,421.159,208.501,416.602,179.683,471.421,289.66,468.014,262.716,466.314,301.933,465.366,332.479,501.318,291.035,500.376,260.093,494.143,295.883,490.206,324.252,530.868,295.947,543.06,255.795,547.545,229.526,550.295,201.502
ROCK,261009-145659-ROCK-1,505.798,401.493,461.956,390.766,425.185,357.032,427.521,320.813,453.121,298.976,440.704,292.636,426.02,239.648,419.354,207.942,414.458,178.762,471.015,289.641,468.076,262.958,466.569,302.512,465.874,333.58,500.784,290.948,500.097,260.93,493.745,297.75,489.682,326.685,530.256,295.683,542.553,255.553,547.367,229.009,550.55,200.548
ROCK,261009-145659-ROCK-1,503.632,402.466,461.592,393.525,423.751,361.171,426.518,324.681,451.69,302.189,437.69,295.379,421.428,242.204,414.047,210.256,407.87,181.146,468.478,291.369,462.96,266.955,463.985,307.802,465.416,338.666,498.762,292.32,496.355,263.181,491.728,299.177,488.959,327.221,528.654,296.495,539.719,255.678,544.46,229.769,547.442,202.159
ROCK,261009-145659-ROCK-1,502.025,404.996,460.306,396.634,426.188,366.867,432.637,333.982,452.233,309.679,436.85,297.971,421.913,247.44,414.617,216.613,408.261,188.097,468.215,293.825,464.473,273.68,466.229,313.229,466.674,341.998,499.66,295.821,499.062,272.637,494.535,309.197,490.159,336.046,530.485,301.022,542.433,259.584,549.729,233.649,554.29,205.174
ROCK,261009-145659-ROCK-1,495.715,411.648,453.651,404.068,417.25,380.922,412.51,360.075,433.872,346.001,430.985,308.213,413.54,265.692,402.814,238.682,393.556,213.675,461.792,304.166,453.364,295.611,454.671,331.514,456.067,355.669,493.081,307.93,487.837,302.774,483.672,340.14,480.125,365.184,523.753,315.375,536.292,277.164,546.936,252.789,554.167,226.143
ROCK,261009-145659-ROCK-1,493.594,410.486,451.266,403.194,411.682,380.456,400.758,355.204,421.113,337.316,423.149,310.27,400.299,264.065,386.124,236.598,373.813,210.974,451.736,305.421,435.553,293.755,437.895,332.241,442.806,358.694,481.616,307.188,469.713,292.014,466.329,328.477,465.566,354.442,511.349,313.007,521.591,274.062,528.223,248.398,532.068,220.066
ROCK,261009-145659-ROCK-1,495.786,404.3,449.831,395.884,410.428,364.7,406.292,329.114,424.009,306.177,426.197,300.559,407.134,253.288,394.375,225.006,382.699,199.427,453.685,294.683,440.578,272.464,443.013,310.902,448.837,341.177,481.67,293.781,470.729,267.366,467.102,302.28,468.435,330.457,510.717,296.67,518.522,255.46,518.567,228.058,517.499,200.106
ROCK,261009-145659-ROCK-1,505.906,402.412,458.791,390.535,420.08,356.292,421.887,317.287,443.901,293.402,433.799,296.747,417.229,246.437,407.659,217.344,399.35,189.369,462.933,289.812,457.623,261.537,461.304,300.083,465.927,329.315,491.73,288.109,489.32,257.096,485.548,294.54,484.985,324.522,521.177,290.626,530.842,248.727,532.864,221.731,533.683,194.485
ROCK,261009-145659-ROCK-1,507.09,402.48,464.564,391.63,427.068,358.369,434.218,323.201,459.351,300.435,443.395,291.686,432.589,239.891,427.417,208.564,423.165,179.235,475.913,287.632,474.855,267.001,474.874,308.035,474.514,337.861,507.069,289.575,508.554,268.142,502.273,304.613,496.708,331.253,537.596,294.41,548.485,253.183,553.982,228.002,557.53,201.214
ROCK,261009-145659-ROCK-1,495.302,408.093,453.681,397.767,418.149,371.523,410.87,349.025,434.036,337.054,439.971,300.339,427.262,255.372,419.275,227.61,412.273,202.188,470.967,299.046,457.318,288.712,454.983,329.033,456.541,356.397,501.412,305.386,491.422,297.799,484.171,336.591,480.464,362.354,531.34,315.641,544.679,278.182,554.782,254.848,562.044,228.494
ROCK,261009-145659-ROCK-1,490.99,405.759,448.003,397.912,409.143,370.113,400.753,340.936,421.61,323.246,427.337,302.532,409.264,252.588,398.194,223.728,388.228,197.632,455.853,299.461,439.36,284.897,440.901,324.683,445.878,352.888,484.235,302.441,470.841,286.266,466.594,323.083,465.876,349.521,512.811,308.591,522.426,269.302,527.171,243.251,528.923,214.989
ROCK,261009-145659-ROCK-1,492.572,399.744,448.134,387.585,410.549,356.198,407.493,324.022,427.281,304.018,428.173,293.389,412.377,244.314,402.798,214.954,394.216,188.327,457.179,289.079,446.301,268.658,446.037,307.549,447.983,338.149,486.473,290.07,479.074,266.082,473.722,300.646,471.41,327.987,516.327,294.933,526.408,254.657,529.763,227.952,531.108,200.324
ROCK,261009-145659-ROCK-1,504.647,402.066,462.333,390.896,425.169,357.818,430.221,323.512,456.595,303.785,441.572,291.963,428.448,240.999,422.279,210.264,416.813,181.854,472.36,288.872,470.691,262.65,471.38,301.263,471.181,331.385,502.675,290.947,503.702,262.451,498.178,298.91,493.451,327.713,532.76,296.778,545.816,255.751,552.93,228.993,557.846,200.398
ROCK,261009-145659-ROCK-2,166.093,335.77,210.754,336.659,253.982,325.058,289.6,315.569,319.078,317.845,243.233,239.344,270.005,199.564,285.145,171.618,296.173,146.972,213.77,229.066,210.952,198.756,201.714,237.199,198.284,266.851,184.986,226.819,178.133,197.472,175.524,229.341,177.035,252.651,158.069,229.602,146.976,194.582,139.49,173.521,135.99,147.963
ROCK,261009-145659-ROCK-2,162.973,340.287,206.432,339.103,247.912,326.549,282.78,318.798,312.616,323.789,230.228,241.48,250.883,199.573,262.948,170.856,272.681,144.986,200.903,231.205,190.944,209.557,181.621,250.701,178.597,281.045,171.648,230.28,158.028,209.698,157.174,246.266,160.607,272.687,144.29,234.917,131.381,199.547,123.343,179.598,119.232,155.498
ROCK,261009-145659-ROCK-2,163.119,339.713,206.597,338.195,248.173,326.781,283.204,319.523,314.785,323.511,222.759,245.578,237.595,203.269,246.211,174.122,251.76,147.303,192.216,235.897,176.346,221.082,172.042,265.119,173.915,291.415,162.247,236.618,141.851,222.545,145.288,262.413,153.585,287.262,134.139,242.364,119.006,208.429,106.11,189.375,96.854,164.61
ROCK,261009-145659-ROCK-2,170.666,338.851,215.945,337.754,257.895,320.763,293.541,311.86,327.845,312.752,228.503,250.599,243.796,213.948,253.284,185.75,260.822,161.08,196.366,237.762,185.629,249.593,187.087,289.188,191.194,310.91,163.514,240.886,146.291,245.632,155.91,280.695,167.774,302.181,133.562,250.191,112.701,222.911,94.83,204.972,78.939,182.731
ROCK,261009-145659-ROCK-2,177.66,344.613,223.037,339.416,263.513,319.346,298.56,309.053,331.493,308.968,236.584,254.201,256.117,219.045,268.282,192.521,278.442,169.159,205.415,244.559,203.92,254.746,204.227,292.003,205.385,313.689,173.644,248.846,164.723,256.674,174.931,290.794,185.249,311.941,145.183,258.717,121.468,232.797,102.667,215.19,86.531,192.837
ROCK,261009-145659-ROCK-2,179.163,345.376,224.591,339.607,265.654,319.431,300.405,308.906,332.327,308.853,244.296,251.978,266.093,214.002,279.197,187.218,290.256,163.754,213.076,243.68,218.095,245.553,216.765,284.189,214.939,307.729,181.169,247.655,179.662,246.744,187.535,283.153,193.738,306.365,152.076,257.338,130.293,227.022,113.936,207.808,99.774,182.748
ROCK,261009-145659-ROCK-2,175.285,344.959,222.273,341.222,265.088,322.242,301.017,311.552,331.173,311.208,251.959,249.311,279.198,209.603,293.975,184.411,306.659,160.365,223.872,241.633,235.517,229.195,233.89,268.458,229.82,295.549,193.715,242.662,198.967,226.077,207.072,264.128,211.143,291.254,165.035,248.939,147.087,214.84,135.539,194.529,126.286,167.973
ROCK,261009-145659-ROCK-2,176.697,339.849,221.766,337.893,265.032,322.987,301.162,313.409,329.505,314.576,253.771,246.037,281.307,206.018,296.055,180.873,308.958,156.983,225.386,236.605,234.859,210.589,228.581,248.26,223.094,277.248,195.936,234.501,200.092,203.686,203.471,237.472,206.212,264.292,167.849,237.659,153.253,199.941,145.298,178.897,141.18,152.945
ROCK,261009-145659-ROCK-2,169.952,337.863,215.895,336.722,258.729,323.46,294.599,313.79,324.264,315.32,247.131,241.496,272.372,201.324,288.121,175.159,300.095,151.003,217.638,232.703,218.777,204.075,214.262,242.746,211.055,272.244,187.961,232.054,184.906,203.0,187.715,236.033,190.329,260.519,159.651,236.029,145.931,198.5,138.753,176.722,134.775,149.624
ROCK,261009-145659-ROCK-2,158.546,339.15,203.113,339.495,245.808,328.968,281.395,321.19,309.7,324.508,231.811,242.054,254.853,201.448,267.228,173.496,276.895,148.349,202.602,230.373,194.152,207.949,184.301,249.404,181.787,279.035,173.368,228.332,160.15,207.085,158.789,244.173,162.883,269.503,144.787,231.965,132.395,196.691,124.343,177.064,120.826,152.678
ROCK,261009-145659-ROCK-2,154.627,341.236,200.182,342.133,243.355,329.402,279.714,321.549,311.774,324.599,219.222,248.815,236.538,206.114,247.154,177.262,254.464,151.154,189.15,238.048,175.557,224.772,169.36,269.757,170.097,295.901,158.639,238.002,138.815,226.554,141.043,266.445,148.275,289.856,129.355,242.349,112.548,207.813,98.416,189.953,87.592,166.337
ROCK,261009-145659-ROCK-2,163.274,345.684,209.299,346.641,252.649,332.777,288.081,324.784,320.777,325.792,226.678,258.416,243.262,222.026,254.136,193.44,263.135,168.839,195.3,244.535,181.285,254.325,179.214,295.526,182.173,318.515,162.347,246.589,141.991,251.734,149.317,288.715,160.371,311.189,131.468,254.202,111.991,225.243,94.663,206.116,79.547,182.939
ROCK,261009-145659-ROCK-2,170.074,351.279,215.995,350.442,259.98,334.978,296.005,327.538,328.933,329.282,237.586,262.945,257.164,223.523,269.376,195.91,279.239,171.194,205.841,252.313,199.875,247.49,195.079,291.327,194.025,317.698,172.681,252.952,159.854,246.331,165.494,286.525,173.78,312.324,141.864,258.421,121.785,225.77,106.571,206.156,94.347,180.73
ROCK,261009-145659-ROCK-2,179.332,349.929,225.432,350.453,270.501,336.833,306.629,329.788,337.551,331.924,253.884,260.059,278.047,219.858,292.783,193.125,304.475,168.67,222.879,249.828,220.024,236.853,212.749,279.741,208.845,307.069,190.666,248.838,181.8,234.548,185.281,275.416,191.137,301.898,160.182,252.373,142.846,217.367,130.273,197.242,121.174,170.483
ROCK,261009-145659-ROCK-2,184.242,336.19,230.687,338.236,276.435,325.962,312.814,320.173,343.231,324.299,262.257,246.655,288.335,208.327,304.376,181.331,317.096,157.527,231.812,234.56,230.128,223.576,220.52,265.047,215.681,291.39,199.752,232.243,192.536,217.327,191.994,256.721,194.747,282.655,169.343,235.062,154.128,198.909,144.152,178.324,138.175,151.867
ROCK,261009-145659-ROCK-2,186.045,307.381,231.714,313.074,276.549,304.632,314.055,300.124,343.481,306.568,264.977,220.602,292.475,182.09,309.979,155.686,323.5,131.572,235.378,208.008,233.988,188.116,225.55,229.173,220.063,258.456,205.181,204.592,197.629,184.384,197.267,222.559,199.407,248.673,176.261,206.336,164.474,170.578,157.726,149.6,154.579,123.45
ROCK,261009-145659-ROCK-2,178.596,302.281,223.841,305.258,268.559,296.341,304.708,289.19,333.066,294.009,256.26,209.723,283.351,170.831,299.451,144.992,312.348,121.126,227.327,197.899,224.595,173.854,216.45,212.384,211.658,241.264,198.367,194.969,190.219,171.041,190.213,205.44,192.067,229.928,169.916,197.371,158.566,160.983,152.446,139.509,149.085,113.801
ROCK,261009-145659-ROCK-2,165.705,305.132,210.939,307.179,254.611,298.637,290.275,292.373,319.525,295.59,242.605,211.417,266.897,171.81,281.777,143.919,293.32,119.379,212.816,200.341,208.405,176.77,198.089,216.248,194.212,244.577,183.076,197.659,173.225,175.638,170.786,210.642,173.163,234.741,155.14,199.481,143.696,163.441,135.496,143.509,131.137,118.943
ROCK,261009-145659-ROCK-2,155.845,323.668,200.42,325.029,244.325,315.512,280.574,310.026,309.968,315.174,229.974,229.818,253.606,188.059,267.925,159.261,279.739,133.298,200.496,217.011,193.62,198.566,181.244,238.537,176.791,265.968,170.443,214.123,158.027,196.306,153.94,232.464,155.671,256.992,142.099,216.662,131.011,179.207,121.707,159.022,116.127,135.628
ROCK,261009-145659-ROCK-2,154.023,352.035,198.735,357.185,245.816,350.162,284.21,346.735,316.597,353.345,231.985,265.333,257.214,223.214,272.065,194.212,284.153,167.468,202.511,252.076,193.145,233.676,181.375,276.302,178.249,304.329,171.58,247.945,155.101,229.143,153.008,266.64,157.843,292.298,141.259,248.488,130.283,211.357,119.194,189.448,112.077,163.801
ROCK,261009-145659-ROCK-2,169.397,358.585,213.086,364.041,260.391,357.87,299.245,354.447,332.268,358.963,247.573,270.437,273.437,229.303,289.091,201.307,302.129,175.878,216.96,256.873,209.517,242.081,199.087,283.961,195.469,311.481,185.235,253.07,170.385,235.775,168.49,274.295,172.779,300.161,154.488,254.007,142.369,216.739,132.131,194.047,125.408,166.438
ROCK,261009-145659-ROCK-2,182.462,347.887,229.204,352.739,276.092,344.986,315.289,342.664,346.514,348.061,263.267,261.46,291.42,221.39,308.447,193.71,321.817,168.862,232.993,248.139,228.632,232.354,216.868,273.711,210.735,301.593,201.255,244.374,190.713,225.574,188.132,263.76,189.985,289.831,170.494,245.512,157.296,207.638,147.974,184.662,142.345,156.512
ROCK,261009-145659-ROCK-2,186.642,323.178,235.126,327.345,282.604,317.084,320.362,310.491,348.793,317.38,270.043,231.725,297.637,192.479,314.462,165.142,326.959,140.878,239.807,219.477,237.961,197.759,228.85,240.124,224.328,269.332,209.071,216.323,200.615,195.675,200.41,233.948,203.585,259.332,179.12,217.672,167.446,179.945,160.085,158.706,157.024,132.17
ROCK,261009-145659-ROCK-2,170.362,307.615,218.48,308.294,263.987,296.347,302.557,288.021,332.757,293.002,250.805,208.781,275.803,167.792,290.517,139.802,301.926,114.482,220.737,198.162,219.762,171.054,212.037,213.103,208.761,243.261,190.647,196.651,183.931,170.88,183.89,208.13,186.906,233.253,161.486,200.117,150.007,163.005,143.175,142.469,139.827,115.84
ROCK,261009-145659-ROCK-2,161.993,314.19,211.306,310.656,252.213,288.973,287.169,275.813,315.157,276.64,242.289,213.468,268.859,171.208,283.731,143.853,296.225,118.72,212.525,205.779,222.699,182.587,220.267,220.4,216.498,249.765,181.322,204.959,185.693,180.715,193.476,216.386,198.023,243.78,152.105,209.038,134.395,169.926,124.305,147.555,117.659,120.819
ROCK,261009-145659-ROCK-2,159.623,316.935,203.702,312.622,241.856,291.252,271.943,277.25,295.633,276.607,234.912,221.516,264.451,180.063,279.924,155.308,293.348,131.408,211.485,212.977,232.881,192.101,231.189,228.044,224.363,255.416,184.999,210.502,197.761,182.868,205.249,217.98,206.695,246.701,157.825,213.154,141.279,173.504,131.885,149.645,124.376,123.265
ROCK,261009-145659-ROCK-2,159.149,324.313,201.791,320.448,237.539,297.25,265.943,280.524,287.193,274.788,230.78,229.811,259.534,189.978,276.344,166.191,290.007,144.581,212.035,223.003,236.735,202.527,236.534,235.98,230.383,260.155,190.044,220.2,209.024,190.114,215.235,223.31,213.869,250.339,165.676,221.702,151.139,182.212,144.559,157.337,140.221,131.284
ROCK,261009-145659-ROCK-2,161.948,327.461,204.083,324.365,237.44,298.42,263.517,281.55,283.807,278.529,229.445,233.293,256.413,193.737,273.055,169.731,286.257,149.067,212.036,227.568,238.942,208.234,240.894,242.455,234.433,267.393,192.033,225.134,214.755,194.464,225.397,228.053,225.381,254.941,169.594,226.471,156.025,186.695,150.239,162.269,146.158,136.715
ROCK,261009-145659-ROCK-2,161.727,329.622,204.068,324.938,237.724,299.959,263.443,282.993,284.703,279.667,229.257,234.002,255.687,193.942,272.576,169.871,285.878,148.461,211.191,228.548,235.347,207.793,238.223,242.972,232.481,268.45,190.413,227.413,210.247,198.174,221.155,230.68,221.537,256.35,166.798,229.762,152.451,188.85,146.718,164.379,141.842,139.003
ROCK,261009-145659-ROCK-2,155.836,327.065,201.588,325.678,242.001,304.689,274.235,290.747,298.558,289.915,234.347,227.431,260.596,188.104,275.625,162.767,288.237,139.289,207.22,219.315,221.204,198.003,218.569,234.114,213.618,262.856,178.35,218.133,186.511,192.449,192.11,225.987,193.923,254.059,150.059,222.631,133.721,182.288,124.578,157.283,118.762,129.825
ROCK,261009-145659-ROCK-2,145.656,326.112,191.826,327.936,238.421,313.829,276.089,304.429,306.052,311.124,226.806,230.955,254.16,189.695,270.724,161.898,283.409,136.753,195.677,219.426,194.131,192.088,182.672,233.028,175.718,264.942,164.784,215.708,158.508,185.467,155.872,214.235,155.274,237.21,135.434,217.72,123.022,178.402,115.554,155.214,111.39,128.741
ROCK,261009-145659-ROCK-2,143.672,324.65,186.264,326.229,230.061,315.351,267.189,308.721,297.284,318.33,214.406,228.394,236.246,185.364,247.982,155.312,257.94,128.563,186.284,215.417,172.785,192.162,155.955,233.462,149.108,266.389,157.692,211.898,141.447,186.987,134.114,222.501,134.846,250.546,129.953,214.571,119.469,177.848,110.681,155.035,107.193,130.654
ROCK,261009-145659-ROCK-2,144.06,324.373,184.579,325.926,225.353,315.197,260.36,310.488,288.799,322.48,208.712,229.619,226.749,185.168,236.25,154.445,244.244,126.741,181.859,217.817,166.224,197.014,148.695,236.26,141.195,268.736,154.733,214.926,138.43,190.561,129.236,224.101,128.431,252.492,129.157,217.656,121.221,181.156,112.42,157.667,108.514,134.61
ROCK,261009-145659-ROCK-2,142.333,320.043,181.234,322.449,219.863,311.43,252.7,307.063,279.759,316.774,202.516,226.739,218.883,180.989,226.822,149.682,234.099,121.869,175.026,216.273,157.991,189.61,138.195,223.031,130.172,253.55,148.667,213.55,132.601,186.553,121.803,216.633,121.118,242.999,125.913,215.532,119.893,178.482,112.113,155.337,109.829,133.368
ROCK,261009-145659-ROCK-2,140.028,319.373,179.206,322.31,218.003,311.461,250.906,307.505,278.623,317.908,202.704,227.253,218.812,181.401,226.939,149.309,233.441,121.167,176.069,216.8,157.998,189.713,138.777,226.351,131.634,257.977,150.045,213.949,132.605,187.314,122.305,219.27,122.404,245.707,126.789,215.208,121.626,177.845,114.139,154.789,112.137,132.18
ROCK,261009-145659-ROCK-2,142.209,322.314,182.889,323.037,224.155,309.573,259.054,302.858,286.785,312.511,206.285,226.889,222.705,181.464,230.705,150.041,237.41,122.183,178.285,216.623,164.73,192.355,147.982,230.517,140.656,263.338,150.763,214.323,136.503,187.802,128.611,219.959,128.596,247.788,125.539,217.331,117.198,180.941,109.61,157.448,107.554,133.997
ROCK,261009-145659-ROCK-2,143.718,321.381,187.811,321.335,230.553,307.339,266.856,298.548,298.044,304.485,210.556,223.511,230.027,180.463,240.525,150.54,248.461,124.218,181.053,212.818,170.032,190.267,159.204,229.462,155.215,259.416,151.735,211.156,136.428,189.231,133.729,223.729,136.585,249.431,123.96,215.086,112.866,178.707,105.029,156.696,101.215,131.659
ROCK,261009-145659-ROCK-2,152.739,324.366,198.057,322.234,241.146,304.2,277.477,292.815,309.332,294.563,217.987,226.517,237.415,183.042,248.664,153.862,257.212,126.961,186.427,219.045,178.596,199.186,175.363,242.373,175.804,271.186,154.857,219.589,141.735,200.261,147.288,237.411,154.842,262.376,125.514,224.573,109.192,188.403,98.357,167.522,90.532,141.007
ROCK,261009-145659-ROCK-2,158.855,329.348,206.205,321.656,246.125,298.811,280.026,285.941,308.923,286.227,225.587,226.469,246.004,183.041,258.254,155.064,267.733,128.941,194.617,221.034,198.688,200.02,197.998,240.789,195.297,270.587,163.403,222.651,162.477,199.946,170.461,236.874,175.321,264.218,134.402,228.951,114.742,191.764,103.568,170.867,94.571,144.648
ROCK,261009-145659-ROCK-2,163.597,329.922,209.849,322.345,249.522,298.169,282.087,283.81,310.157,282.978,228.609,227.482,248.463,183.78,260.251,155.814,269.622,129.869,198.014,223.052,202.704,203.456,202.19,244.451,200.153,273.896,167.213,225.86,166.418,205.863,175.281,243.126,181.263,269.885,138.761,232.856,119.29,195.939,107.555,174.928,98.285,148.668
ROCK,261009-145659-ROCK-2,163.914,330.741,210.278,321.531,248.917,296.548,280.782,281.125,307.882,278.337,229.186,226.37,250.642,181.913,262.05,154.487,271.849,128.883,200.477,222.424,210.359,204.096,211.677,243.764,210.422,273.323,170.836,225.629,174.132,205.242,186.083,240.601,193.627,268.083,143.267,233.329,123.857,196.664,111.44,174.824,101.127,148.669
ROCK,261009-145659-ROCK-2,164.053,327.644,209.602,320.999,246.487,296.271,277.414,280.402,303.116,278.181,230.721,228.544,254.001,183.318,266.478,155.715,276.786,130.063,203.652,224.201,218.171,206.602,220.541,245.566,218.134,274.554,174.904,226.425,180.099,204.387,193.682,238.968,200.983,266.519,147.455,233.062,128.535,196.015,116.639,173.43,106.503,146.968
ROCK,261009-145659-ROCK-2,163.097,327.03,207.808,321.651,246.021,298.255,277.694,282.903,302.82,282.171,231.64,230.532,255.202,186.281,268.124,158.852,278.759,133.474,205.4,225.081,220.41,204.459,221.363,242.621,217.584,272.216,177.474,225.777,184.299,201.484,195.475,236.247,200.746,264.442,150.3,230.697,132.753,192.252,122.167,168.794,113.388,142.199
ROCK,261009-145659-ROCK-2,162.019,324.897,208.254,321.019,247.427,299.287,279.365,285.208,304.932,285.641,233.571,228.772,257.365,184.857,269.99,157.025,280.26,131.866,206.064,222.539,219.922,199.172,219.638,236.13,215.632,264.951,176.708,222.437,182.517,196.196,192.108,229.911,197.149,256.614,148.426,226.497,132.571,188.063,122.512,165.417,114.629,138.866
ROCK,261009-145659-ROCK-2,159.983,322.341,206.974,319.811,246.685,300.957,280.608,288.869,307.283,290.291,234.407,227.296,258.549,186.483,271.461,159.371,282.088,134.278,206.255,220.151,217.07,191.803,216.071,229.274,213.032,259.375,176.776,219.27,180.791,191.077,188.494,225.276,193.054,252.142,148.868,222.19,133.507,183.566,125.14,161.33,119.49,134.345
ROCK,261009-145659-ROCK-2,157.464,323.34,203.664,322.263,245.43,304.409,280.49,293.591,307.42,296.322,235.88,228.279,260.92,187.622,273.899,161.613,284.826,137.372,207.098,218.895,215.669,190.722,209.312,226.835,203.034,256.145,177.53,216.46,180.67,185.739,183.769,217.732,185.578,243.806,149.787,219.069,136.619,181.417,129.82,160.238,126.032,134.705
ROCK,261009-145659-ROCK-2,153.443,323.164,199.904,324.434,243.188,309.462,278.913,299.886,306.535,303.994,234.79,230.158,259.192,189.946,273.852,163.126,285.555,138.791,205.387,220.765,210.772,191.103,202.903,229.029,196.204,259.116,176.085,218.079,176.68,188.837,177.546,221.011,178.41,245.62,148.347,219.349,137.334,182.246,132.042,161.732,130.236,136.328
ROCK,261009-145659-ROCK-2,150.846,322.027,196.63,324.907,240.739,311.223,277.417,301.528,305.919,307.275,230.536,230.381,254.503,190.097,268.085,162.514,278.893,138.138,201.643,219.765,199.735,190.319,190.724,227.576,185.936,257.304,172.924,216.886,166.794,190.119,165.167,223.047,166.311,247.433,145.489,218.42,136.037,183.56,130.458,163.403,128.197,138.776
ROCK,261009-145659-ROCK-2,148.113,324.476,192.412,324.793,235.197,312.075,271.094,303.0,301.964,307.186,223.351,229.901,243.564,188.422,254.091,158.261,261.867,132.251,195.124,219.373,186.255,194.88,174.73,235.534,172.425,264.43,166.252,217.509,153.928,196.55,150.963,232.11,154.548,255.943,138.403,220.141,128.723,184.474,121.722,165.398,119.602,141.675
ROCK,261009-145659-ROCK-2,147.349,326.815,191.586,325.407,232.392,310.924,268.329,299.743,299.099,300.964,211.428,230.829,224.848,187.255,230.453,157.138,234.222,130.838,183.036,222.041,168.512,202.912,159.773,244.72,159.627,273.523,154.322,221.912,135.866,206.341,135.266,243.112,140.861,267.999,126.862,226.11,114.302,190.852,103.439,170.72,96.156,146.754
ROCK,261009-145659-ROCK-2,149.047,326.318,194.193,325.43,235.378,307.201,271.039,294.769,302.459,294.879,206.935,233.341,216.185,191.659,220.935,163.672,223.531,138.738,176.807,225.802,160.952,213.379,160.414,256.926,164.419,282.96,146.806,227.376,125.411,217.843,132.824,256.764,142.878,280.295,117.75,232.503,99.324,199.766,84.583,181.341,72.4,156.935
ROCK,261009-145659-ROCK-2,157.747,329.99,204.778,323.477,244.768,300.974,277.494,287.237,308.417,285.005,214.78,231.636,226.635,194.82,233.381,166.059,239.168,142.094,182.648,221.717,177.553,232.431,178.818,271.961,181.515,296.001,150.14,226.72,139.027,232.752,149.427,267.171,160.616,289.525,120.61,237.454,100.346,207.375,83.0,187.637,67.756,164.912
ROCK,261009-145659-ROCK-2,162.393,335.118,208.863,325.781,248.136,301.145,280.97,286.877,310.978,285.335,223.987,232.776,241.648,194.177,251.755,166.908,259.998,142.868,193.255,226.618,196.804,226.646,198.628,264.848,199.659,288.705,162.155,231.611,158.987,229.407,169.032,264.429,177.021,287.229,133.661,241.144,114.079,208.54,98.421,188.249,84.185,163.781
ROCK,261009-145659-ROCK-2,166.25,331.741,212.713,324.455,251.679,300.984,283.396,287.433,310.637,286.698,233.177,231.801,255.171,191.158,267.453,164.821,277.638,140.924,204.841,226.772,214.122,217.467,216.078,253.783,214.74,279.893,175.526,230.47,179.1,218.006,190.93,251.735,197.379,277.172,148.061,238.519,129.01,204.181,116.137,183.283,104.82,158.488
ROCK,261009-145659-ROCK-2,164.997,330.817,211.204,326.723,252.064,307.003,285.384,294.57,311.973,295.139,240.474,235.765,265.113,194.956,279.006,169.611,290.59,145.738,213.13,229.016,224.177,207.58,223.064,245.437,219.103,274.052,184.182,229.028,189.253,204.84,197.256,239.729,201.018,266.975,156.352,233.449,140.253,195.398,130.413,173.154,122.592,146.579
ROCK,261009-145659-ROCK-2,165.122,331.973,209.873,329.605,250.648,310.078,284.451,297.322,310.695,297.478,242.589,237.811,268.007,196.541,281.988,170.898,293.707,146.815,215.674,230.135,228.259,207.994,225.955,246.05,220.811,274.868,186.848,229.423,192.634,204.776,199.912,240.57,203.119,268.136,158.939,233.578,143.798,194.46,135.329,171.611,129.24,144.348
ROCK,261009-145659-ROCK-2,163.003,329.792,208.935,327.971,249.934,309.775,284.138,298.142,310.809,298.847,240.01,235.556,265.089,195.661,278.909,170.227,290.815,146.639,211.708,226.745,224.082,203.252,220.371,241.048,214.643,270.673,182.043,224.55,188.707,197.003,193.814,230.908,195.877,257.859,153.862,227.181,139.553,188.997,131.87,167.202,126.958,140.908
ROCK,261009-145659-ROCK-2,158.156,326.815,204.068,325.479,245.716,309.557,280.778,300.218,308.508,302.478,235.18,232.914,260.735,192.401,274.484,166.139,285.669,141.392,205.873,223.398,213.709,197.221,206.679,235.195,199.739,264.844,175.669,220.686,178.583,190.485,180.634,224.556,181.811,251.633,147.332,222.982,132.871,185.543,125.34,164.6,121.325,138.99
ROCK,261009-145659-ROCK-2,152.497,323.745,198.998,326.033,242.639,314.708,278.524,307.29,307.638,311.414,233.535,232.19,257.897,192.792,273.04,166.064,285.183,141.964,203.777,222.169,207.571,193.417,198.202,233.012,191.67,263.283,174.255,218.878,173.378,190.23,173.12,224.423,174.776,249.349,146.416,219.216,135.594,182.016,129.31,161.536,127.463,135.516
ROCK,261009-145659-ROCK-2,151.113,322.349,197.547,326.166,240.664,315.964,275.804,309.944,305.459,314.498,234.741,233.004,259.545,194.244,274.321,167.133,285.901,143.393,204.785,222.087,205.703,194.922,194.719,232.587,187.762,261.776,175.224,218.301,172.357,192.586,169.693,226.333,170.34,249.665,148.073,217.977,138.892,181.554,133.171,162.106,132.269,137.275
ROCK,261009-145659-ROCK-2,155.254,325.662,201.659,325.903,245.006,310.384,280.824,300.786,308.27,304.174,234.131,233.878,259.059,192.827,273.221,166.294,285.121,141.922,205.635,224.261,212.793,197.133,205.956,236.036,199.89,266.289,176.228,221.069,178.189,191.734,180.294,226.892,182.043,254.124,147.886,221.989,134.643,184.729,127.971,163.432,124.882,137.141
ROCK,261009-145659-ROCK-2,159.078,327.937,205.16,325.155,246.598,305.861,281.864,293.299,309.359,293.079,237.199,231.913,261.784,190.106,274.712,164.436,285.91,140.334,209.615,223.731,220.127,198.521,217.999,235.265,213.951,263.956,180.209,222.841,185.13,195.907,191.876,230.777,195.408,258.187,151.947,226.773,137.129,188.911,128.511,166.794,122.333,139.856
ROCK,261009-145659-ROCK-2,165.465,328.975,209.851,323.511,248.16,301.749,281.095,288.441,307.428,287.376,237.38,234.237,262.207,190.404,275.788,164.225,287.603,140.506,212.526,228.158,229.797,210.673,229.713,247.305,224.724,275.044,185.477,228.117,194.624,203.47,204.976,237.816,209.693,265.357,158.954,232.994,142.612,196.693,132.752,174.419,125.074,147.839
ROCK,261009-145659-ROCK-2,173.844,333.264,216.86,321.919,252.079,295.724,281.339,279.983,305.361,276.246,235.008,233.79,260.601,192.328,275.254,166.272,287.307,143.615,210.775,230.386,233.371,219.642,235.252,255.29,231.412,281.89,185.922,234.621,201.485,221.886,211.965,255.296,215.512,280.57,162.575,243.932,144.936,210.471,135.338,189.128,128.184,165.711
ROCK,261009-145659-ROCK-2,172.002,330.081,217.728,321.031,252.386,296.02,280.202,278.313,305.502,271.356,230.928,240.822,254.653,203.485,268.522,175.405,279.642,152.639,202.198,236.04,219.551,240.828,223.16,274.296,221.932,298.327,173.315,243.403,183.863,246.013,198.407,276.684,206.026,300.341,149.528,257.858,128.752,233.147,114.251,216.977,102.214,198.52
ROCK,261009-145659-ROCK-2,170.479,336.258,216.151,329.124,252.862,307.295,282.962,293.515,310.25,290.922,228.317,248.515,246.405,212.105,256.658,183.426,265.411,159.06,196.564,240.019,198.709,248.735,198.271,283.47,197.167,306.097,165.128,245.039,161.347,253.081,169.644,285.69,175.907,308.64,138.331,256.31,114.944,230.107,97.175,213.262,82.067,193.879
ROCK,261009-145659-ROCK-2,157.392,341.164,201.946,341.636,244.958,326.761,280.27,317.133,312.715,319.19,221.49,253.705,235.479,211.818,243.794,181.758,250.32,155.971,190.418,240.762,175.046,239.997,169.416,282.886,170.961,307.022,157.932,241.151,138.16,237.476,141.198,276.496,149.506,300.35,127.026,247.126,109.427,215.374,93.929,197.717,81.723,175.366
ROCK,261009-145659-ROCK-2,149.871,343.319,194.525,343.398,237.592,330.342,273.937,320.636,304.984,325.574,215.364,249.087,232.418,204.838,241.825,174.909,247.79,148.081,185.644,238.041,170.138,222.654,162.029,265.731,160.996,293.345,156.139,237.454,136.045,221.621,136.555,259.898,142.585,284.787,127.369,242.052,113.662,207.178,101.236,187.061,92.245,162.408
ROCK,261009-145659-ROCK-2,147.723,344.951,192.228,344.882,237.448,329.799,275.296,320.433,306.794,324.946,222.188,246.372,243.59,202.777,254.446,173.079,262.897,146.566,192.614,235.394,181.734,213.211,168.694,254.326,164.899,283.262,162.818,233.588,147.6,212.068,144.057,247.851,147.549,272.771,134.01,237.041,121.826,201.139,111.325,180.062,105.061,155.243
ROCK,261009-145659-ROCK-2,150.592,343.077,196.195,342.302,240.558,326.475,277.61,316.43,308.069,319.815,228.676,245.351,250.463,202.189,263.224,173.347,272.83,147.503,197.435,236.146,195.94,208.659,187.85,249.793,183.994,279.371,166.79,234.678,161.499,206.17,161.785,239.841,164.534,263.5,138.084,237.515,125.743,200.585,117.949,180.05,113.995,153.628
ROCK,261009-145659-ROCK-2,158.35,347.391,205.417,339.873,246.201,314.975,280.554,299.465,309.081,297.019,229.173,242.913,249.056,197.497,259.04,169.496,267.956,144.137,199.264,237.113,206.161,213.769,204.802,253.424,201.954,284.772,168.704,238.272,170.934,212.654,178.491,248.345,183.108,276.696,139.917,244.147,121.328,207.081,111.279,185.291,103.782,159.067
ROCK,261009-145659-ROCK-2,160.781,344.993,206.63,337.222,245.737,311.92,279.471,295.552,307.051,292.746,227.362,241.126,246.315,195.195,256.563,167.314,264.684,141.256,198.492,236.57,208.36,214.943,209.997,255.437,207.306,285.651,168.799,238.845,171.686,212.967,182.818,249.11,189.046,277.144,141.313,245.861,121.807,209.431,110.647,188.119,101.531,161.528
ROCK,261009-145659-ROCK-2,161.08,344.846,206.863,337.213,245.723,311.604,279.261,295.087,306.499,292.201,227.749,241.343,247.43,195.317,257.832,167.105,266.373,141.434,198.749,237.269,208.489,216.119,209.824,255.093,207.525,285.005,169.096,239.655,172.78,215.741,183.738,250.953,189.846,278.744,141.692,246.627,122.504,209.434,111.454,187.152,102.713,160.548
ROCK,261009-145659-ROCK-2,161.002,343.884,207.117,336.65,244.799,311.266,277.638,294.918,304.552,290.828,226.937,242.568,246.61,196.462,256.979,167.558,265.778,141.615,198.281,238.712,209.785,218.757,210.905,257.324,208.418,287.283,168.961,241.224,172.985,219.913,184.87,253.836,191.96,280.282,141.869,247.838,122.373,211.202,110.752,189.443,101.719,163.545
ROCK,261009-145659-ROCK-2,160.244,344.372,206.041,337.35,244.94,312.593,278.566,296.424,305.899,292.948,227.198,242.604,246.878,196.664,257.595,167.939,266.435,141.794,198.252,238.298,208.873,217.924,209.919,257.104,207.332,286.787,168.629,240.521,171.989,218.074,183.71,252.866,190.787,279.557,141.243,247.019,122.577,210.235,111.395,188.705,102.592,162.514
ROCK,261009-145659-ROCK-2,159.616,343.337,205.33,336.695,245.044,312.267,278.411,296.439,305.254,293.36,227.387,241.66,246.963,195.726,257.833,167.57,266.421,141.892,198.537,237.106,208.558,216.865,208.939,256.906,205.48,286.769,169.03,239.249,172.706,215.689,182.981,251.272,188.466,278.483,141.426,245.71,122.777,208.683,111.844,186.646,103.047,159.811
ROCK,261009-145659-ROCK-2,158.936,341.797,205.69,336.532,245.355,314.844,279.302,300.888,307.326,298.895,229.511,242.167,249.735,198.117,261.017,170.325,269.891,144.708,200.46,236.602,208.272,215.156,207.569,254.567,204.363,283.887,170.575,237.632,172.968,214.003,181.201,249.342,185.697,276.139,142.453,242.717,125.007,204.968,115.042,182.806,107.375,155.893
ROCK,261009-145659-ROCK-2,156.473,342.558,202.439,338.099,243.006,316.52,277.514,302.897,305.666,301.401,229.473,243.214,250.256,199.356,262.223,171.071,271.52,145.226,200.126,236.714,206.426,215.463,204.102,255.15,199.959,284.432,169.992,236.931,171.675,213.722,178.451,249.807,182.102,276.561,141.852,241.497,125.202,203.467,115.956,181.635,109.314,154.563
ROCK,261009-145659-ROCK-2,158.176,340.078,203.74,334.261,243.349,311.227,277.287,296.831,304.142,294.003,227.538,239.934,247.933,194.901,258.973,167.067,267.877,141.301,199.165,234.405,208.933,214.096,207.927,253.937,203.938,283.184,169.646,235.527,173.543,211.91,181.996,247.808,186.249,275.161,142.109,241.175,124.405,204.206,113.716,182.972,105.336,156.659
ROCK,261009-145659-ROCK-2,152.189,337.709,199.098,336.149,241.37,319.053,277.529,308.442,306.627,310.77,230.103,243.303,253.357,201.412,266.551,173.642,276.754,148.121,200.779,235.358,207.364,208.255,201.376,247.003,195.11,276.526,170.989,233.253,172.55,204.125,175.33,238.378,177.106,264.094,143.24,234.496,128.833,197.424,120.811,177.053,116.463,151.064
ROCK,261009-145659-ROCK-2,148.589,338.963,195.524,339.086,239.929,323.458,276.101,313.131,305.692,316.269,228.678,244.376,250.794,202.654,264.099,174.62,274.651,149.745,198.198,235.337,199.711,209.606,191.051,249.383,185.717,278.187,168.006,232.944,164.462,205.826,164.158,239.737,166.135,263.524,139.916,233.908,127.91,196.572,120.353,175.977,116.976,149.749
ROCK,261009-145659-ROCK-2,147.593,340.593,192.792,340.881,237.469,324.588,274.797,314.25,305.571,317.476,223.441,245.688,243.807,204.05,255.353,175.732,264.683,150.219,193.237,235.835,188.531,215.336,180.53,257.486,177.673,286.284,162.781,233.602,152.08,212.616,153.573,249.205,158.305,274.216,133.956,235.663,119.789,199.291,110.166,179.31,104.485,153.942
ROCK,261009-145659-ROCK-2,153.751,344.239,200.408,340.454,243.349,321.005,279.159,309.209,310.051,310.824,225.969,248.114,245.005,204.795,255.798,176.376,264.844,150.574,194.157,240.173,192.917,221.232,188.88,262.869,186.813,291.772,162.243,239.562,156.329,220.695,161.431,259.517,167.119,286.384,132.574,243.261,115.404,206.33,104.39,185.985,97.058,159.885
ROCK,261009-145659-ROCK-2,159.286,345.155,205.216,338.501,245.676,316.485,279.676,303.919,309.048,302.113,227.487,246.21,247.695,202.686,259.486,174.894,268.597,148.851,196.682,240.206,200.002,221.823,199.348,263.148,197.286,292.425,165.163,241.58,163.851,221.988,171.319,260.371,176.311,287.822,136.19,247.54,117.167,210.735,105.323,189.851,96.065,163.481
UNKNOWN,261009-145659-UNKNOWN-1,497.472,394.474,461.372,379.396,438.752,344.241,459.145,313.949,488.814,303.962,435.315,295.542,412.988,255.318,401.461,228.661,392.976,206.262,463.105,283.779,451.574,236.632,445.319,207.404,439.846,183.158,490.974,286.355,492.104,240.859,490.588,212.055,488.812,188.424,517.898,299.092,540.09,269.944,553.183,248.679,563.837,230.268
UNKNOWN,261009-145659-UNKNOWN-1,496.045,394.736,460.771,379.458,437.878,344.397,458.008,313.91,487.934,302.635,435.117,295.957,412.828,255.493,401.495,228.803,393.358,206.376,462.895,284.313,451.28,236.912,444.774,207.518,439.266,183.126,490.735,286.865,491.815,241.607,490.092,212.58,488.262,188.542,517.596,299.424,539.815,270.537,552.975,249.148,563.791,230.458
UNKNOWN,261009-145659-UNKNOWN-1,497.125,393.656,460.879,378.106,439.744,344.278,459.197,314.889,485.943,301.871,436.048,295.076,413.803,254.107,402.478,227.347,394.157,205.008,463.982,283.56,452.253,236.113,444.989,207.043,438.291,182.982,492.101,286.07,492.832,239.965,491.118,211.204,488.856,187.263,519.255,298.775,541.578,269.988,554.682,248.812,565.142,230.184
UNKNOWN,261009-145659-UNKNOWN-1,495.933,394.976,460.363,379.413,438.572,343.066,459.734,312.547,489.992,303.332,435.694,293.972,414.376,253.177,403.406,226.41,395.175,204.078,463.595,282.828,452.263,235.433,445.194,205.77,438.625,181.089,491.604,285.993,492.82,239.71,491.178,210.767,488.996,186.635,518.428,299.332,540.983,270.31,554.041,248.879,564.654,229.911
UNKNOWN,261009-145659-UNKNOWN-1,486.95,396.854,449.15,381.928,427.158,350.212,444.923,324.521,467.085,311.854,431.818,296.257,411.124,255.11,399.684,228.69,390.537,205.846,458.612,287.228,450.332,238.084,444.054,207.718,437.109,181.61,484.029,292.107,487.193,244.283,487.947,214.041,486.656,188.698,508.053,307.327,529.358,277.99,541.714,257.001,551.042,237.956
UNKNOWN,261009-145659-UNKNOWN-1,480.82,394.802,441.174,381.977,414.972,349.531,431.494,324.277,460.397,319.485,423.932,296.788,402.228,258.873,389.009,234.259,378.391,212.535,447.027,288.885,436.275,240.864,428.732,210.571,422.748,184.593,469.375,293.532,470.115,247.349,469.263,216.592,468.339,190.912,490.757,307.061,504.911,276.006,513.781,254.628,521.137,235.264
UNKNOWN,261009-145659-UNKNOWN-1,482.03,392.265,441.653,380.974,415.69,347.286,433.285,319.08,461.116,310.279,421.165,296.428,398.979,259.648,385.195,235.81,374.084,214.369,443.728,286.459,430.815,239.941,421.556,210.606,413.781,185.315,465.684,289.304,464.282,243.601,462.205,213.188,459.94,187.492,486.801,301.245,498.637,269.439,506.348,247.216,512.608,227.132
UNKNOWN,261009-145659-UNKNOWN-1,486.031,389.588,444.411,379.325,415.564,345.85,432.056,315.35,463.151,307.222,420.963,294.698,398.338,258.94,384.641,235.477,373.747,214.24,443.305,283.18,429.715,238.388,420.534,209.802,412.747,185.131,465.988,284.374,463.084,239.786,459.897,209.975,456.577,184.901,488.6,294.464,499.536,261.219,506.078,238.006,511.227,217.179
UNKNOWN,261009-145659-UNKNOWN-1,492.964,386.586,452.31,372.457,425.373,337.017,439.908,306.546,465.464,296.27,427.332,288.835,404.205,250.56,391.575,225.699,382.49,204.743,452.964,277.868,439.592,231.421,431.422,202.404,425.056,179.014,478.711,279.559,476.586,233.894,473.917,203.904,470.778,179.693,503.723,290.433,517.066,257.364,524.226,233.796,529.542,212.904
UNKNOWN,261009-145659-UNKNOWN-1,496.512,386.462,457.915,369.594,437.346,334.941,450.182,304.914,465.295,288.136,435.682,285.152,414.045,243.839,402.631,217.424,394.67,195.453,462.903,275.21,451.31,226.953,444.117,196.969,438.124,172.813,490.12,277.864,490.625,230.777,489.396,201.563,487.038,177.81,516.565,289.736,533.974,257.967,543.227,235.467,549.958,215.469
UNKNOWN,261009-145659-UNKNOWN-1,500.624,390.033,462.826,371.754,442.659,336.729,460.82,308.861,482.883,295.836,443.896,285.47,425.263,241.757,415.767,214.061,409.057,191.443,472.567,276.46,463.597,226.141,457.485,195.383,451.94,171.058,500.803,281.123,503.868,233.212,503.643,203.317,502.169,178.773,527.835,295.512,549.136,265.543,561.119,244.146,570.285,225.06
UNKNOWN,261009-145659-UNKNOWN-1,500.187,396.995,463.528,378.997,444.068,346.828,461.235,321.202,482.775,306.979,445.952,292.463,428.752,247.891,420.23,219.436,414.024,195.582,474.945,283.455,467.524,231.98,461.889,199.708,455.656,173.141,503.166,288.991,507.817,239.924,509.078,208.757,508.2,182.476,530.03,305.03,553.179,276.21,566.192,254.749,575.948,235.286
UNKNOWN,261009-145659-UNKNOWN-1,494.119,404.301,456.994,387.862,435.819,355.753,452.724,330.245,475.534,316.727,442.129,298.554,424.156,254.891,414.982,226.885,408.111,202.733,470.595,290.417,463.22,238.719,457.379,205.903,450.772,177.989,497.507,297.061,502.924,248.233,504.28,215.853,503.07,188.578,522.811,314.343,545.898,284.784,558.789,262.714,568.147,242.595
UNKNOWN,261009-145659-UNKNOWN-1,486.902,405.05,447.744,389.812,423.762,361.818,438.362,342.675,462.558,337.331,435.915,301.795,415.738,260.114,403.814,233.612,393.852,210.107,461.628,295.936,453.052,245.174,446.476,212.804,440.361,185.079,486.239,304.499,491.045,256.763,492.598,224.498,492.479,197.28,508.913,323.428,528.717,294.777,539.806,273.701,548.228,253.81
UNKNOWN,261009-145659-UNKNOWN-1,483.748,400.867,444.124,390.668,415.635,362.316,430.67,338.295,461.755,332.597,422.618,304.157,400.086,265.382,385.475,240.543,372.777,218.487,446.417,297.31,433.013,248.523,423.544,217.313,415.714,190.035,469.627,304.243,468.932,257.939,467.303,226.624,465.261,199.685,491.747,320.796,504.114,291.464,511.177,271.15,516.568,251.834
UNKNOWN,261009-145659-UNKNOWN-1,479.552,396.357,439.651,386.515,410.168,357.898,419.568,335.837,443.472,328.175,415.69,300.009,391.99,261.84,376.297,238.34,362.667,217.296,438.361,291.483,422.856,243.149,411.778,213.237,401.654,187.207,461.252,296.113,457.258,249.336,453.493,218.217,448.759,191.689,483.041,310.271,491.858,276.807,496.527,253.801,499.095,232.341
UNKNOWN,261009-145659-UNKNOWN-1,480.953,388.576,440.282,376.737,414.403,345.911,428.695,318.874,454.752,311.375,417.536,291.579,393.537,254.53,378.067,230.835,365.743,209.509,439.629,281.294,423.285,235.432,411.046,206.219,400.441,181.551,462.592,283.614,458.288,237.271,453.685,206.789,448.637,181.477,485.451,295.421,493.981,260.798,497.623,236.912,499.515,215.243
UNKNOWN,261009-145659-UNKNOWN-1,496.235,378.507,456.057,365.952,428.426,334.077,440.975,305.896,466.091,295.564,428.346,280.58,403.531,241.114,389.773,216.011,379.286,194.325,452.825,269.14,435.649,222.287,424.414,193.216,414.792,168.882,479.022,270.057,472.817,222.587,468.244,192.566,463.178,167.789,505.595,280.157,513.191,244.289,516.395,219.972,518.065,198.172
UNKNOWN,261009-145659-UNKNOWN-1,507.553,378.019,468.259,360.083,445.567,327.782,457.272,300.563,472.829,285.615,444.973,273.341,423.43,232.108,412.27,206.002,404.19,183.861,471.975,264.067,458.411,215.379,449.482,185.78,441.964,161.664,500.164,267.076,496.622,218.955,492.807,189.111,488.505,164.395,528.507,279.118,539.701,243.622,545.288,219.776,549.014,198.08
UNKNOWN,261009-145659-UNKNOWN-1,515.169,383.71,474.713,363.985,453.561,330.947,467.648,303.147,485.739,287.225,456.452,278.259,436.649,233.853,427.275,206.44,420.839,183.513,484.936,269.22,472.71,217.829,465.482,186.81,459.119,161.637,513.644,273.132,512.538,222.894,511.185,191.877,508.332,166.815,542.206,286.532,556.547,251.068,563.615,226.922,568.007,205.212
UNKNOWN,261009-145659-UNKNOWN-1,521.24,399.637,482.56,379.445,461.95,344.783,474.395,316.057,491.065,299.337,465.207,291.574,445.919,245.956,436.397,217.412,429.39,193.303,493.895,282.846,482.2,229.942,474.818,197.647,467.673,171.281,523.096,287.712,522.202,236.315,521.193,204.271,518.32,178.073,552.121,302.551,567.624,267.44,575.483,243.304,580.445,221.895
UNKNOWN,261009-145659-UNKNOWN-1,520.812,417.615,484.022,399.063,463.985,365.679,474.398,337.499,490.054,320.284,467.502,305.273,448.72,259.242,439.46,230.129,432.777,205.644,496.702,296.804,485.724,243.333,478.657,209.969,471.546,182.788,526.204,302.815,526.162,250.994,526.067,218.056,523.561,190.952,555.217,319.58,572.71,284.461,581.974,260.055,588.075,238.402
UNKNOWN,261009-145659-UNKNOWN-1,512.029,437.102,473.278,418.598,452.444,386.164,465.86,360.096,482.856,344.567,454.399,324.547,435.931,278.037,426.69,248.556,420.1,223.686,484.407,316.434,475.041,261.835,468.199,228.049,461.283,200.449,514.504,322.786,516.353,269.861,516.377,236.478,514.07,208.653,543.935,339.743,562.39,304.32,572.668,280.027,580.023,258.331
UNKNOWN,261009-145659-UNKNOWN-1,490.334,444.167,449.651,427.363,419.01,402.601,400.399,388.341,380.669,384.706,430.878,330.013,408.835,285.145,397.037,256.941,387.206,232.814,459.796,323.511,447.808,269.872,438.381,236.037,429.399,207.204,488.99,330.532,488.674,277.43,486.779,243.301,483.518,213.15,518.158,347.364,534.692,310.277,543.611,284.902,549.425,260.49
UNKNOWN,261009-145659-UNKNOWN-1,475.141,431.523,432.906,417.259,408.006,385.492,419.263,358.027,434.065,341.039,412.348,321.674,388.92,278.079,375.205,250.079,364.664,225.393,439.745,312.555,424.232,259.054,413.732,225.532,404.341,196.482,467.754,317.147,464.375,264.964,461.631,231.102,457.337,201.312,495.966,331.561,509.402,294.493,516.38,268.88,520.372,244.312
UNKNOWN,261009-145659-UNKNOWN-1,470.335,406.958,429.927,392.996,405.13,361.618,418.808,333.701,438.695,318.621,407.936,301.333,383.404,258.171,369.391,230.469,358.841,205.768,435.301,291.013,418.758,238.3,408.113,205.268,398.309,176.311,463.161,294.26,459.344,243.651,455.905,210.462,450.855,181.587,491.171,307.033,503.963,269.373,510.496,243.292,513.805,218.466
UNKNOWN,261009-145659-UNKNOWN-1,477.967,386.754,437.247,369.526,413.113,335.569,427.123,306.382,447.919,291.093,414.639,278.37,390.914,235.455,377.668,208.611,367.669,185.514,441.654,268.999,426.682,217.046,416.587,185.136,407.349,158.884,469.724,272.509,465.656,221.697,461.881,189.187,456.827,162.052,498.049,285.242,510.812,247.325,516.74,221.24,519.845,197.329
UNKNOWN,261009-145659-UNKNOWN-1,490.863,384.378,449.481,366.823,425.6,332.423,441.2,303.069,462.535,287.999,426.583,275.014,403.311,231.497,390.61,203.824,381.107,180.114,454.293,265.416,439.849,212.661,430.247,180.384,421.421,153.624,482.718,268.773,479.164,216.423,476.085,183.872,471.597,156.863,511.45,281.554,524.552,242.959,531.323,217.139,535.182,193.661
UNKNOWN,261009-145659-UNKNOWN-1,499.256,389.615,457.733,371.729,432.981,336.314,445.557,304.701,462.263,285.588,435.542,279.037,413.842,234.332,402.237,206.427,393.581,182.786,463.798,269.596,449.713,216.274,440.56,183.941,432.467,157.472,492.726,273.503,490.484,221.383,487.712,188.52,483.732,161.103,521.725,287.076,536.379,250.389,543.416,224.553,547.838,200.671
UNKNOWN,261009-145659-UNKNOWN-1,506.141,405.499,465.786,388.981,439.998,355.348,451.56,326.126,471.192,309.835,443.464,294.705,422.029,249.279,410.354,220.189,401.392,195.076,472.411,285.375,459.576,231.178,450.554,197.313,441.863,168.611,501.646,290.039,500.121,237.181,498.106,203.508,494.35,175.571,530.468,304.908,545.696,268.06,553.787,242.176,559.018,218.755
UNKNOWN,261009-145659-UNKNOWN-1,502.324,418.368,462.586,401.095,437.893,368.014,450.059,339.882,470.591,323.558,441.351,304.669,420.59,259.026,408.754,230.387,399.574,205.992,470.278,295.946,458.049,241.529,449.013,207.242,440.302,178.906,499.759,301.242,499.138,248.393,497.338,214.309,493.483,186.37,528.756,316.836,545.267,280.289,553.939,254.639,559.726,231.706
UNKNOWN,261009-145659-UNKNOWN-1,498.864,423.507,458.259,407.0,431.731,372.438,447.206,343.479,472.416,328.263,435.083,309.602,413.901,264.687,402.191,235.91,392.987,211.117,464.222,300.867,452.168,246.307,443.4,212.431,434.47,183.583,493.648,306.429,492.558,253.486,490.868,219.186,487.045,190.001,522.662,322.036,537.995,284.206,546.994,258.486,552.935,235.072
UNKNOWN,261009-145659-UNKNOWN-1,487.225,419.035,446.803,402.64,422.568,368.774,438.839,340.94,460.41,326.352,424.846,305.872,402.925,261.723,390.252,233.271,380.492,208.61,453.345,296.896,440.306,242.93,430.477,209.444,421.05,180.929,482.001,302.055,480.835,250.033,478.161,216.332,473.686,187.305,510.301,317.196,525.377,280.182,533.128,254.495,537.694,230.41
UNKNOWN,261009-145659-UNKNOWN-1,484.254,412.245,443.924,396.389,419.318,362.656,436.736,334.99,460.616,321.04,422.193,299.983,399.528,256.47,386.974,227.999,377.569,203.234,450.759,290.889,437.244,237.799,427.705,204.601,418.423,175.79,479.045,295.755,477.193,243.784,474.516,210.707,469.737,181.944,507.0,310.599,521.338,272.327,528.88,246.591,532.918,222.38
UNKNOWN,261009-145659-UNKNOWN-1,488.306,403.903,448.306,386.701,424.067,352.11,441.377,323.925,467.071,311.614,426.868,292.463,404.232,248.129,391.289,220.211,381.302,196.143,454.99,283.755,441.132,230.182,432.519,197.101,424.805,169.365,483.459,288.651,481.387,236.284,478.84,203.402,474.661,175.745,511.861,303.182,526.504,265.687,534.09,239.935,538.704,216.204
UNKNOWN,261009-145659-UNKNOWN-1,495.343,399.578,454.639,381.092,432.262,346.265,448.824,317.74,469.765,303.989,434.987,287.834,413.705,243.561,402.456,215.117,394.345,190.742,463.358,279.287,450.939,225.723,442.346,192.518,434.323,164.808,491.801,283.681,490.691,230.761,488.709,198.033,485.028,170.823,519.984,297.405,535.81,260.176,543.851,234.031,548.874,210.179
UNKNOWN,261009-145659-UNKNOWN-1,503.018,398.396,462.853,380.796,439.96,344.922,456.646,315.759,478.848,301.901,443.491,285.922,422.868,241.589,411.992,213.21,404.0,188.828,472.342,277.039,460.516,224.008,452.357,190.873,444.339,162.777,501.045,281.872,500.481,229.99,499.126,197.425,495.775,169.93,529.412,296.357,545.818,259.248,554.743,233.67,560.529,210.145
UNKNOWN,261009-145659-UNKNOWN-1,505.939,397.095,466.735,378.693,446.212,343.896,465.347,316.176,488.22,302.642,448.876,285.122,428.629,240.26,418.693,212.051,411.557,187.932,477.836,276.188,466.559,223.218,458.768,190.836,451.06,163.633,506.741,281.149,507.206,229.942,505.952,197.643,502.535,170.651,535.381,295.983,552.674,260.052,561.835,235.388,567.804,212.907
UNKNOWN,261009-145659-UNKNOWN-1,508.626,398.211,469.126,381.308,448.73,346.513,470.069,318.734,496.071,305.445,449.983,285.505,430.529,239.436,421.063,210.413,413.986,185.889,479.809,276.448,469.139,222.83,461.696,190.013,453.594,162.561,509.188,281.766,509.599,230.527,508.557,197.956,504.867,170.768,538.182,296.833,555.348,259.454,565.21,234.917,571.385,212.997
UNKNOWN,261009-145659-UNKNOWN-1,504.127,397.146,463.284,378.344,440.75,341.958,461.576,315.575,487.07,305.787,450.786,282.615,433.385,236.417,424.683,207.447,418.464,183.098,480.278,275.463,472.041,221.247,466.295,188.216,460.661,160.528,508.316,282.356,513.123,230.19,514.882,197.287,514.084,170.018,535.217,299.313,554.673,263.703,564.998,239.415,571.908,217.005
UNKNOWN,261009-145659-UNKNOWN-1,501.114,394.779,460.405,375.073,435.309,338.126,455.277,313.466,485.016,308.002,451.56,281.332,435.29,235.014,425.758,206.025,418.114,180.83,479.014,275.794,471.941,221.734,466.912,187.99,462.484,158.923,504.494,283.417,510.109,232.673,513.472,199.435,514.895,171.923,528.007,300.302,545.689,265.582,556.682,242.074,565.058,220.876
UNKNOWN,261009-145659-UNKNOWN-1,502.543,393.562,461.067,375.722,434.315,338.32,453.703,314.57,485.882,311.944,451.619,281.628,435.727,235.519,425.68,206.924,417.39,181.956,477.253,275.405,469.968,222.425,464.317,189.265,459.014,160.443,500.946,282.551,506.487,231.779,509.377,198.886,510.267,171.389,522.889,299.277,538.655,264.827,548.28,241.671,555.423,220.885
UNKNOWN,261009-145659-UNKNOWN-1,501.078,394.593,460.332,377.152,433.238,338.225,454.29,312.657,489.444,310.731,450.951,281.318,435.298,236.305,425.055,208.004,416.836,183.094,476.217,274.599,468.462,222.54,463.102,189.678,458.688,160.908,499.665,281.367,504.8,231.965,507.13,199.443,508.07,171.982,521.545,297.542,536.783,263.801,546.37,241.382,553.785,221.247
UNKNOWN,261009-145659-UNKNOWN-1,501.031,394.893,459.475,376.608,433.871,339.463,453.845,313.508,483.344,307.034,449.72,283.635,432.641,238.103,422.585,209.322,414.624,184.323,476.995,277.075,468.704,223.851,462.734,190.448,457.368,161.67,502.589,284.171,507.347,233.468,509.372,200.296,509.398,172.354,526.734,301.072,543.324,265.504,553.226,241.655,560.19,219.804
UNKNOWN,261009-145659-UNKNOWN-1,505.721,398.171,464.592,380.17,442.809,344.677,460.52,316.203,482.034,301.508,450.095,286.403,431.082,240.084,421.663,210.765,414.947,185.659,479.667,278.538,470.024,223.74,464.122,189.828,458.156,160.803,507.94,284.639,510.314,232.227,511.416,198.883,510.105,170.653,535.283,300.444,552.544,264.434,562.319,239.971,568.834,217.197
UNKNOWN,261009-145659-UNKNOWN-1,510.195,398.982,469.816,381.278,448.23,345.159,466.722,315.424,490.789,300.846,450.973,287.258,433.044,241.247,424.327,211.88,417.97,186.842,481.094,278.171,471.539,224.301,464.943,191.236,458.178,162.874,510.76,283.231,512.209,230.998,512.09,198.388,509.842,170.121,539.808,298.05,556.897,262.014,566.704,237.639,573.3,215.075
UNKNOWN,261009-145659-UNKNOWN-1,512.015,399.114,472.452,380.97,452.537,344.645,474.402,315.723,502.63,302.27,452.938,287.886,435.812,240.405,428.003,210.354,422.114,185.071,483.133,278.547,473.952,224.365,467.812,191.241,461.169,163.459,513.134,283.35,514.385,231.094,514.024,198.9,511.378,171.253,542.632,297.783,559.813,262.246,569.858,238.11,576.704,216.154
UNKNOWN,261009-145659-UNKNOWN-1,512.796,399.981,474.15,381.211,454.743,344.48,479.156,316.316,509.219,304.525,453.798,288.124,436.592,240.62,428.857,210.646,423.31,185.236,484.012,278.844,474.765,224.658,468.358,191.156,461.723,162.914,513.888,283.79,516.794,231.659,517.023,199.389,514.775,171.548,543.138,298.318,561.315,262.314,571.63,238.145,578.378,216.152
UNKNOWN,261009-145659-UNKNOWN-1,504.053,400.523,463.442,381.19,439.819,345.288,460.115,319.525,487.513,309.41,453.567,286.429,437.882,238.583,430.238,208.814,424.558,183.414,483.64,280.341,477.689,224.957,473.353,190.822,468.2,161.333,511.632,288.197,518.15,235.819,521.425,201.794,521.536,173.79,537.836,305.673,558.224,269.766,569.724,245.455,577.668,223.423
UNKNOWN,261009-145659-UNKNOWN-1,504.992,399.622,463.737,381.177,437.14,343.832,454.685,317.678,482.033,311.2,449.934,287.595,430.812,242.451,420.848,213.84,413.599,189.486,477.743,279.504,467.958,226.368,461.204,193.295,455.227,165.139,504.475,284.707,507.265,233.284,508.056,200.422,507.278,173.432,529.942,299.571,546.633,264.108,555.883,239.4,562.524,216.621
UNKNOWN,261009-145659-UNKNOWN-1,504.489,397.991,461.756,379.135,435.111,341.482,454.617,313.874,484.402,307.134,448.97,286.315,429.868,241.903,419.088,213.907,410.899,189.577,476.102,278.114,465.996,225.392,458.898,192.892,453.005,165.055,501.951,283.113,504.356,232.177,504.457,199.951,503.592,173.269,526.786,297.808,542.38,262.16,550.768,237.527,556.858,214.704
UNKNOWN,261009-145659-UNKNOWN-1,504.269,397.003,461.695,381.375,433.287,343.443,449.98,315.833,479.08,309.916,447.893,287.902,428.767,243.964,417.12,216.342,407.843,192.329,473.099,279.406,462.963,227.37,455.775,195.228,449.434,167.475,497.23,283.508,498.647,233.748,498.566,201.357,497.231,174.504,520.376,296.986,533.264,261.253,540.214,236.955,545.093,214.788
UNKNOWN,261009-145659-UNKNOWN-1,503.42,395.338,461.362,378.961,434.072,340.641,454.721,312.176,489.528,308.826,448.538,286.098,429.96,242.833,418.466,215.067,409.683,190.455,473.802,277.508,463.445,227.278,455.984,195.033,449.44,166.723,498.114,282.061,500.145,232.968,500.106,200.709,498.998,173.638,521.561,296.098,534.54,261.126,541.753,236.956,547.126,215.207
UNKNOWN,261009-145659-UNKNOWN-1,509.268,393.685,467.793,376.317,441.65,339.037,456.297,310.246,480.288,299.841,449.827,282.94,429.881,238.145,419.275,210.512,411.276,186.976,477.482,274.277,466.252,221.765,459.087,189.721,452.097,162.838,504.801,278.356,504.182,227.136,503.163,194.748,500.355,168.391,531.452,291.696,545.65,254.303,553.388,228.548,558.706,205.349
UNKNOWN,261009-145659-UNKNOWN-1,514.069,390.287,472.038,373.497,447.463,336.812,465.319,305.902,490.846,293.469,451.711,279.537,430.999,235.416,420.473,207.588,412.967,183.737,479.775,270.254,467.76,218.789,460.445,187.23,453.704,160.495,507.358,273.835,506.304,224.066,504.289,192.146,500.933,166.071,534.619,286.539,548.926,249.468,556.271,224.378,561.096,201.549
UNKNOWN,261009-145659-UNKNOWN-1,516.97,388.26,476.105,369.566,452.259,332.485,471.258,302.301,499.15,291.108,453.692,278.628,433.689,233.624,424.537,205.401,418.163,181.59,481.754,269.268,469.681,217.461,462.597,186.286,456.206,160.367,510.156,272.465,508.4,222.139,506.446,190.719,503.225,164.914,538.681,284.449,552.51,247.535,559.821,222.586,564.692,200.257
UNKNOWN,261009-145659-UNKNOWN-1,517.034,391.668,478.213,370.711,459.321,333.511,476.669,304.377,498.197,290.029,460.598,279.458,444.215,233.278,437.284,204.373,432.814,179.989,489.982,270.944,481.671,217.544,476.83,185.089,472.062,158.012,518.809,275.622,520.118,223.894,520.336,192.211,518.653,166.044,546.955,290.007,564.628,255.661,574.446,231.755,581.366,210.445
UNKNOWN,261009-145659-UNKNOWN-1,515.284,398.826,477.972,376.502,461.119,338.961,475.623,309.457,491.8,291.532,468.43,285.526,454.658,237.965,448.711,208.366,444.787,183.245,498.187,278.041,492.771,222.558,489.364,188.21,485.22,159.058,526.551,284.774,532.118,231.7,535.52,198.894,536.1,171.015,553.564,302.019,575.42,268.752,588.176,244.976,597.392,223.38
UNKNOWN,261009-145659-UNKNOWN-1,514.472,402.152,478.151,383.239,459.758,347.551,476.754,319.74,496.755,303.995,468.746,289.003,455.527,242.172,449.413,213.102,445.223,188.715,499.116,281.879,494.155,226.317,490.404,192.248,485.364,163.19,527.761,290.086,534.794,236.929,538.746,203.194,539.228,174.361,554.757,309.483,578.689,276.807,592.531,253.22,602.306,231.581
UNKNOWN,261009-145659-UNKNOWN-1,511.332,403.735,474.149,385.28,451.88,351.044,468.092,325.872,491.019,314.342,467.477,291.847,453.134,247.008,445.488,219.035,439.477,194.857,496.951,286.017,492.578,230.998,488.424,196.661,483.34,166.861,524.478,295.67,533.479,243.749,537.977,210.003,539.341,180.736,549.989,316.721,574.787,286.343,588.93,264.247,599.314,243.468
UNKNOWN,261009-145659-UNKNOWN-1,504.836,403.753,464.106,386.143,438.779,354.889,450.346,332.806,471.631,324.682,454.756,292.57,436.114,249.312,425.165,222.258,415.886,198.96,482.044,286.416,474.153,232.797,467.809,199.5,461.575,170.801,508.052,294.811,512.28,243.16,514.205,209.848,513.806,181.535,531.774,314.018,549.939,282.533,559.931,260.251,567.201,238.986
UNKNOWN,261009-145659-UNKNOWN-1,503.281,399.253,462.213,384.109,433.763,351.223,446.423,325.982,470.466,318.172,444.741,292.136,422.659,250.145,408.865,223.573,397.679,200.197,469.89,283.424,456.468,231.481,447.274,198.849,439.367,170.653,494.761,288.359,492.936,237.402,491.036,205.395,488.007,178.08,519.028,303.273,530.832,269.021,536.806,245.131,540.57,222.55
UNKNOWN,261009-145659-UNKNOWN-1,503.773,398.46,462.926,382.479,435.375,344.835,451.434,317.284,478.684,310.509,444.213,290.432,422.94,247.715,410.38,220.63,400.379,197.062,469.534,281.305,457.376,229.393,449.133,197.273,441.499,169.839,494.789,285.068,492.886,234.748,490.559,202.099,486.962,174.819,519.446,298.175,530.144,260.784,535.746,235.284,539.006,212.263
UNKNOWN,261009-145659-UNKNOWN-1,509.192,395.678,468.39,376.408,443.947,337.864,461.897,310.645,487.82,303.17,453.221,285.893,435.131,241.32,425.908,213.612,418.989,189.714,480.162,277.189,469.962,224.609,463.697,192.562,457.698,165.342,506.644,281.436,506.879,229.875,506.207,197.604,503.593,171.043,532.567,295.138,547.04,258.236,554.327,232.716,558.785,209.495
UNKNOWN,261009-145659-UNKNOWN-1,512.276,397.17,473.989,375.23,454.039,336.583,470.665,307.913,491.325,295.717,462.355,284.317,447.088,237.425,439.702,208.364,434.184,183.788,491.122,277.507,484.197,222.443,479.719,189.347,474.917,161.871,519.111,283.764,521.656,230.716,522.51,197.727,521.068,170.725,546.148,299.616,563.675,263.607,573.27,239.118,579.868,217.27
UNKNOWN,261009-145659-UNKNOWN-1,514.693,400.361,475.506,380.773,454.906,343.914,471.777,314.744,491.617,298.914,465.434,287.584,450.217,240.757,442.83,211.565,437.462,186.696,494.806,280.039,488.039,224.857,483.571,191.297,478.491,162.613,522.478,286.389,526.466,233.849,528.482,200.978,527.991,173.079,548.937,302.924,568.165,268.547,578.98,244.6,586.528,222.575
UNKNOWN,261009-145659-UNKNOWN-1,511.977,405.946,473.023,386.075,449.655,349.153,465.975,321.269,489.897,308.894,462.833,292.196,447.91,245.924,440.287,216.867,434.579,191.816,492.141,285.57,485.752,230.795,481.448,196.731,476.665,166.77,519.924,292.919,524.315,240.774,526.833,206.949,526.746,178.363,546.227,310.368,565.305,275.909,576.27,251.859,584.225,229.875
UNKNOWN,261009-145659-UNKNOWN-1,505.49,408.977,463.611,391.845,437.624,358.854,450.216,333.117,472.025,322.843,451.819,296.783,433.719,253.643,423.162,226.123,414.584,202.241,479.077,289.885,469.752,236.713,462.804,203.94,456.288,175.798,505.495,296.884,507.048,245.674,507.594,212.927,506.288,185.232,530.522,314.147,545.034,280.008,553.036,256.502,558.636,234.193
UNKNOWN,261009-145659-UNKNOWN-1,501.462,406.686,459.495,390.477,433.071,357.051,449.133,331.926,474.8,325.631,442.99,296.288,421.199,254.96,407.544,228.564,396.582,205.248,468.987,287.985,456.017,236.203,447.197,203.556,439.988,175.754,494.598,293.747,493.226,243.116,491.029,211.07,487.832,183.659,519.276,309.557,530.349,275.132,535.067,250.943,537.559,227.58
UNKNOWN,261009-145659-UNKNOWN-1,501.152,401.871,458.968,387.054,430.322,350.837,445.231,323.208,471.776,315.423,440.515,295.133,418.6,252.653,405.449,225.876,395.064,202.047,465.962,285.998,452.688,234.234,443.659,202.139,435.56,174.021,491.151,289.936,488.711,240.004,486.047,207.775,482.112,180.41,515.553,303.48,524.693,266.963,529.156,242.023,531.392,218.85
UNKNOWN,261009-145659-UNKNOWN-1,504.146,398.386,462.792,381.902,436.035,342.868,455.773,314.003,486.86,307.913,443.269,288.834,422.884,246.679,410.742,219.597,401.204,195.597,468.937,279.33,456.8,228.594,448.446,196.459,440.97,168.92,494.396,282.952,493.12,233.072,491.005,200.79,487.687,173.666,518.981,295.929,529.37,258.731,534.699,233.256,537.898,210.167
UNKNOWN,261009-145659-UNKNOWN-1,502.873,397.457,460.815,380.127,434.851,341.935,453.733,313.003,483.048,304.917,446.137,286.41,425.965,244.359,413.555,217.27,404.043,193.23,471.501,277.013,459.663,226.221,451.642,193.995,445.171,166.701,496.064,280.781,495.346,231.428,493.05,199.998,490.119,174.108,519.872,293.969,530.846,257.187,536.069,232.2,539.242,209.503
UNKNOWN,261009-145659-UNKNOWN-1,501.736,401.877,459.755,386.854,430.844,349.206,444.531,319.527,471.061,313.309,439.025,291.595,417.245,249.919,404.01,223.584,393.591,200.675,463.449,281.403,449.307,231.384,439.918,199.823,432.214,173.622,487.872,284.044,483.943,235.195,480.211,204.101,476.006,178.886,511.975,295.833,520.039,260.421,522.924,235.977,524.456,213.751
UNKNOWN,261009-145659-UNKNOWN-1,500.666,410.732,457.738,399.013,426.566,365.177,436.051,336.42,459.122,324.64,434.127,303.282,410.083,261.866,394.561,235.873,381.965,212.959,457.959,293.094,441.004,242.628,429.647,211.258,419.803,184.746,482.4,295.25,475.195,245.17,468.583,213.784,461.427,187.963,507.197,306.972,513.627,270.439,515.535,245.279,515.518,222.408
UNKNOWN,261009-145659-UNKNOWN-1,509.003,417.611,469.132,399.972,440.384,367.92,450.201,343.922,473.065,333.675,446.018,305.355,424.3,261.44,412.218,234.305,402.779,210.58,472.914,297.287,459.099,243.91,450.028,211.575,442.129,184.652,500.606,302.997,497.362,250.428,494.518,217.401,490.379,189.894,527.324,319.265,537.252,282.782,541.654,257.869,543.86,235.424
UNKNOWN,261009-145659-UNKNOWN-1,512.126,412.692,473.815,392.096,451.221,357.337,466.418,332.356,488.955,321.833,460.355,298.113,443.6,252.07,434.581,223.896,427.134,199.353,489.46,291.803,481.799,236.712,476.238,203.255,469.919,174.802,517.945,299.519,519.789,246.258,520.173,212.261,517.983,183.293,544.837,317.35,560.047,281.091,568.285,256.332,573.66,233.715
UNKNOWN,261009-145659-UNKNOWN-1,513.03,403.411,473.076,384.908,449.769,350.613,462.854,323.874,482.505,309.827,461.793,290.554,446.345,243.81,438.274,214.506,432.238,189.884,490.963,283.945,484.806,228.516,480.497,194.859,475.478,166.51,518.764,290.433,521.409,237.452,522.596,204.082,521.033,176.705,545.378,306.946,561.413,269.738,569.731,244.846,574.555,222.263
UNKNOWN,261009-145659-UNKNOWN-1,509.508,396.486,468.681,377.983,444.322,342.906,460.786,316.52,483.113,304.483,456.019,286.206,439.522,240.671,431.13,212.288,424.844,188.623,484.137,278.333,475.723,224.405,470.238,191.814,465.036,164.594,511.164,283.164,511.727,232.381,511.241,200.278,509.189,173.787,537.336,297.274,550.676,261.2,557.31,236.924,561.34,214.311
UNKNOWN,261009-145659-UNKNOWN-1,503.483,397.226,462.194,380.066,436.319,345.255,452.572,318.143,477.492,308.453,444.33,288.361,424.827,245.639,413.929,218.705,405.513,195.48,470.795,279.615,459.2,228.62,451.3,196.769,444.072,169.971,496.945,283.469,494.41,234.061,491.539,202.78,487.58,176.948,522.631,296.296,533.153,259.38,537.937,234.363,540.475,211.233
UNKNOWN,261009-145659-UNKNOWN-1,505.06,398.628,464.626,381.044,439.115,346.8,452.305,321.362,473.3,311.529,446.123,289.952,425.624,247.036,414.412,220.169,405.657,196.722,472.814,281.571,460.482,230.07,452.871,198.468,445.605,171.385,499.63,285.406,496.292,235.491,493.504,203.818,489.018,177.096,526.147,298.458,536.153,260.728,541.001,235.35,543.14,212.07
UNKNOWN,261009-145659-UNKNOWN-1,511.501,399.237,471.4,380.6,446.671,344.063,461.08,316.577,483.011,305.17,454.613,288.872,435.995,243.817,426.61,215.764,419.706,191.535,482.107,280.864,471.755,227.19,465.537,194.552,459.457,166.59,509.244,285.49,507.678,233.814,506.495,201.002,503.298,173.637,536.144,299.415,548.663,261.428,554.997,235.741,558.38,212.303
UNKNOWN,261009-145659-UNKNOWN-1,513.811,404.66,473.899,384.643,451.718,348.419,465.362,318.842,484.343,301.485,462.445,290.24,446.85,243.455,439.219,214.153,433.826,189.143,492.15,283.52,485.099,227.792,480.797,193.717,476.296,164.96,520.568,290.847,523.267,237.207,524.624,203.314,523.638,174.92,547.731,308.566,564.128,272.1,573.15,247.335,579.125,224.778
UNKNOWN,261009-145659-UNKNOWN-1,509.368,417.549,471.735,398.926,446.64,368.415,452.505,344.866,467.784,332.323,460.345,301.387,443.99,255.501,435.521,226.805,428.941,201.87,489.346,294.876,482.817,239.304,478.2,204.27,473.276,174.224,517.566,303.249,521.865,250.305,524.877,216.026,525.003,187.322,544.261,322.819,563.31,288.182,573.733,263.822,581.185,241.344
UNKNOWN,261009-145659-UNKNOWN-1,505.171,420.052,464.991,403.046,438.45,371.294,451.847,346.315,475.544,334.084,447.521,307.435,427.752,263.759,416.422,235.98,407.826,211.703,475.612,299.822,465.867,246.152,458.679,212.459,452.075,183.362,503.388,306.409,504.412,253.541,504.741,219.985,503.318,191.573,529.947,323.347,544.343,287.799,552.019,263.017,557.256,239.899
UNKNOWN,261009-145659-UNKNOWN-1,502.053,403.821,461.805,387.6,434.613,353.486,445.741,324.685,466.567,311.095,441.412,295.306,419.416,251.908,406.652,224.651,397.196,201.198,468.361,286.355,455.877,232.748,447.914,199.764,441.03,172.299,495.247,290.497,493.425,238.235,490.915,205.437,487.175,178.273,521.445,304.587,534.699,268.069,540.799,242.492,544.345,219.089
UNKNOWN,261009-145659-UNKNOWN-1,506.86,391.927,466.686,372.402,441.571,337.276,455.612,311.78,478.682,302.565,448.63,280.223,429.321,237.124,418.639,210.134,410.333,186.698,476.051,271.849,464.765,219.865,457.208,187.899,449.868,161.125,503.848,276.707,502.59,225.783,500.879,192.925,497.225,165.248,530.814,291.634,543.085,253.866,549.575,228.194,553.65,204.842
UNKNOWN,261009-145659-UNKNOWN-2,178.823,348.936,214.498,335.349,236.06,309.776,226.507,280.838,211.109,261.914,245.836,257.241,274.601,220.571,289.197,195.846,300.975,173.53,217.638,243.223,233.457,197.585,242.476,166.894,249.828,140.896,188.16,245.221,188.554,199.241,191.255,169.067,195.66,142.906,159.449,260.043,135.888,233.258,118.136,215.96,104.607,198.614
UNKNOWN,261009-145659-UNKNOWN-2,184.164,353.396,221.138,340.075,242.299,312.469,229.502,283.571,209.838,267.28,252.465,260.632,283.136,223.89,298.813,199.01,311.402,176.606,224.739,245.762,241.282,198.866,250.884,167.001,258.49,140.477,195.897,247.598,196.409,200.698,198.879,169.826,203.105,143.14,167.802,262.681,143.947,236.193,125.99,218.825,112.453,201.246
UNKNOWN,261009-145659-UNKNOWN-2,190.443,335.79,227.697,321.51,253.744,293.74,245.64,262.423,229.021,244.28,263.734,241.6,293.776,205.681,309.786,181.235,322.369,159.795,237.573,227.347,255.565,183.043,265.604,151.847,273.169,125.768,208.616,228.206,212.168,183.574,215.214,152.692,218.766,126.508,179.105,241.361,157.135,214.067,139.951,195.77,126.069,177.744
UNKNOWN,261009-145659-UNKNOWN-2,183.479,313.891,220.996,296.431,241.25,265.031,224.839,233.478,204.631,217.776,251.595,220.905,280.404,184.556,295.448,160.587,307.487,139.921,225.038,207.706,242.65,163.731,251.556,134.005,258.883,109.944,197.308,209.233,199.895,166.338,203.526,136.979,208.59,112.765,169.275,222.738,146.231,196.107,128.835,178.477,115.439,161.71
UNKNOWN,261009-145659-UNKNOWN-2,163.91,331.944,199.206,314.502,219.448,285.95,209.093,255.857,193.497,238.808,228.839,234.2,256.789,195.611,270.842,170.107,282.667,148.027,200.427,221.831,216.373,176.451,224.525,145.895,231.675,120.857,171.631,224.769,173.903,179.236,176.077,149.706,179.706,125.277,144.167,240.423,120.694,213.417,102.636,196.518,88.61,180.222
UNKNOWN,261009-145659-UNKNOWN-2,164.449,368.664,199.391,353.631,221.484,329.305,211.458,300.61,196.312,283.146,229.069,272.481,256.935,233.878,271.017,207.498,282.339,184.48,200.437,259.1,216.387,211.201,224.321,179.118,230.812,152.327,170.568,262.657,170.804,215.299,171.943,183.846,174.601,157.062,141.21,279.61,115.57,252.637,97.223,234.978,83.181,217.553
UNKNOWN,261009-145659-UNKNOWN-2,176.957,378.678,210.292,364.751,229.845,341.569,220.373,314.101,204.912,294.658,240.309,283.893,270.184,245.882,284.868,220.019,296.403,196.592,211.72,269.641,227.543,220.891,235.788,187.945,242.499,159.778,181.595,272.546,180.929,224.593,182.14,191.983,185.381,163.603,151.873,288.903,126.727,262.323,107.918,244.754,93.697,227.238
UNKNOWN,261009-145659-UNKNOWN-2,188.331,371.212,222.637,358.055,245.589,333.665,237.419,304.813,221.365,284.591,256.9,278.685,288.376,241.601,304.686,216.587,317.441,194.387,228.638,263.403,246.574,214.725,256.627,182.381,264.411,155.064,198.622,265.149,200.865,217.113,204.041,183.979,208.677,155.378,168.928,280.193,146.68,251.343,129.63,232.185,116.782,213.321
UNKNOWN,261009-145659-UNKNOWN-2,188.888,354.024,223.501,342.413,246.63,319.437,243.009,292.108,231.587,273.302,260.362,262.87,291.325,225.888,308.23,201.264,321.683,179.431,233.826,248.319,253.319,201.701,263.964,169.663,272.059,142.512,204.442,249.082,209.097,203.025,212.419,171.421,216.835,144.694,174.357,262.582,153.154,233.971,136.197,215.217,123.127,197.132
UNKNOWN,261009-145659-UNKNOWN-2,178.361,327.843,213.94,313.259,235.297,287.727,225.47,260.45,210.3,243.999,245.883,235.534,275.204,198.46,290.705,174.297,303.022,153.081,219.843,222.236,239.206,177.059,249.079,146.945,256.923,121.726,191.711,223.596,195.488,179.957,199.383,150.137,205.023,124.954,162.758,237.04,140.74,209.163,124.266,190.941,112.281,173.192
UNKNOWN,261009-145659-UNKNOWN-2,162.695,333.947,196.749,316.953,215.907,288.05,206.12,256.612,191.022,239.01,227.116,235.502,252.619,196.038,265.613,170.355,276.315,147.596,199.123,223.686,213.761,177.757,221.619,146.786,228.901,120.538,170.187,226.813,171.13,181.273,171.715,151.177,174.51,125.767,142.086,242.007,121.709,213.98,105.674,196.031,93.673,178.597
UNKNOWN,261009-145659-UNKNOWN-2,155.273,355.37,190.767,338.941,212.116,309.7,197.381,277.476,179.064,258.685,219.355,255.959,235.291,212.657,243.24,184.358,249.4,159.848,191.355,246.221,200.366,197.348,204.841,165.509,209.288,138.755,164.752,248.579,170.159,202.214,174.607,172.506,179.83,147.708,137.422,260.751,132.418,226.589,130.413,203.189,130.545,181.367
UNKNOWN,261009-145659-UNKNOWN-2,161.883,365.409,197.941,349.204,218.038,320.804,199.901,289.866,176.871,274.693,220.828,266.14,231.142,220.868,235.574,191.877,238.433,166.473,193.632,258.517,203.878,209.412,209.878,177.307,215.794,149.645,167.836,261.772,174.29,215.804,180.851,186.273,187.879,161.594,140.678,273.068,138.482,238.229,139.295,214.207,142.073,191.669
UNKNOWN,261009-145659-UNKNOWN-2,169.206,366.837,205.93,352.533,226.804,322.648,210.054,289.821,187.569,271.8,232.844,266.512,242.504,221.223,246.453,191.772,248.756,166.133,207.414,257.331,219.53,208.029,226.084,176.028,231.994,148.949,182.527,259.534,191.711,214.299,199.605,185.029,207.051,160.634,156.202,269.972,160.6,235.51,166.29,212.786,172.846,191.955
UNKNOWN,261009-145659-UNKNOWN-2,176.015,343.596,213.833,330.939,238.972,302.79,229.17,271.307,210.691,250.509,242.598,247.468,252.312,203.08,255.562,174.417,257.931,149.566,217.433,238.509,230.079,191.233,236.452,159.715,243.051,132.845,192.646,239.864,203.668,196.066,211.178,167.97,218.958,144.49,167.011,249.142,173.912,216.708,180.89,195.656,189.073,176.325
UNKNOWN,261009-145659-UNKNOWN-2,169.993,323.059,209.011,308.058,232.066,277.179,219.593,244.059,197.989,227.192,237.273,225.518,246.504,182.877,249.26,155.788,250.68,131.345,214.159,216.401,226.321,171.562,231.59,141.654,235.887,115.219,191.473,217.071,202.477,176.253,208.782,150.341,213.841,127.838,166.484,225.052,173.913,194.205,180.638,174.604,186.739,156.842
UNKNOWN,261009-145659-UNKNOWN-2,161.197,312.459,199.972,292.238,221.289,259.71,208.091,228.744,187.056,214.261,221.076,210.59,228.318,169.603,231.157,143.442,233.743,119.719,197.515,203.483,207.009,159.863,211.736,130.467,217.038,103.915,175.038,205.934,184.537,165.263,190.968,139.246,197.058,116.87,151.193,215.554,157.667,184.63,164.714,164.05,172.022,145.526
UNKNOWN,261009-145659-UNKNOWN-2,146.405,327.363,180.833,312.562,199.941,280.903,188.085,246.675,167.157,225.799,203.049,227.314,209.168,183.049,210.478,155.048,211.747,129.977,178.517,220.941,186.767,174.658,190.475,143.831,195.096,116.657,155.076,223.566,163.395,180.989,169.499,153.369,175.218,130.687,131.062,233.01,137.153,199.963,143.038,178.189,149.188,158.828
UNKNOWN,261009-145659-UNKNOWN-2,150.251,349.682,187.515,329.573,203.111,297.195,188.075,265.47,168.475,246.936,203.485,248.849,208.58,204.251,210.628,175.92,212.142,150.798,178.582,242.327,186.003,193.703,190.003,161.85,194.797,134.556,154.575,245.28,161.205,200.639,166.902,171.952,172.862,148.784,129.459,255.715,134.17,221.6,139.818,199.051,146.283,179.172
UNKNOWN,261009-145659-UNKNOWN-2,155.565,362.367,193.827,344.392,213.906,312.277,198.071,278.05,175.704,262.175,217.668,258.969,224.313,214.891,226.135,186.11,227.282,160.687,192.463,250.949,202.069,202.59,206.684,170.476,211.81,142.687,167.751,253.566,175.928,208.378,181.968,179.354,188.062,155.194,141.865,263.939,146.955,229.599,152.521,206.851,158.817,186.071
UNKNOWN,261009-145659-UNKNOWN-2,161.718,345.979,199.301,332.324,224.583,302.714,215.342,268.489,198.646,244.951,227.306,245.524,236.129,200.51,238.676,171.776,241.193,146.142,201.686,237.481,213.25,189.93,218.981,157.95,225.668,129.814,176.91,239.454,187.715,195.964,195.208,167.445,203.031,143.514,151.295,249.182,158.827,216.031,165.855,194.522,173.829,174.76
UNKNOWN,261009-145659-UNKNOWN-2,156.747,334.357,194.486,318.756,220.1,286.348,209.907,250.684,189.601,230.853,221.93,231.884,231.705,187.574,234.466,159.238,236.521,133.98,197.667,223.718,209.701,177.228,214.795,145.63,219.774,118.319,174.421,225.591,185.385,182.295,191.917,153.903,197.732,130.056,149.415,234.902,156.414,202.071,163.305,180.277,170.122,160.684
UNKNOWN,261009-145659-UNKNOWN-2,148.988,333.85,186.288,316.127,207.575,282.952,194.971,249.985,174.297,231.605,209.386,227.8,216.4,183.193,218.578,154.703,220.728,128.9,184.35,221.0,193.3,174.537,197.922,143.118,203.48,115.202,160.44,224.301,169.331,181.491,176.164,153.211,182.733,128.966,135.786,234.887,142.46,202.183,149.037,180.164,155.989,159.914
UNKNOWN,261009-145659-UNKNOWN-2,148.761,353.025,187.659,338.252,208.721,308.326,197.255,274.726,179.433,257.446,207.778,248.617,214.676,202.989,216.235,174.441,216.852,149.001,182.004,242.87,191.58,193.294,195.431,160.59,199.124,132.387,157.292,246.782,165.743,201.139,171.58,171.35,176.756,146.634,131.319,257.958,137.715,222.789,143.764,199.827,149.899,179.087
UNKNOWN,261009-145659-UNKNOWN-2,156.473,357.897,197.278,343.64,224.753,312.357,209.358,280.613,186.762,265.589,215.601,253.891,223.066,208.016,224.718,179.489,225.069,153.908,191.466,248.753,202.144,200.019,206.148,167.241,208.837,139.249,169.068,252.819,178.838,207.374,184.498,177.814,188.705,152.808,145.297,264.043,152.234,229.427,158.401,206.92,163.902,186.086
UNKNOWN,261009-145659-UNKNOWN-2,165.453,350.11,204.819,334.636,231.58,302.78,216.472,273.531,194.908,259.715,222.903,246.132,230.114,202.584,231.913,175.145,232.116,150.433,201.667,241.386,211.924,194.585,216.007,163.089,218.298,136.334,180.985,245.742,190.847,200.796,196.065,172.27,199.586,148.255,158.127,257.395,165.979,222.49,171.939,200.164,176.678,179.496
UNKNOWN,261009-145659-UNKNOWN-2,169.996,340.126,208.778,327.231,237.754,292.147,226.382,261.374,201.734,252.015,226.12,236.84,233.317,195.161,235.033,168.357,235.176,144.746,206.538,231.937,216.712,187.566,221.795,157.196,224.499,131.445,187.547,236.041,197.439,193.294,203.227,165.891,206.501,142.257,166.746,246.982,175.107,213.926,181.377,192.458,185.972,172.214
UNKNOWN,261009-145659-UNKNOWN-2,168.993,334.18,206.69,319.177,235.978,284.993,225.902,253.202,201.554,242.146,223.956,231.975,231.824,191.083,234.016,164.641,234.779,140.88,204.912,225.418,215.083,181.407,220.502,151.871,223.752,126.407,186.667,227.884,196.329,185.71,202.985,159.173,206.919,136.107,166.846,237.178,175.448,204.303,182.0,183.16,186.584,163.463
UNKNOWN,261009-145659-UNKNOWN-2,164.896,335.718,202.446,319.234,229.866,284.973,219.256,254.67,196.551,241.468,217.688,230.17,224.521,188.164,226.376,161.37,226.643,137.252,198.265,225.504,207.785,179.921,212.51,149.645,215.037,123.529,179.276,229.732,188.154,185.313,193.912,157.998,197.312,134.237,158.235,240.702,165.507,206.47,171.929,184.329,176.802,163.368
UNKNOWN,261009-145659-UNKNOWN-2,162.565,339.103,200.715,324.141,227.836,290.477,215.089,260.799,190.859,249.698,216.121,233.833,222.13,190.992,223.264,163.573,222.831,139.134,195.598,229.29,204.326,183.17,208.182,152.267,210.012,126.08,176.162,233.887,184.003,189.92,188.721,162.226,191.042,138.62,155.12,245.437,161.53,211.538,166.816,189.697,170.302,169.299
UNKNOWN,261009-145659-UNKNOWN-2,161.599,341.805,199.579,324.794,226.742,289.019,213.237,258.019,188.013,246.965,213.992,235.044,219.727,191.923,220.765,164.536,220.452,140.028,193.76,231.113,202.361,184.643,206.502,153.808,208.442,127.235,174.854,236.428,182.885,192.279,188.009,164.133,190.535,139.786,154.393,248.73,161.586,214.725,167.388,192.365,171.019,171.479
UNKNOWN,261009-145659-UNKNOWN-2,161.195,339.493,198.492,321.991,225.807,287.539,209.342,257.636,182.577,248.307,213.52,233.88,219.395,189.529,220.257,161.568,219.857,136.785,191.966,229.035,199.817,181.995,203.116,150.232,204.821,123.256,172.132,233.391,178.607,188.42,182.839,159.901,185.333,135.842,150.517,244.813,155.362,210.168,160.398,187.804,164.223,167.447
UNKNOWN,261009-145659-UNKNOWN-2,152.446,334.371,193.515,319.131,218.74,286.653,202.793,252.928,184.188,235.532,212.293,230.883,218.31,185.353,218.457,156.625,217.869,130.934,187.444,225.265,195.878,177.52,198.605,145.573,200.756,118.325,164.764,228.162,172.705,185.034,176.809,156.649,179.777,132.758,140.541,237.53,145.813,204.1,151.029,182.161,155.851,161.772
UNKNOWN,261009-145659-UNKNOWN-2,152.274,336.344,189.764,319.38,209.818,286.642,193.41,253.2,170.236,234.759,210.521,231.045,216.779,185.723,217.638,156.63,218.308,130.437,185.221,223.881,193.525,176.321,197.37,144.417,202.087,116.172,160.819,227.073,168.25,183.302,174.856,154.326,181.39,130.026,135.555,237.772,140.564,204.396,146.605,181.931,153.428,161.285
UNKNOWN,261009-145659-UNKNOWN-2,153.414,340.235,186.67,323.164,204.047,290.31,188.732,256.117,165.589,238.897,209.451,232.244,213.84,187.413,214.803,158.521,215.845,132.442,185.116,224.919,191.371,177.394,194.375,144.916,198.445,116.354,161.39,228.146,167.397,184.659,173.239,155.166,179.184,130.905,136.847,239.032,140.688,204.622,145.411,181.305,150.938,160.3
UNKNOWN,261009-145659-UNKNOWN-2,155.231,340.323,185.901,325.21,200.185,292.795,185.62,259.434,163.576,241.31,207.509,230.52,210.722,184.87,211.086,155.389,211.549,129.051,183.994,223.63,189.327,175.742,191.133,143.147,194.06,115.264,161.009,227.114,166.601,183.235,170.793,153.883,175.706,129.745,137.653,237.925,140.872,203.795,144.312,180.904,148.955,160.424
UNKNOWN,261009-145659-UNKNOWN-2,157.578,339.432,187.248,321.515,199.368,287.971,182.008,255.325,158.991,238.099,205.572,227.939,208.009,181.759,207.581,152.322,207.685,125.991,182.051,222.511,186.707,174.609,187.456,142.918,190.069,115.23,159.485,226.482,164.897,183.061,168.162,153.95,172.462,129.817,136.488,236.974,138.869,204.036,141.786,181.662,146.453,161.611
UNKNOWN,261009-145659-UNKNOWN-2,153.12,339.178,183.669,323.304,197.066,290.114,181.445,257.261,161.692,238.09,202.449,229.288,205.122,183.364,204.84,153.54,204.824,127.026,179.328,222.771,183.909,174.815,185.008,142.388,187.522,114.475,157.017,226.537,161.483,182.467,164.463,152.926,168.388,128.772,134.532,237.942,136.376,204.478,139.196,181.712,143.228,161.447
UNKNOWN,261009-145659-UNKNOWN-2,150.512,342.714,182.22,326.316,196.502,290.956,178.475,256.424,155.824,239.918,201.43,230.299,204.028,184.171,203.586,154.425,203.582,127.855,177.995,223.287,182.836,174.72,184.263,142.519,187.055,114.941,155.719,226.731,160.217,182.732,163.48,153.388,167.365,129.268,133.153,238.18,135.122,203.77,137.826,181.31,141.343,161.394
UNKNOWN,261009-145659-UNKNOWN-2,152.204,342.433,185.01,326.012,199.698,294.514,184.869,263.101,163.864,247.774,204.754,232.543,208.764,187.27,208.711,158.221,208.611,131.756,180.302,225.618,186.622,176.5,188.526,144.369,191.569,116.15,157.022,228.838,163.005,184.255,166.675,155.157,170.678,131.162,133.636,239.155,136.149,205.257,138.804,182.452,142.275,162.476
UNKNOWN,261009-145659-UNKNOWN-2,155.459,344.465,191.458,325.42,208.897,293.308,194.057,263.899,174.87,249.439,214.42,237.708,223.652,192.468,226.877,163.581,228.534,138.279,187.862,230.059,196.485,180.643,201.048,148.762,205.913,121.969,162.128,233.627,169.263,188.223,175.564,159.659,182.265,135.957,135.308,245.832,132.26,212.046,131.425,188.543,132.228,167.282
UNKNOWN,261009-145659-UNKNOWN-2,159.193,350.201,193.857,336.199,213.001,310.964,199.655,280.447,183.853,260.47,222.695,251.836,245.728,210.076,256.875,182.488,266.14,158.917,194.919,239.998,209.638,192.966,218.144,160.366,226.581,133.005,166.269,242.979,170.937,195.624,175.699,164.522,182.118,139.244,136.896,257.347,114.035,228.238,97.828,208.266,85.547,189.516
UNKNOWN,261009-145659-UNKNOWN-2,170.511,339.229,206.558,325.07,230.812,298.395,218.503,269.331,198.949,252.278,242.056,243.973,270.104,205.783,284.434,180.473,296.13,158.628,215.816,230.58,237.238,186.917,249.565,156.791,259.642,131.346,186.443,231.898,191.342,185.367,196.185,154.448,201.641,128.295,156.097,244.928,134.58,215.88,118.15,196.646,104.956,177.486
UNKNOWN,261009-145659-UNKNOWN-2,170.634,317.176,207.43,298.825,226.505,268.796,211.896,241.354,194.316,226.476,235.158,222.198,263.014,184.503,277.871,160.393,290.116,139.572,208.961,209.988,227.843,165.732,238.309,136.508,247.047,112.255,181.003,212.328,180.788,168.275,182.574,139.15,186.919,114.198,152.798,227.011,128.544,200.726,110.442,184.147,96.908,167.219
UNKNOWN,261009-145659-UNKNOWN-2,159.011,319.046,192.344,302.029,210.831,275.584,201.285,247.95,185.768,228.728,219.991,220.862,247.049,181.663,261.025,156.909,273.029,134.852,191.795,209.27,206.231,162.892,214.156,132.852,221.168,107.716,163.191,213.407,161.869,167.935,161.784,138.245,163.952,112.711,136.207,230.572,110.669,205.398,91.502,189.385,76.837,173.275
UNKNOWN,261009-145659-UNKNOWN-2,150.428,342.347,183.942,324.529,200.717,296.903,188.098,269.029,171.231,251.054,209.225,239.177,235.462,197.965,248.561,171.489,259.724,147.585,178.976,228.042,191.564,179.545,198.697,147.62,205.157,120.391,149.394,233.468,144.643,186.445,142.772,155.04,143.649,127.619,122.38,252.382,94.417,227.985,73.63,213.064,57.83,197.615
UNKNOWN,261009-145659-UNKNOWN-2,157.692,346.485,194.982,329.348,215.699,301.107,206.214,272.887,189.154,255.957,220.035,244.03,246.18,203.246,258.917,177.119,269.326,153.15,189.293,233.479,200.209,183.801,206.808,150.263,212.3,121.346,158.662,239.565,152.321,191.298,149.863,159.037,150.034,130.313,130.75,258.739,103.813,233.559,83.262,218.358,66.982,202.432
UNKNOWN,261009-145659-UNKNOWN-2,167.915,344.184,207.176,326.575,232.473,295.062,218.631,264.579,196.566,250.428,232.472,239.273,256.67,198.297,269.604,172.078,279.841,149.03,204.295,229.432,214.988,180.605,220.687,146.788,224.584,117.615,176.711,235.574,173.738,187.012,170.485,154.578,169.302,124.595,150.599,254.413,126.569,230.475,107.759,215.134,92.372,198.431
UNKNOWN,261009-145659-UNKNOWN-2,176.059,331.932,215.525,317.577,242.902,287.038,227.61,256.579,203.386,241.989,240.516,232.963,264.125,193.542,277.009,168.147,287.218,145.95,213.644,222.876,225.315,175.552,232.435,143.671,237.51,116.491,187.905,227.871,186.308,180.644,184.44,149.156,183.784,120.165,163.612,244.732,145.135,221.009,130.249,205.315,117.219,188.213
UNKNOWN,261009-145659-UNKNOWN-2,176.575,322.303,215.976,308.017,242.432,275.091,225.776,243.026,200.476,229.955,241.396,225.223,265.666,187.385,278.44,162.616,288.518,140.968,215.306,213.798,228.26,167.934,236.053,136.942,241.667,111.132,190.024,217.157,189.542,170.921,189.425,140.048,190.108,112.588,165.698,231.989,146.042,206.593,131.162,189.466,118.347,171.643
UNKNOWN,261009-145659-UNKNOWN-2,166.967,321.076,205.219,305.644,229.042,274.76,219.278,240.959,201.316,223.206,233.947,223.114,259.559,185.039,272.409,159.953,282.6,138.224,207.954,212.047,222.603,166.223,230.475,135.733,237.073,110.064,181.045,215.611,181.443,169.824,181.593,138.439,183.264,111.204,154.587,231.028,134.526,204.734,118.944,186.648,106.277,168.171
UNKNOWN,261009-145659-UNKNOWN-2,153.533,342.526,191.804,326.208,215.534,295.199,206.626,262.389,191.117,246.949,219.302,240.866,244.672,200.725,257.176,174.732,267.468,152.185,192.116,230.773,206.839,184.019,214.557,152.286,221.103,125.617,164.279,235.889,164.125,188.421,163.291,156.31,164.47,128.437,137.111,252.91,115.037,226.915,98.529,209.486,85.395,191.84
UNKNOWN,261009-145659-UNKNOWN-2,146.012,354.151,182.799,335.392,204.717,305.275,196.359,276.174,182.699,259.803,210.055,250.608,235.067,210.073,247.692,184.391,257.922,161.688,181.658,240.051,195.648,192.553,203.179,161.085,209.586,134.391,152.488,245.544,150.132,198.069,148.781,166.079,150.065,138.138,124.147,263.919,98.669,238.442,79.485,221.705,64.673,204.663
UNKNOWN,261009-145659-UNKNOWN-2,135.273,343.978,170.33,329.466,188.199,303.09,178.623,276.638,162.368,261.214,198.682,243.618,223.937,202.363,236.002,175.664,246.037,152.164,170.88,231.451,188.326,183.647,197.575,151.395,205.87,124.087,141.396,235.269,141.303,187.218,143.323,155.949,147.61,130.299,112.453,251.4,87.215,223.121,68.586,204.746,54.66,187.366
UNKNOWN,261009-145659-UNKNOWN-2,133.918,332.29,165.594,320.094,180.007,296.445,168.223,269.703,150.663,252.021,196.477,234.717,218.523,194.082,229.755,166.2,239.072,142.278,171.045,221.441,190.914,176.735,202.227,145.085,212.527,117.931,142.982,222.777,149.112,177.194,153.517,147.811,159.572,124.171,113.794,235.335,92.445,208.342,77.17,189.617,65.881,172.939
UNKNOWN,261009-145659-UNKNOWN-2,138.162,331.342,168.368,319.437,182.184,293.644,166.488,262.492,145.917,240.737,198.459,234.858,219.093,193.914,229.888,165.906,239.427,141.753,176.007,221.503,196.766,177.655,208.828,146.503,220.863,118.182,149.694,222.196,159.705,177.731,166.946,148.542,175.862,123.365,121.127,233.894,103.398,207.257,91.507,187.73,83.156,168.847
UNKNOWN,261009-145659-UNKNOWN-2,141.687,331.773,169.506,319.444,181.021,294.482,167.189,264.645,149.457,243.627,196.68,234.124,214.31,192.676,222.977,165.106,231.066,140.924,174.37,221.077,192.551,175.051,203.011,143.805,214.573,115.421,148.279,221.748,158.825,176.387,165.65,147.174,174.511,121.98,120.53,233.47,104.762,207.061,93.737,188.003,85.538,169.367
UNKNOWN,261009-145659-UNKNOWN-2,139.28,335.643,166.241,324.798,177.681,299.052,164.204,267.972,145.702,243.259,190.01,239.956,206.746,197.565,214.508,169.643,222.085,144.736,168.117,226.819,184.535,179.088,193.727,146.68,203.742,116.845,143.083,227.723,151.897,179.804,157.425,149.587,164.434,123.566,116.675,240.026,100.226,212.877,88.362,193.751,78.839,175.374
UNKNOWN,261009-145659-UNKNOWN-2,145.515,344.296,173.909,332.255,186.765,304.772,170.17,272.106,151.863,249.788,197.784,248.886,214.507,207.754,222.758,179.668,229.542,155.225,174.425,234.566,191.386,186.231,199.746,153.981,208.249,124.569,148.147,234.918,156.717,185.432,161.359,154.809,167.144,128.412,119.792,247.814,101.799,218.674,89.073,199.463,79.412,180.278
UNKNOWN,261009-145659-UNKNOWN-2,156.573,347.332,190.569,336.99,207.758,315.799,200.256,292.129,188.787,279.943,216.13,254.714,238.924,214.84,250.251,188.576,258.573,164.425,188.229,240.251,204.606,191.638,213.982,158.095,222.214,128.972,158.359,241.601,162.76,191.131,166.83,158.733,172.791,132.199,128.613,254.994,105.198,223.908,89.095,203.922,77.889,185.441
UNKNOWN,261009-145659-UNKNOWN-2,168.073,330.23,203.894,315.721,226.321,290.282,217.129,263.356,202.059,247.841,233.687,235.78,259.801,196.001,273.211,169.162,283.04,145.468,206.142,222.437,222.999,174.228,232.262,141.531,238.965,113.676,175.978,224.959,175.34,176.626,176.944,143.179,179.667,114.278,145.992,239.868,121.218,210.586,102.096,191.836,86.958,172.903
UNKNOWN,261009-145659-UNKNOWN-2,172.81,320.951,209.701,309.075,234.366,282.576,226.315,251.823,210.853,233.358,244.959,224.223,265.214,183.916,275.58,157.55,283.762,134.573,218.331,212.867,233.458,166.162,241.995,135.387,249.545,109.145,191.185,214.272,201.297,169.196,208.004,139.293,215.042,113.883,163.587,225.038,162.634,190.88,162.682,166.814,164.703,144.165
UNKNOWN,261009-145659-UNKNOWN-2,172.337,327.549,211.127,316.111,234.548,285.906,229.035,252.842,218.319,229.898,241.495,227.614,253.254,183.031,257.922,155.146,261.088,130.597,216.784,219.515,230.497,172.085,237.354,141.076,243.593,114.714,191.815,221.3,204.459,177.3,212.989,149.206,220.395,125.63,165.435,230.134,175.187,196.705,182.961,174.581,191.017,154.051
UNKNOWN,261009-145659-UNKNOWN-2,169.444,339.101,206.85,327.09,229.257,296.756,219.395,262.472,199.773,241.426,236.272,237.928,245.334,192.05,248.415,163.224,250.827,137.886,210.866,229.881,222.344,181.924,228.719,150.369,235.38,123.291,185.358,232.102,197.258,187.654,205.786,159.173,213.654,135.359,158.772,241.552,168.213,208.155,175.975,186.201,184.164,166.065
UNKNOWN,261009-145659-UNKNOWN-2,168.147,345.278,205.976,332.432,229.308,301.462,218.56,265.729,200.002,244.546,236.662,244.678,245.594,198.966,248.14,169.698,250.324,144.025,211.432,236.185,222.528,187.572,228.378,155.658,234.404,128.476,186.314,237.92,196.46,193.268,204.852,164.468,212.393,140.845,159.928,247.001,168.196,212.932,175.718,190.539,183.22,170.243
UNKNOWN,261009-145659-UNKNOWN-2,166.875,340.259,205.018,326.607,233.078,296.062,223.033,260.277,204.875,236.455,236.538,238.738,246.267,193.233,249.116,164.4,251.421,138.958,211.004,229.844,223.506,182.45,229.484,151.08,235.476,124.575,186.364,231.253,198.71,188.339,207.024,159.72,215.01,135.533,159.959,240.335,169.179,207.34,177.014,186.189,185.499,166.587
UNKNOWN,261009-145659-UNKNOWN-2,156.996,325.318,196.594,309.126,221.483,274.932,206.193,239.687,183.766,223.33,223.86,222.256,232.171,177.261,234.556,148.605,236.848,123.343,198.343,213.889,208.901,166.45,214.401,134.868,220.217,107.988,174.265,215.698,184.013,172.874,191.558,144.255,198.336,120.594,148.94,224.881,156.308,191.289,163.982,169.233,171.496,149.481
UNKNOWN,261009-145659-UNKNOWN-2,151.423,328.808,189.12,313.415,210.797,281.332,202.028,244.908,183.344,223.936,215.767,223.84,222.147,178.149,223.093,149.138,224.406,123.23,190.107,216.785,197.919,168.559,201.627,136.789,206.842,108.356,164.714,219.665,173.146,176.217,180.333,147.383,186.901,123.406,138.756,229.509,145.875,195.988,152.48,173.452,159.352,153.13
UNKNOWN,261009-145659-UNKNOWN-2,154.174,338.904,192.72,321.19,212.781,288.365,197.454,254.761,175.361,236.984,214.589,234.839,221.204,188.616,223.001,159.052,224.18,133.206,188.901,228.068,197.128,178.348,201.687,145.889,206.77,118.177,164.288,231.252,171.196,185.438,177.869,155.459,184.275,131.034,138.514,242.067,143.567,207.07,149.494,183.62,155.889,162.519
UNKNOWN,261009-145659-UNKNOWN-2,154.788,347.628,191.014,333.981,210.897,302.622,196.749,265.757,174.204,246.109,220.337,245.201,228.692,198.609,230.56,168.316,231.801,141.65,194.651,236.725,205.153,186.923,209.834,154.19,214.978,126.177,169.142,238.562,178.202,193.198,185.418,163.015,192.315,138.428,142.793,247.935,149.85,213.388,156.199,190.197,162.838,169.51
UNKNOWN,261009-145659-UNKNOWN-2,157.219,342.227,194.441,329.32,218.622,300.338,214.346,265.705,204.915,238.473,224.673,240.244,233.462,194.234,235.5,164.852,237.514,138.612,198.916,231.822,209.748,182.61,215.353,150.287,222.148,121.908,173.237,233.965,183.507,189.151,191.492,160.181,199.915,135.62,146.749,243.911,154.464,209.863,161.657,187.477,170.085,166.648
UNKNOWN,261009-145659-UNKNOWN-2,154.927,324.025,194.25,307.898,217.781,275.125,198.901,242.474,173.85,227.815,219.946,221.799,228.366,176.553,230.768,147.926,232.726,122.771,193.71,213.819,204.801,166.486,210.477,134.652,216.352,107.476,169.339,215.982,179.808,172.68,187.725,143.85,195.337,119.509,143.973,225.628,151.017,192.489,158.42,170.868,166.255,151.139
UNKNOWN,261009-145659-UNKNOWN-2,151.107,326.565,189.13,310.519,210.541,279.888,200.149,246.712,183.79,224.003,213.862,223.459,221.171,177.223,223.585,148.234,225.93,122.375,188.301,216.252,197.384,167.645,202.516,135.519,209.01,107.173,163.152,218.918,172.286,174.613,179.987,145.701,187.97,121.423,137.043,228.853,143.96,195.488,150.775,172.722,158.528,151.555
UNKNOWN,261009-145659-UNKNOWN-2,154.64,344.143,193.453,325.473,211.875,291.32,194.65,257.481,169.65,242.116,216.085,241.282,224.768,194.917,227.89,165.651,229.824,139.87,190.188,233.516,200.601,183.403,205.968,150.808,211.456,122.929,164.904,235.904,173.514,190.076,181.365,160.016,188.521,135.029,138.498,245.598,145.052,210.313,152.154,187.085,159.439,166.298
UNKNOWN,261009-145659-UNKNOWN-2,156.112,348.469,193.221,336.195,215.688,307.28,200.725,273.153,179.448,251.649,223.496,245.689,233.199,200.453,236.379,170.995,238.904,144.517,197.615,236.666,209.366,187.509,215.769,154.974,222.485,126.555,172.063,238.776,182.024,193.925,190.434,164.199,198.699,138.821,145.213,248.7,152.523,214.198,159.683,191.521,167.845,170.317
UNKNOWN,261009-145659-UNKNOWN-2,158.756,333.538,197.902,320.167,223.524,290.496,212.393,256.188,193.688,233.285,226.53,231.273,236.32,185.132,239.229,155.76,241.734,129.927,200.55,222.773,212.567,174.066,218.858,141.371,225.632,113.685,175.119,224.483,186.861,179.776,195.122,150.91,203.41,126.836,148.974,233.819,157.152,200.88,164.614,179.159,172.965,159.117
UNKNOWN,261009-145659-UNKNOWN-2,155.537,323.848,194.471,307.747,218.247,275.607,201.477,242.006,177.535,225.264,221.786,221.651,231.713,175.82,234.636,146.722,236.606,121.151,196.47,213.735,208.468,165.95,214.109,133.741,219.24,106.334,172.285,215.88,183.199,172.215,190.826,142.962,197.669,118.497,146.25,225.472,153.148,191.971,160.532,169.768,168.127,149.71
UNKNOWN,261009-145659-UNKNOWN-2,149.934,327.507,188.039,311.219,208.953,280.057,196.038,245.349,174.352,225.857,213.439,222.347,221.897,176.998,224.193,148.29,226.249,122.347,187.354,214.705,197.087,166.796,202.283,134.656,208.473,106.46,161.631,217.57,171.372,173.781,179.511,144.947,187.606,120.676,134.767,227.742,142.283,194.164,149.382,171.563,157.128,150.982
UNKNOWN,261009-145659-UNKNOWN-2,146.762,344.254,185.337,328.774,206.301,295.708,190.416,261.302,166.072,243.786,209.414,237.893,218.177,191.95,221.319,162.825,223.536,137.01,183.571,230.347,193.901,180.431,199.285,148.075,204.598,120.361,158.689,233.53,167.893,187.82,175.112,158.227,181.394,133.76,132.439,244.646,138.825,209.416,145.293,185.972,151.882,164.864
UNKNOWN,261009-145659-UNKNOWN-2,149.046,365.263,188.207,352.391,209.94,321.573,193.559,286.103,169.355,266.298,216.068,260.115,225.21,212.82,228.693,182.362,231.334,155.334,189.566,251.412,200.711,200.159,206.587,166.663,212.507,137.664,163.849,253.93,173.303,207.132,180.873,176.041,187.603,150.122,136.711,264.611,144.323,228.641,151.058,205.057,157.789,183.743
UNKNOWN,261009-145659-UNKNOWN-2,156.452,365.215,196.066,351.155,221.244,320.674,211.188,286.105,194.319,262.881,225.528,260.875,235.761,213.929,239.18,183.873,241.82,157.167,198.852,252.166,210.753,201.087,216.809,167.801,223.087,138.842,172.33,254.795,182.817,207.73,190.94,177.325,198.824,151.485,144.566,265.523,152.43,229.7,160.053,206.154,168.629,184.086
UNKNOWN,261009-145659-UNKNOWN-2,158.18,350.132,195.808,336.654,223.594,305.245,216.541,267.975,199.656,241.469,226.44,246.639,236.935,199.283,239.877,169.348,242.128,142.738,200.298,237.596,212.913,188.05,218.886,154.449,224.65,126.273,174.891,238.835,186.803,193.573,194.094,163.975,201.365,139.068,147.869,247.479,155.884,213.015,163.176,191.044,171.542,170.94
UNKNOWN,261009-145659-UNKNOWN-2,154.039,335.235,192.757,321.242,218.074,290.322,200.86,256.481,177.316,238.03,221.374,231.774,231.266,184.974,234.147,155.509,236.146,129.314,195.538,223.74,207.719,175.087,213.032,141.814,217.937,113.552,171.003,225.962,182.269,181.889,189.374,152.351,196.05,127.112,144.793,235.311,152.319,201.532,159.347,179.139,166.798,158.116
UNKNOWN,261009-145659-UNKNOWN-2,147.3,335.09,185.63,319.919,209.397,286.675,194.017,251.34,168.991,233.016,214.23,227.876,222.628,180.921,224.451,150.942,226.031,124.092,187.411,220.225,197.497,171.62,202.365,138.454,207.817,110.089,161.626,223.111,171.918,178.806,179.618,148.872,187.123,123.419,135.088,233.243,142.564,198.637,149.041,175.66,156.366,154.493
UNKNOWN,261009-145659-UNKNOWN-2,144.854,344.293,181.456,329.893,202.139,299.168,193.433,265.388,177.597,241.662,207.615,238.108,216.104,192.26,218.707,163.282,220.888,137.169,181.349,230.705,191.257,181.062,196.208,148.363,202.007,119.452,155.329,233.661,165.194,188.073,172.498,158.169,179.435,133.176,128.492,243.981,135.869,209.174,142.447,185.621,149.835,164.039
UNKNOWN,261009-145659-UNKNOWN-2,142.606,355.68,179.974,339.573,200.302,309.217,192.425,277.129,178.301,255.935,203.78,247.516,211.902,201.089,214.44,171.265,216.123,144.486,177.093,240.513,186.582,190.591,191.536,157.511,197.337,127.94,150.811,244.175,159.583,198.392,166.807,168.264,174.006,142.291,123.968,255.756,130.408,220.789,136.215,197.242,142.697,175.182
